id,vehicle_id,assembly_stage,cycle_time_mins,defect_detected,recorded_at
1,7,Final Assembly,115,false,2025-02-10 00:00:00
2,10,Battery Integration,25,false,2025-07-31 00:00:00
3,1,Stamping,101,false,2025-02-01 00:00:00
4,3,Quality Inspection,67,false,2025-05-12 00:00:00
5,8,Final Assembly,43,false,2025-12-14 00:00:00
6,8,Quality Inspection,115,false,2025-02-21 00:00:00
7,4,Stamping,101,false,2025-04-15 00:00:00
8,5,Painting,25,false,2026-02-13 00:00:00
9,2,Painting,89,false,2025-10-26 00:00:00
10,7,Painting,42,false,2025-06-09 00:00:00
11,6,Quality Inspection,47,false,2026-01-12 00:00:00
12,3,Drive Unit Install,53,false,2025-08-05 00:00:00
13,11,Quality Inspection,43,false,2026-02-06 00:00:00
14,7,Battery Integration,99,false,2025-02-18 00:00:00
15,11,Drive Unit Install,37,false,2025-05-10 00:00:00
16,9,Final Assembly,22,false,2025-12-13 00:00:00
17,11,Painting,22,false,2025-12-08 00:00:00
18,9,Final Assembly,45,false,2025-01-24 00:00:00
19,6,Drive Unit Install,76,false,2025-12-23 00:00:00
20,6,Stamping,92,false,2025-10-26 00:00:00
21,2,Welding,46,false,2026-01-15 00:00:00
22,11,Welding,91,false,2026-04-06 00:00:00
23,5,Painting,67,false,2025-04-27 00:00:00
24,10,Quality Inspection,80,false,2025-06-04 00:00:00
25,11,Welding,74,false,2026-01-26 00:00:00
26,6,Drive Unit Install,29,false,2025-12-05 00:00:00
27,1,Quality Inspection,114,false,2026-02-04 00:00:00
28,11,Quality Inspection,26,false,2026-02-06 00:00:00
29,9,Final Assembly,97,false,2025-07-26 00:00:00
30,9,Battery Integration,31,false,2025-06-10 00:00:00
31,5,Stamping,60,false,2025-05-15 00:00:00
32,7,Painting,52,false,2025-09-14 00:00:00
33,11,Quality Inspection,111,false,2026-02-24 00:00:00
34,1,Final Assembly,50,false,2025-10-06 00:00:00
35,4,Final Assembly,101,false,2025-08-21 00:00:00
36,10,Welding,39,false,2025-04-27 00:00:00
37,7,Stamping,83,false,2026-03-11 00:00:00
38,1,Welding,22,false,2025-12-19 00:00:00
39,7,Stamping,56,false,2025-07-28 00:00:00
40,7,Welding,61,false,2026-04-02 00:00:00
41,10,Welding,33,false,2025-03-23 00:00:00
42,2,Battery Integration,102,false,2025-03-20 00:00:00
43,5,Drive Unit Install,22,false,2025-12-16 00:00:00
44,7,Painting,74,false,2025-05-04 00:00:00
45,6,Welding,120,false,2025-03-11 00:00:00
46,9,Drive Unit Install,80,false,2025-10-25 00:00:00
47,3,Stamping,19,false,2026-01-11 00:00:00
48,3,Battery Integration,84,false,2025-05-12 00:00:00
49,5,Drive Unit Install,63,false,2025-12-25 00:00:00
50,10,Final Assembly,78,false,2025-05-11 00:00:00
51,3,Stamping,102,false,2025-08-08 00:00:00
52,2,Battery Integration,35,false,2025-01-16 00:00:00
53,10,Drive Unit Install,84,false,2025-01-03 00:00:00
54,3,Welding,71,false,2025-08-17 00:00:00
55,8,Painting,45,false,2025-05-30 00:00:00
56,10,Quality Inspection,76,false,2025-07-15 00:00:00
57,6,Drive Unit Install,28,false,2025-08-22 00:00:00
58,7,Drive Unit Install,113,false,2025-07-05 00:00:00
59,3,Battery Integration,20,false,2026-01-31 00:00:00
60,6,Drive Unit Install,114,false,2025-07-17 00:00:00
61,6,Quality Inspection,65,false,2025-08-15 00:00:00
62,2,Painting,110,false,2025-10-10 00:00:00
63,3,Final Assembly,50,false,2025-02-23 00:00:00
64,6,Battery Integration,66,false,2025-08-21 00:00:00
65,7,Drive Unit Install,46,false,2026-01-25 00:00:00
66,1,Battery Integration,31,false,2025-01-22 00:00:00
67,5,Final Assembly,70,false,2025-06-07 00:00:00
68,8,Drive Unit Install,78,false,2025-06-26 00:00:00
69,3,Drive Unit Install,65,false,2025-07-03 00:00:00
70,7,Stamping,95,false,2025-12-28 00:00:00
71,2,Welding,86,true,2026-01-12 00:00:00
72,4,Drive Unit Install,25,false,2025-11-22 00:00:00
73,8,Welding,102,false,2025-06-05 00:00:00
74,8,Final Assembly,90,false,2025-10-15 00:00:00
75,4,Quality Inspection,97,false,2025-08-20 00:00:00
76,2,Battery Integration,91,false,2026-03-25 00:00:00
77,7,Quality Inspection,74,false,2025-09-05 00:00:00
78,7,Stamping,49,false,2025-02-22 00:00:00
79,10,Painting,102,false,2026-03-12 00:00:00
80,3,Welding,36,false,2025-06-27 00:00:00
81,1,Welding,88,false,2025-07-24 00:00:00
82,11,Stamping,62,false,2026-04-11 00:00:00
83,2,Drive Unit Install,45,false,2025-08-23 00:00:00
84,10,Drive Unit Install,46,false,2025-03-26 00:00:00
85,11,Drive Unit Install,77,false,2026-01-11 00:00:00
86,7,Stamping,89,false,2025-11-07 00:00:00
87,10,Battery Integration,119,false,2026-01-03 00:00:00
88,3,Battery Integration,118,false,2025-06-08 00:00:00
89,2,Final Assembly,103,false,2025-07-24 00:00:00
90,7,Painting,45,false,2025-02-23 00:00:00
91,10,Drive Unit Install,101,true,2025-10-17 00:00:00
92,9,Final Assembly,35,false,2025-01-23 00:00:00
93,10,Painting,90,false,2026-02-26 00:00:00
94,1,Drive Unit Install,92,false,2025-08-29 00:00:00
95,4,Final Assembly,117,false,2025-09-05 00:00:00
96,4,Battery Integration,21,false,2025-08-22 00:00:00
97,5,Painting,107,false,2026-02-15 00:00:00
98,2,Battery Integration,100,false,2026-01-29 00:00:00
99,4,Battery Integration,20,false,2026-02-11 00:00:00
100,10,Final Assembly,95,true,2025-04-14 00:00:00
101,6,Stamping,39,false,2026-02-12 00:00:00
102,6,Battery Integration,31,false,2026-02-12 00:00:00
103,4,Painting,100,false,2025-01-14 00:00:00
104,5,Welding,68,false,2025-12-20 00:00:00
105,9,Battery Integration,30,false,2025-10-28 00:00:00
106,9,Stamping,120,false,2025-09-06 00:00:00
107,1,Battery Integration,66,false,2025-01-31 00:00:00
108,11,Welding,29,false,2026-03-27 00:00:00
109,4,Battery Integration,119,false,2026-03-10 00:00:00
110,11,Quality Inspection,98,false,2025-04-09 00:00:00
111,2,Quality Inspection,102,false,2025-10-01 00:00:00
112,2,Painting,74,false,2025-06-30 00:00:00
113,11,Stamping,97,false,2025-10-30 00:00:00
114,9,Final Assembly,21,false,2025-11-19 00:00:00
115,3,Final Assembly,84,false,2025-08-05 00:00:00
116,8,Welding,47,false,2026-03-23 00:00:00
117,11,Final Assembly,64,false,2026-02-24 00:00:00
118,11,Final Assembly,32,false,2025-05-27 00:00:00
119,2,Final Assembly,37,false,2025-03-16 00:00:00
120,8,Battery Integration,31,false,2025-05-09 00:00:00
121,10,Final Assembly,76,false,2025-08-03 00:00:00
122,5,Drive Unit Install,84,false,2026-04-20 00:00:00
123,5,Final Assembly,64,false,2025-09-26 00:00:00
124,2,Quality Inspection,49,false,2025-06-02 00:00:00
125,3,Final Assembly,103,false,2025-12-26 00:00:00
126,11,Quality Inspection,54,false,2026-02-19 00:00:00
127,11,Quality Inspection,55,false,2025-12-11 00:00:00
128,4,Welding,51,false,2025-11-25 00:00:00
129,7,Painting,86,false,2026-03-19 00:00:00
130,1,Final Assembly,86,false,2025-01-02 00:00:00
131,4,Painting,18,false,2026-04-03 00:00:00
132,7,Final Assembly,21,false,2025-04-03 00:00:00
133,2,Battery Integration,35,false,2025-02-09 00:00:00
134,6,Welding,92,false,2026-03-09 00:00:00
135,3,Final Assembly,47,false,2025-11-26 00:00:00
136,4,Final Assembly,52,false,2025-05-15 00:00:00
137,4,Quality Inspection,65,false,2025-08-22 00:00:00
138,9,Welding,53,false,2025-07-07 00:00:00
139,9,Stamping,42,false,2025-10-22 00:00:00
140,10,Painting,83,false,2025-07-23 00:00:00
141,5,Battery Integration,41,false,2025-02-07 00:00:00
142,2,Final Assembly,54,false,2025-11-03 00:00:00
143,1,Final Assembly,47,false,2026-04-14 00:00:00
144,5,Drive Unit Install,73,false,2026-04-10 00:00:00
145,6,Painting,119,false,2025-10-06 00:00:00
146,9,Stamping,52,false,2025-01-03 00:00:00
147,6,Painting,117,false,2025-03-22 00:00:00
148,5,Quality Inspection,35,false,2025-02-19 00:00:00
149,6,Final Assembly,77,false,2025-09-15 00:00:00
150,2,Quality Inspection,27,false,2025-09-16 00:00:00
151,7,Drive Unit Install,22,false,2025-08-15 00:00:00
152,6,Drive Unit Install,34,false,2025-01-01 00:00:00
153,3,Stamping,59,false,2025-06-20 00:00:00
154,1,Battery Integration,77,false,2025-03-09 00:00:00
155,6,Stamping,95,false,2026-04-07 00:00:00
156,2,Painting,34,false,2025-01-13 00:00:00
157,7,Final Assembly,42,false,2025-04-02 00:00:00
158,3,Quality Inspection,75,false,2026-03-08 00:00:00
159,6,Stamping,83,false,2025-04-16 00:00:00
160,1,Welding,111,false,2026-03-23 00:00:00
161,5,Stamping,57,false,2025-08-13 00:00:00
162,8,Drive Unit Install,89,false,2025-10-12 00:00:00
163,1,Final Assembly,95,false,2025-05-04 00:00:00
164,11,Battery Integration,47,false,2026-04-04 00:00:00
165,6,Welding,82,false,2025-09-27 00:00:00
166,10,Welding,55,true,2025-01-06 00:00:00
167,8,Welding,83,false,2025-10-27 00:00:00
168,2,Painting,89,false,2025-11-30 00:00:00
169,11,Quality Inspection,106,false,2026-04-11 00:00:00
170,3,Stamping,63,false,2025-12-23 00:00:00
171,9,Quality Inspection,72,false,2025-06-16 00:00:00
172,11,Quality Inspection,75,false,2025-07-15 00:00:00
173,8,Welding,45,false,2025-09-05 00:00:00
174,11,Final Assembly,84,false,2025-03-31 00:00:00
175,5,Welding,117,false,2025-05-09 00:00:00
176,4,Final Assembly,68,false,2025-05-31 00:00:00
177,9,Final Assembly,86,false,2025-03-11 00:00:00
178,5,Quality Inspection,109,false,2025-02-18 00:00:00
179,5,Welding,45,false,2026-02-19 00:00:00
180,9,Welding,87,false,2025-11-27 00:00:00
181,8,Stamping,104,false,2025-05-09 00:00:00
182,6,Drive Unit Install,107,false,2026-01-14 00:00:00
183,2,Stamping,101,false,2026-03-15 00:00:00
184,2,Drive Unit Install,21,false,2025-11-30 00:00:00
185,11,Quality Inspection,110,false,2025-07-12 00:00:00
186,4,Quality Inspection,33,false,2025-01-23 00:00:00
187,7,Battery Integration,61,false,2025-12-11 00:00:00
188,1,Final Assembly,113,false,2026-01-30 00:00:00
189,8,Welding,18,false,2026-04-02 00:00:00
190,1,Stamping,51,false,2025-03-27 00:00:00
191,11,Drive Unit Install,54,false,2025-03-03 00:00:00
192,4,Stamping,62,false,2025-04-30 00:00:00
193,2,Painting,36,false,2025-05-04 00:00:00
194,5,Drive Unit Install,69,false,2025-06-12 00:00:00
195,2,Battery Integration,98,false,2025-04-15 00:00:00
196,11,Welding,53,false,2025-08-21 00:00:00
197,4,Quality Inspection,51,false,2025-07-16 00:00:00
198,6,Stamping,46,false,2025-03-02 00:00:00
199,2,Quality Inspection,57,false,2025-04-25 00:00:00
200,4,Quality Inspection,23,false,2025-09-25 00:00:00
201,1,Quality Inspection,93,false,2026-03-09 00:00:00
202,9,Stamping,44,false,2026-04-01 00:00:00
203,11,Quality Inspection,72,false,2025-10-26 00:00:00
204,6,Quality Inspection,111,false,2025-09-01 00:00:00
205,1,Drive Unit Install,64,false,2025-04-23 00:00:00
206,10,Painting,18,false,2025-04-29 00:00:00
207,9,Stamping,100,false,2025-01-26 00:00:00
208,2,Drive Unit Install,116,false,2025-11-05 00:00:00
209,4,Final Assembly,58,false,2025-05-26 00:00:00
210,6,Stamping,54,false,2026-04-26 00:00:00
211,1,Welding,44,false,2025-10-12 00:00:00
212,11,Painting,64,false,2025-02-04 00:00:00
213,8,Stamping,91,false,2025-08-31 00:00:00
214,4,Drive Unit Install,74,false,2025-03-13 00:00:00
215,8,Welding,85,false,2025-08-28 00:00:00
216,11,Final Assembly,34,false,2025-10-26 00:00:00
217,6,Battery Integration,48,false,2025-10-10 00:00:00
218,4,Drive Unit Install,89,false,2025-09-02 00:00:00
219,3,Final Assembly,83,false,2025-08-29 00:00:00
220,3,Quality Inspection,20,false,2026-01-31 00:00:00
221,1,Stamping,77,false,2026-01-10 00:00:00
222,4,Welding,106,false,2025-10-03 00:00:00
223,3,Stamping,57,false,2025-06-16 00:00:00
224,11,Quality Inspection,112,false,2025-01-26 00:00:00
225,3,Painting,47,false,2025-12-29 00:00:00
226,1,Final Assembly,85,false,2025-01-08 00:00:00
227,3,Drive Unit Install,17,false,2026-01-25 00:00:00
228,10,Drive Unit Install,81,false,2025-06-16 00:00:00
229,1,Battery Integration,72,false,2025-03-15 00:00:00
230,6,Battery Integration,66,false,2026-01-20 00:00:00
231,7,Painting,100,false,2026-03-11 00:00:00
232,9,Painting,80,false,2025-07-31 00:00:00
233,6,Quality Inspection,40,false,2026-01-12 00:00:00
234,9,Stamping,18,false,2026-03-25 00:00:00
235,5,Final Assembly,99,false,2025-12-12 00:00:00
236,11,Battery Integration,50,false,2025-01-27 00:00:00
237,5,Final Assembly,34,false,2026-04-20 00:00:00
238,8,Quality Inspection,115,false,2025-06-15 00:00:00
239,8,Painting,22,false,2025-12-22 00:00:00
240,10,Drive Unit Install,100,false,2025-10-07 00:00:00
241,5,Painting,68,false,2026-04-03 00:00:00
242,6,Quality Inspection,26,false,2025-06-02 00:00:00
243,8,Welding,36,false,2025-05-30 00:00:00
244,6,Quality Inspection,51,false,2025-08-17 00:00:00
245,2,Stamping,18,false,2025-02-11 00:00:00
246,2,Welding,54,false,2025-08-18 00:00:00
247,7,Painting,116,false,2025-01-02 00:00:00
248,6,Battery Integration,45,false,2025-07-07 00:00:00
249,9,Quality Inspection,85,false,2025-11-26 00:00:00
250,1,Welding,31,false,2025-04-21 00:00:00
251,3,Quality Inspection,28,false,2025-02-26 00:00:00
252,9,Final Assembly,51,false,2025-08-04 00:00:00
253,10,Welding,107,false,2025-06-09 00:00:00
254,1,Battery Integration,22,false,2025-09-26 00:00:00
255,1,Painting,57,false,2025-07-17 00:00:00
256,3,Welding,92,false,2026-04-20 00:00:00
257,3,Drive Unit Install,88,false,2025-05-03 00:00:00
258,9,Battery Integration,75,false,2025-09-08 00:00:00
259,5,Quality Inspection,28,false,2025-09-11 00:00:00
260,6,Stamping,77,false,2026-01-31 00:00:00
261,8,Quality Inspection,57,false,2026-03-04 00:00:00
262,1,Painting,29,false,2026-04-03 00:00:00
263,1,Quality Inspection,80,false,2025-08-14 00:00:00
264,2,Painting,83,false,2025-07-27 00:00:00
265,9,Welding,99,false,2025-03-01 00:00:00
266,3,Welding,86,false,2025-08-16 00:00:00
267,10,Battery Integration,78,false,2026-04-20 00:00:00
268,4,Battery Integration,19,false,2025-10-30 00:00:00
269,11,Battery Integration,17,false,2025-02-19 00:00:00
270,10,Drive Unit Install,89,false,2025-03-31 00:00:00
271,9,Painting,111,false,2026-04-23 00:00:00
272,6,Drive Unit Install,72,false,2026-01-19 00:00:00
273,8,Drive Unit Install,114,false,2025-10-07 00:00:00
274,6,Stamping,56,false,2025-07-11 00:00:00
275,11,Drive Unit Install,67,false,2026-03-10 00:00:00
276,10,Welding,82,false,2025-04-06 00:00:00
277,2,Stamping,33,false,2025-03-22 00:00:00
278,8,Drive Unit Install,42,false,2025-01-20 00:00:00
279,8,Battery Integration,101,true,2025-09-07 00:00:00
280,8,Battery Integration,40,true,2025-02-13 00:00:00
281,4,Painting,98,false,2025-08-09 00:00:00
282,2,Final Assembly,23,false,2025-01-19 00:00:00
283,10,Battery Integration,56,false,2026-03-18 00:00:00
284,6,Painting,93,true,2025-10-06 00:00:00
285,3,Stamping,49,false,2025-04-22 00:00:00
286,3,Quality Inspection,116,false,2025-07-31 00:00:00
287,11,Welding,48,false,2026-01-22 00:00:00
288,4,Welding,99,false,2026-03-02 00:00:00
289,6,Final Assembly,106,false,2025-02-09 00:00:00
290,1,Welding,117,false,2025-06-10 00:00:00
291,7,Battery Integration,120,false,2025-12-01 00:00:00
292,11,Drive Unit Install,115,false,2025-04-06 00:00:00
293,9,Final Assembly,75,false,2026-03-21 00:00:00
294,9,Drive Unit Install,118,false,2026-03-08 00:00:00
295,2,Stamping,108,false,2025-12-16 00:00:00
296,7,Final Assembly,96,false,2025-07-31 00:00:00
297,11,Battery Integration,111,false,2025-11-05 00:00:00
298,2,Drive Unit Install,82,false,2026-01-30 00:00:00
299,5,Drive Unit Install,22,false,2025-10-28 00:00:00
300,7,Final Assembly,83,false,2025-03-06 00:00:00
301,9,Stamping,25,false,2025-08-23 00:00:00
302,1,Stamping,106,true,2025-12-26 00:00:00
303,7,Stamping,68,false,2025-05-06 00:00:00
304,10,Drive Unit Install,70,false,2025-05-08 00:00:00
305,7,Drive Unit Install,48,false,2025-10-20 00:00:00
306,8,Painting,66,false,2025-01-02 00:00:00
307,10,Welding,77,false,2025-05-26 00:00:00
308,1,Welding,36,false,2025-11-20 00:00:00
309,2,Drive Unit Install,23,true,2025-05-09 00:00:00
310,3,Quality Inspection,62,false,2026-01-05 00:00:00
311,11,Battery Integration,17,false,2025-03-02 00:00:00
312,4,Painting,42,false,2026-04-02 00:00:00
313,5,Drive Unit Install,107,false,2026-03-11 00:00:00
314,2,Drive Unit Install,81,false,2025-12-18 00:00:00
315,2,Quality Inspection,49,false,2026-04-10 00:00:00
316,2,Welding,85,false,2025-10-17 00:00:00
317,8,Painting,104,false,2025-02-17 00:00:00
318,1,Final Assembly,65,false,2025-04-19 00:00:00
319,11,Painting,19,false,2026-02-18 00:00:00
320,7,Welding,36,false,2025-09-01 00:00:00
321,3,Final Assembly,119,false,2025-09-15 00:00:00
322,2,Quality Inspection,30,false,2025-10-19 00:00:00
323,4,Painting,43,false,2025-10-30 00:00:00
324,1,Quality Inspection,72,false,2025-08-09 00:00:00
325,3,Battery Integration,98,false,2025-03-12 00:00:00
326,8,Stamping,77,false,2025-02-13 00:00:00
327,6,Welding,15,false,2025-06-06 00:00:00
328,9,Drive Unit Install,24,false,2025-10-19 00:00:00
329,8,Stamping,34,false,2025-07-23 00:00:00
330,8,Welding,88,false,2025-07-21 00:00:00
331,5,Stamping,29,false,2026-04-21 00:00:00
332,6,Drive Unit Install,40,false,2025-01-05 00:00:00
333,11,Battery Integration,116,false,2026-02-01 00:00:00
334,11,Drive Unit Install,26,false,2026-03-24 00:00:00
335,1,Quality Inspection,76,false,2025-05-25 00:00:00
336,1,Quality Inspection,95,false,2025-06-18 00:00:00
337,10,Drive Unit Install,98,false,2025-12-10 00:00:00
338,9,Stamping,89,false,2025-06-30 00:00:00
339,5,Battery Integration,19,false,2025-11-03 00:00:00
340,1,Welding,50,false,2026-01-11 00:00:00
341,8,Quality Inspection,65,false,2025-04-30 00:00:00
342,11,Drive Unit Install,17,false,2026-01-14 00:00:00
343,7,Quality Inspection,76,false,2025-10-01 00:00:00
344,7,Welding,120,true,2026-04-08 00:00:00
345,2,Painting,33,false,2026-03-06 00:00:00
346,11,Stamping,112,false,2025-11-14 00:00:00
347,5,Stamping,93,false,2025-08-04 00:00:00
348,11,Drive Unit Install,44,false,2025-12-06 00:00:00
349,1,Quality Inspection,96,false,2025-09-18 00:00:00
350,4,Battery Integration,32,false,2025-11-01 00:00:00
351,6,Welding,115,false,2025-02-12 00:00:00
352,2,Battery Integration,20,false,2025-05-21 00:00:00
353,4,Final Assembly,71,false,2025-06-10 00:00:00
354,4,Final Assembly,17,false,2026-02-20 00:00:00
355,8,Quality Inspection,111,false,2026-03-12 00:00:00
356,1,Welding,29,false,2025-07-14 00:00:00
357,7,Welding,18,false,2025-08-16 00:00:00
358,10,Battery Integration,82,false,2025-02-18 00:00:00
359,8,Painting,54,false,2025-04-17 00:00:00
360,3,Painting,96,false,2026-01-15 00:00:00
361,2,Painting,84,false,2026-04-05 00:00:00
362,6,Painting,98,false,2025-05-22 00:00:00
363,9,Battery Integration,25,false,2026-01-15 00:00:00
364,9,Stamping,26,false,2025-08-10 00:00:00
365,8,Painting,75,true,2025-05-22 00:00:00
366,11,Welding,55,false,2025-07-04 00:00:00
367,3,Welding,46,false,2026-04-16 00:00:00
368,7,Welding,80,false,2026-04-24 00:00:00
369,3,Drive Unit Install,84,false,2025-06-04 00:00:00
370,2,Quality Inspection,98,false,2025-01-07 00:00:00
371,2,Stamping,42,false,2025-01-30 00:00:00
372,10,Painting,47,false,2025-08-10 00:00:00
373,6,Drive Unit Install,87,false,2026-04-16 00:00:00
374,7,Welding,57,false,2025-06-03 00:00:00
375,4,Welding,115,false,2025-03-28 00:00:00
376,9,Welding,112,false,2025-04-29 00:00:00
377,4,Quality Inspection,42,false,2025-04-06 00:00:00
378,3,Welding,86,false,2025-09-15 00:00:00
379,2,Stamping,44,false,2025-07-14 00:00:00
380,11,Painting,37,false,2025-08-31 00:00:00
381,4,Final Assembly,83,false,2025-11-12 00:00:00
382,2,Painting,88,false,2026-01-14 00:00:00
383,9,Stamping,114,false,2025-02-24 00:00:00
384,2,Painting,47,false,2025-10-17 00:00:00
385,8,Quality Inspection,40,false,2025-06-18 00:00:00
386,3,Drive Unit Install,75,false,2025-05-25 00:00:00
387,6,Final Assembly,84,false,2025-11-09 00:00:00
388,9,Quality Inspection,36,false,2026-04-02 00:00:00
389,6,Final Assembly,69,false,2025-02-27 00:00:00
390,5,Quality Inspection,42,false,2025-05-02 00:00:00
391,1,Stamping,103,false,2025-03-03 00:00:00
392,8,Battery Integration,19,false,2025-10-25 00:00:00
393,2,Stamping,66,false,2025-06-22 00:00:00
394,5,Quality Inspection,56,false,2025-08-07 00:00:00
395,6,Final Assembly,120,false,2025-03-07 00:00:00
396,8,Quality Inspection,104,false,2025-04-28 00:00:00
397,7,Quality Inspection,18,false,2025-08-20 00:00:00
398,6,Welding,72,false,2025-04-27 00:00:00
399,2,Welding,103,false,2025-05-03 00:00:00
400,1,Quality Inspection,65,false,2025-11-12 00:00:00
401,3,Final Assembly,28,true,2025-01-11 00:00:00
402,2,Drive Unit Install,55,false,2025-05-25 00:00:00
403,11,Welding,60,false,2025-07-20 00:00:00
404,6,Battery Integration,92,false,2026-03-08 00:00:00
405,11,Welding,34,false,2025-04-22 00:00:00
406,4,Quality Inspection,78,false,2025-06-28 00:00:00
407,6,Battery Integration,73,false,2025-12-15 00:00:00
408,7,Battery Integration,72,false,2025-07-07 00:00:00
409,1,Drive Unit Install,16,false,2025-09-13 00:00:00
410,7,Battery Integration,58,false,2025-09-29 00:00:00
411,2,Quality Inspection,114,false,2025-08-08 00:00:00
412,7,Drive Unit Install,82,false,2025-08-23 00:00:00
413,8,Battery Integration,57,false,2026-04-17 00:00:00
414,3,Stamping,30,false,2025-07-23 00:00:00
415,5,Stamping,63,false,2025-03-13 00:00:00
416,10,Painting,81,false,2025-10-16 00:00:00
417,7,Final Assembly,118,false,2026-01-13 00:00:00
418,7,Quality Inspection,55,false,2026-03-07 00:00:00
419,6,Drive Unit Install,53,false,2025-07-10 00:00:00
420,9,Stamping,101,false,2025-12-09 00:00:00
421,5,Stamping,61,false,2026-02-10 00:00:00
422,1,Drive Unit Install,74,false,2025-04-11 00:00:00
423,3,Painting,53,false,2025-04-10 00:00:00
424,1,Welding,17,false,2025-08-31 00:00:00
425,10,Final Assembly,120,false,2026-04-23 00:00:00
426,10,Stamping,118,false,2025-12-31 00:00:00
427,2,Quality Inspection,117,false,2025-11-05 00:00:00
428,1,Painting,91,false,2025-05-25 00:00:00
429,2,Quality Inspection,77,false,2025-08-09 00:00:00
430,3,Stamping,54,false,2025-08-15 00:00:00
431,11,Welding,47,false,2025-01-05 00:00:00
432,3,Welding,71,false,2025-04-18 00:00:00
433,4,Painting,60,false,2026-03-16 00:00:00
434,2,Welding,26,false,2026-03-17 00:00:00
435,1,Quality Inspection,44,false,2025-05-10 00:00:00
436,9,Final Assembly,63,false,2025-07-24 00:00:00
437,2,Painting,74,false,2025-11-12 00:00:00
438,7,Drive Unit Install,59,false,2025-03-18 00:00:00
439,5,Welding,49,false,2025-12-04 00:00:00
440,9,Welding,59,false,2025-02-14 00:00:00
441,6,Drive Unit Install,20,false,2026-03-19 00:00:00
442,6,Welding,107,false,2026-04-14 00:00:00
443,2,Drive Unit Install,19,false,2025-01-29 00:00:00
444,7,Drive Unit Install,17,false,2026-01-11 00:00:00
445,1,Painting,114,false,2025-12-28 00:00:00
446,6,Battery Integration,50,false,2025-07-16 00:00:00
447,11,Battery Integration,112,false,2025-08-24 00:00:00
448,9,Welding,98,false,2025-05-06 00:00:00
449,6,Final Assembly,62,false,2026-04-17 00:00:00
450,2,Drive Unit Install,82,false,2025-03-02 00:00:00
451,8,Drive Unit Install,105,false,2025-05-27 00:00:00
452,6,Quality Inspection,118,false,2025-04-13 00:00:00
453,3,Quality Inspection,46,false,2025-03-15 00:00:00
454,7,Quality Inspection,19,false,2025-01-15 00:00:00
455,4,Quality Inspection,51,false,2025-11-26 00:00:00
456,1,Drive Unit Install,71,false,2026-03-20 00:00:00
457,7,Battery Integration,104,false,2025-05-09 00:00:00
458,2,Welding,67,false,2025-03-03 00:00:00
459,11,Drive Unit Install,73,false,2025-09-29 00:00:00
460,8,Battery Integration,84,false,2025-08-23 00:00:00
461,3,Quality Inspection,63,false,2026-01-04 00:00:00
462,6,Drive Unit Install,48,false,2025-09-12 00:00:00
463,9,Stamping,30,false,2025-05-23 00:00:00
464,7,Final Assembly,80,false,2025-04-10 00:00:00
465,6,Final Assembly,22,false,2025-06-30 00:00:00
466,9,Welding,73,false,2025-05-23 00:00:00
467,6,Painting,87,false,2025-04-01 00:00:00
468,5,Painting,99,false,2025-08-08 00:00:00
469,2,Final Assembly,25,false,2025-10-02 00:00:00
470,2,Final Assembly,56,false,2025-11-15 00:00:00
471,7,Stamping,80,false,2025-06-29 00:00:00
472,7,Welding,36,false,2026-04-22 00:00:00
473,3,Painting,32,false,2025-02-27 00:00:00
474,8,Stamping,70,false,2025-10-26 00:00:00
475,5,Welding,73,false,2025-01-02 00:00:00
476,6,Battery Integration,59,false,2025-03-01 00:00:00
477,6,Welding,53,false,2025-08-01 00:00:00
478,2,Quality Inspection,78,false,2025-04-18 00:00:00
479,4,Stamping,31,false,2025-11-11 00:00:00
480,10,Welding,48,false,2025-07-22 00:00:00
481,11,Final Assembly,108,false,2025-07-12 00:00:00
482,4,Quality Inspection,21,false,2025-06-20 00:00:00
483,3,Battery Integration,24,false,2025-11-20 00:00:00
484,4,Drive Unit Install,35,false,2025-07-22 00:00:00
485,9,Painting,24,false,2025-11-01 00:00:00
486,2,Battery Integration,31,false,2025-05-24 00:00:00
487,2,Painting,31,false,2025-03-04 00:00:00
488,6,Stamping,106,false,2025-05-28 00:00:00
489,3,Painting,69,false,2025-02-08 00:00:00
490,6,Quality Inspection,120,false,2026-01-10 00:00:00
491,6,Battery Integration,56,false,2025-03-28 00:00:00
492,9,Painting,24,false,2025-09-30 00:00:00
493,5,Drive Unit Install,20,false,2025-12-14 00:00:00
494,7,Final Assembly,39,false,2025-10-27 00:00:00
495,3,Quality Inspection,59,false,2026-02-11 00:00:00
496,4,Quality Inspection,104,false,2025-02-28 00:00:00
497,7,Battery Integration,100,false,2026-03-10 00:00:00
498,4,Quality Inspection,48,false,2025-01-27 00:00:00
499,1,Final Assembly,23,false,2025-04-04 00:00:00
500,5,Painting,36,false,2026-04-05 00:00:00
501,4,Welding,93,false,2025-04-15 00:00:00
502,2,Stamping,32,false,2025-07-27 00:00:00
503,11,Final Assembly,48,false,2026-04-02 00:00:00
504,10,Stamping,107,false,2025-04-06 00:00:00
505,11,Quality Inspection,58,false,2025-08-18 00:00:00
506,2,Welding,115,false,2025-04-04 00:00:00
507,10,Welding,75,false,2025-03-26 00:00:00
508,11,Drive Unit Install,73,false,2025-07-20 00:00:00
509,1,Battery Integration,105,false,2026-04-10 00:00:00
510,8,Quality Inspection,18,false,2025-12-20 00:00:00
511,3,Final Assembly,67,false,2025-04-05 00:00:00
512,7,Battery Integration,105,false,2025-08-20 00:00:00
513,9,Final Assembly,85,false,2025-02-15 00:00:00
514,3,Painting,66,false,2025-05-13 00:00:00
515,3,Stamping,119,false,2026-03-22 00:00:00
516,8,Drive Unit Install,79,false,2026-02-12 00:00:00
517,4,Stamping,37,false,2026-04-24 00:00:00
518,5,Painting,99,false,2025-11-23 00:00:00
519,6,Battery Integration,111,false,2026-03-11 00:00:00
520,8,Stamping,20,false,2026-02-22 00:00:00
521,6,Welding,74,false,2025-08-06 00:00:00
522,8,Stamping,27,false,2025-05-30 00:00:00
523,5,Drive Unit Install,42,false,2025-10-10 00:00:00
524,3,Painting,66,false,2025-07-28 00:00:00
525,10,Painting,72,false,2025-12-11 00:00:00
526,4,Painting,106,false,2025-03-21 00:00:00
527,1,Painting,48,false,2025-07-05 00:00:00
528,8,Stamping,21,false,2025-11-02 00:00:00
529,6,Battery Integration,54,false,2026-02-11 00:00:00
530,1,Quality Inspection,47,false,2025-01-13 00:00:00
531,10,Battery Integration,31,false,2025-06-16 00:00:00
532,9,Painting,45,false,2025-06-27 00:00:00
533,9,Final Assembly,52,false,2025-12-14 00:00:00
534,2,Quality Inspection,66,false,2025-09-02 00:00:00
535,2,Welding,57,false,2025-12-14 00:00:00
536,11,Painting,100,false,2026-01-09 00:00:00
537,10,Stamping,44,false,2025-05-27 00:00:00
538,3,Welding,80,false,2026-01-11 00:00:00
539,9,Quality Inspection,60,false,2025-02-19 00:00:00
540,8,Stamping,98,false,2025-04-05 00:00:00
541,6,Painting,55,false,2025-07-06 00:00:00
542,9,Final Assembly,57,true,2025-12-10 00:00:00
543,6,Battery Integration,95,false,2026-01-09 00:00:00
544,8,Final Assembly,96,false,2025-12-24 00:00:00
545,1,Drive Unit Install,119,false,2025-04-12 00:00:00
546,8,Final Assembly,107,false,2025-02-13 00:00:00
547,6,Final Assembly,19,false,2025-05-30 00:00:00
548,1,Painting,114,false,2025-11-04 00:00:00
549,11,Welding,107,false,2025-02-24 00:00:00
550,8,Quality Inspection,117,false,2025-08-03 00:00:00
551,11,Final Assembly,43,false,2025-01-07 00:00:00
552,6,Battery Integration,17,false,2026-02-02 00:00:00
553,10,Battery Integration,104,false,2025-07-19 00:00:00
554,3,Quality Inspection,67,false,2025-12-30 00:00:00
555,10,Drive Unit Install,82,false,2025-03-27 00:00:00
556,10,Welding,53,false,2026-01-27 00:00:00
557,5,Stamping,21,false,2026-01-10 00:00:00
558,8,Welding,29,false,2026-04-14 00:00:00
559,1,Quality Inspection,16,false,2025-07-11 00:00:00
560,3,Painting,102,false,2025-12-26 00:00:00
561,8,Final Assembly,24,false,2025-12-10 00:00:00
562,10,Stamping,35,false,2026-01-09 00:00:00
563,11,Stamping,42,false,2025-12-19 00:00:00
564,5,Drive Unit Install,119,false,2025-12-13 00:00:00
565,8,Stamping,94,false,2025-03-30 00:00:00
566,9,Stamping,65,false,2025-09-20 00:00:00
567,4,Drive Unit Install,68,false,2025-09-03 00:00:00
568,2,Battery Integration,113,false,2026-02-01 00:00:00
569,9,Final Assembly,120,false,2026-03-19 00:00:00
570,8,Welding,113,false,2025-09-22 00:00:00
571,1,Drive Unit Install,57,false,2026-01-27 00:00:00
572,4,Battery Integration,75,false,2025-03-18 00:00:00
573,1,Drive Unit Install,63,false,2026-04-14 00:00:00
574,6,Quality Inspection,89,false,2026-01-06 00:00:00
575,10,Stamping,116,false,2025-09-02 00:00:00
576,10,Quality Inspection,23,false,2026-01-06 00:00:00
577,4,Quality Inspection,58,false,2025-06-15 00:00:00
578,2,Stamping,42,false,2025-04-08 00:00:00
579,2,Quality Inspection,88,false,2025-04-13 00:00:00
580,6,Painting,83,false,2025-05-29 00:00:00
581,1,Stamping,91,false,2025-02-26 00:00:00
582,5,Drive Unit Install,54,false,2025-10-06 00:00:00
583,7,Drive Unit Install,39,false,2025-08-31 00:00:00
584,2,Final Assembly,53,false,2025-06-06 00:00:00
585,5,Final Assembly,80,false,2025-08-01 00:00:00
586,11,Quality Inspection,75,false,2025-03-07 00:00:00
587,8,Drive Unit Install,118,false,2026-04-19 00:00:00
588,7,Battery Integration,119,false,2026-02-05 00:00:00
589,7,Painting,20,false,2025-02-03 00:00:00
590,9,Stamping,76,false,2026-04-22 00:00:00
591,3,Quality Inspection,56,false,2025-08-07 00:00:00
592,9,Quality Inspection,44,false,2025-11-18 00:00:00
593,8,Battery Integration,99,false,2025-03-23 00:00:00
594,6,Welding,41,false,2025-05-09 00:00:00
595,11,Welding,40,false,2025-10-06 00:00:00
596,3,Stamping,23,false,2026-02-08 00:00:00
597,5,Welding,55,false,2025-07-03 00:00:00
598,2,Final Assembly,94,false,2025-09-03 00:00:00
599,7,Final Assembly,57,false,2025-01-12 00:00:00
600,4,Drive Unit Install,80,false,2025-05-11 00:00:00
601,1,Quality Inspection,47,false,2025-04-06 00:00:00
602,8,Final Assembly,35,false,2026-02-08 00:00:00
603,2,Final Assembly,98,false,2026-01-31 00:00:00
604,11,Drive Unit Install,110,false,2026-03-18 00:00:00
605,10,Battery Integration,58,false,2025-08-30 00:00:00
606,9,Battery Integration,31,false,2025-03-15 00:00:00
607,2,Welding,47,false,2025-09-14 00:00:00
608,3,Drive Unit Install,85,false,2026-02-14 00:00:00
609,1,Battery Integration,58,false,2026-01-11 00:00:00
610,7,Welding,117,false,2025-12-07 00:00:00
611,9,Battery Integration,41,false,2025-11-29 00:00:00
612,11,Painting,88,false,2026-04-09 00:00:00
613,4,Stamping,27,false,2025-12-31 00:00:00
614,9,Battery Integration,42,false,2026-02-16 00:00:00
615,10,Welding,66,false,2025-10-12 00:00:00
616,3,Painting,64,false,2025-08-12 00:00:00
617,1,Final Assembly,53,false,2025-11-20 00:00:00
618,1,Battery Integration,63,false,2025-09-28 00:00:00
619,2,Drive Unit Install,120,false,2025-12-31 00:00:00
620,4,Quality Inspection,118,false,2025-06-03 00:00:00
621,9,Painting,115,false,2025-02-09 00:00:00
622,3,Battery Integration,99,false,2025-10-02 00:00:00
623,11,Quality Inspection,68,false,2025-06-15 00:00:00
624,6,Drive Unit Install,73,false,2025-05-08 00:00:00
625,6,Drive Unit Install,88,false,2025-02-02 00:00:00
626,10,Quality Inspection,79,true,2026-01-22 00:00:00
627,8,Welding,30,false,2026-02-15 00:00:00
628,10,Final Assembly,99,false,2025-08-23 00:00:00
629,10,Drive Unit Install,85,false,2025-02-16 00:00:00
630,10,Final Assembly,119,false,2025-03-20 00:00:00
631,2,Quality Inspection,19,false,2026-02-12 00:00:00
632,5,Final Assembly,95,false,2025-04-16 00:00:00
633,10,Quality Inspection,104,false,2025-07-16 00:00:00
634,1,Quality Inspection,95,false,2025-04-08 00:00:00
635,7,Final Assembly,43,false,2026-03-19 00:00:00
636,6,Battery Integration,50,false,2025-07-05 00:00:00
637,11,Drive Unit Install,40,false,2025-04-16 00:00:00
638,6,Battery Integration,47,false,2025-11-04 00:00:00
639,5,Drive Unit Install,120,false,2025-01-07 00:00:00
640,10,Drive Unit Install,38,false,2026-01-05 00:00:00
641,3,Stamping,19,false,2025-05-08 00:00:00
642,3,Quality Inspection,43,false,2026-03-04 00:00:00
643,3,Quality Inspection,61,false,2025-05-09 00:00:00
644,8,Painting,51,false,2026-03-03 00:00:00
645,6,Battery Integration,50,false,2025-06-08 00:00:00
646,7,Quality Inspection,41,false,2025-05-15 00:00:00
647,8,Drive Unit Install,57,false,2025-01-16 00:00:00
648,2,Drive Unit Install,32,false,2026-02-20 00:00:00
649,4,Final Assembly,90,false,2026-03-28 00:00:00
650,5,Drive Unit Install,98,false,2025-01-03 00:00:00
651,4,Welding,65,false,2026-03-20 00:00:00
652,3,Painting,50,false,2025-07-03 00:00:00
653,7,Painting,19,false,2026-01-25 00:00:00
654,2,Final Assembly,38,false,2026-04-11 00:00:00
655,8,Welding,83,false,2026-01-09 00:00:00
656,4,Stamping,18,true,2026-02-09 00:00:00
657,6,Quality Inspection,112,false,2026-03-21 00:00:00
658,8,Welding,58,false,2026-01-19 00:00:00
659,3,Welding,93,false,2026-03-23 00:00:00
660,3,Drive Unit Install,100,false,2025-01-04 00:00:00
661,10,Welding,120,false,2025-09-12 00:00:00
662,9,Quality Inspection,95,false,2025-11-27 00:00:00
663,8,Drive Unit Install,16,false,2025-07-14 00:00:00
664,1,Quality Inspection,64,false,2026-04-16 00:00:00
665,8,Drive Unit Install,95,false,2025-08-05 00:00:00
666,7,Painting,92,false,2025-11-15 00:00:00
667,9,Welding,32,false,2025-09-06 00:00:00
668,8,Quality Inspection,39,false,2025-01-15 00:00:00
669,10,Battery Integration,44,false,2026-02-07 00:00:00
670,6,Drive Unit Install,88,false,2025-08-12 00:00:00
671,1,Welding,39,false,2025-02-13 00:00:00
672,6,Final Assembly,102,false,2025-03-13 00:00:00
673,4,Stamping,28,false,2025-06-10 00:00:00
674,9,Painting,49,false,2025-01-27 00:00:00
675,8,Drive Unit Install,110,false,2026-03-27 00:00:00
676,4,Drive Unit Install,89,false,2025-09-02 00:00:00
677,11,Welding,75,false,2026-02-17 00:00:00
678,1,Painting,104,false,2025-04-19 00:00:00
679,7,Painting,74,false,2025-04-25 00:00:00
680,1,Quality Inspection,88,false,2025-08-28 00:00:00
681,4,Quality Inspection,90,false,2025-10-21 00:00:00
682,8,Welding,64,false,2025-03-14 00:00:00
683,7,Quality Inspection,46,false,2025-03-08 00:00:00
684,1,Final Assembly,64,false,2025-12-12 00:00:00
685,1,Stamping,83,false,2025-01-17 00:00:00
686,7,Final Assembly,69,false,2025-11-07 00:00:00
687,10,Quality Inspection,28,false,2025-05-06 00:00:00
688,10,Quality Inspection,107,false,2026-01-17 00:00:00
689,11,Battery Integration,88,false,2025-12-21 00:00:00
690,9,Welding,65,false,2026-02-03 00:00:00
691,11,Final Assembly,31,false,2025-05-27 00:00:00
692,6,Battery Integration,94,false,2025-12-05 00:00:00
693,2,Stamping,54,false,2025-06-19 00:00:00
694,9,Battery Integration,80,false,2025-09-15 00:00:00
695,3,Painting,65,false,2025-04-03 00:00:00
696,4,Painting,34,false,2025-11-26 00:00:00
697,5,Painting,67,false,2025-02-03 00:00:00
698,6,Battery Integration,57,false,2025-03-08 00:00:00
699,8,Final Assembly,30,false,2025-11-27 00:00:00
700,6,Stamping,33,false,2025-04-24 00:00:00
701,4,Battery Integration,93,false,2025-05-01 00:00:00
702,3,Final Assembly,59,false,2026-02-11 00:00:00
703,11,Painting,82,false,2025-05-20 00:00:00
704,1,Painting,53,false,2025-06-29 00:00:00
705,6,Stamping,104,false,2025-01-15 00:00:00
706,6,Quality Inspection,120,false,2025-06-16 00:00:00
707,3,Quality Inspection,95,false,2025-03-13 00:00:00
708,10,Final Assembly,116,false,2025-05-12 00:00:00
709,2,Stamping,19,false,2026-02-08 00:00:00
710,10,Painting,22,false,2025-01-14 00:00:00
711,9,Final Assembly,114,false,2025-06-08 00:00:00
712,6,Drive Unit Install,58,false,2025-03-07 00:00:00
713,9,Painting,103,false,2025-04-08 00:00:00
714,10,Welding,48,false,2026-03-15 00:00:00
715,9,Painting,106,true,2025-08-25 00:00:00
716,9,Quality Inspection,16,false,2025-08-10 00:00:00
717,6,Battery Integration,53,false,2026-01-30 00:00:00
718,9,Welding,19,false,2025-07-31 00:00:00
719,10,Final Assembly,112,false,2025-08-11 00:00:00
720,7,Quality Inspection,21,false,2025-03-13 00:00:00
721,8,Painting,56,false,2025-07-06 00:00:00
722,2,Drive Unit Install,84,false,2025-11-19 00:00:00
723,6,Stamping,24,false,2025-07-18 00:00:00
724,6,Drive Unit Install,119,false,2025-03-22 00:00:00
725,8,Stamping,62,false,2026-01-15 00:00:00
726,8,Drive Unit Install,39,false,2026-01-05 00:00:00
727,3,Painting,91,false,2025-07-09 00:00:00
728,4,Final Assembly,56,false,2025-08-08 00:00:00
729,7,Welding,108,false,2025-07-13 00:00:00
730,1,Painting,120,false,2025-04-24 00:00:00
731,3,Quality Inspection,65,false,2025-11-17 00:00:00
732,2,Final Assembly,47,true,2025-10-14 00:00:00
733,9,Drive Unit Install,119,false,2025-05-13 00:00:00
734,8,Quality Inspection,118,false,2025-03-19 00:00:00
735,3,Stamping,47,false,2026-03-22 00:00:00
736,6,Final Assembly,63,false,2025-11-27 00:00:00
737,2,Battery Integration,116,false,2025-02-06 00:00:00
738,2,Welding,55,false,2026-01-03 00:00:00
739,8,Stamping,84,false,2025-09-22 00:00:00
740,2,Welding,17,false,2026-01-30 00:00:00
741,11,Stamping,27,false,2026-02-10 00:00:00
742,10,Drive Unit Install,107,false,2025-08-10 00:00:00
743,4,Battery Integration,114,false,2025-11-21 00:00:00
744,6,Battery Integration,49,false,2025-01-17 00:00:00
745,6,Painting,59,false,2025-03-25 00:00:00
746,8,Welding,119,false,2026-03-29 00:00:00
747,10,Painting,39,false,2025-02-15 00:00:00
748,5,Quality Inspection,66,false,2025-07-06 00:00:00
749,3,Drive Unit Install,52,false,2026-03-16 00:00:00
750,2,Painting,32,false,2025-06-02 00:00:00
751,3,Quality Inspection,98,false,2025-08-14 00:00:00
752,1,Stamping,67,false,2026-01-25 00:00:00
753,5,Painting,65,false,2025-09-19 00:00:00
754,7,Quality Inspection,87,false,2025-08-25 00:00:00
755,6,Final Assembly,58,false,2026-04-09 00:00:00
756,10,Drive Unit Install,116,false,2025-12-20 00:00:00
757,11,Battery Integration,75,false,2025-07-12 00:00:00
758,2,Drive Unit Install,34,false,2025-12-17 00:00:00
759,2,Quality Inspection,62,false,2026-02-13 00:00:00
760,4,Quality Inspection,102,false,2025-11-10 00:00:00
761,9,Drive Unit Install,65,false,2026-03-19 00:00:00
762,8,Painting,105,false,2026-01-14 00:00:00
763,3,Final Assembly,57,false,2026-02-22 00:00:00
764,5,Quality Inspection,19,false,2025-10-23 00:00:00
765,4,Quality Inspection,105,false,2025-09-10 00:00:00
766,10,Welding,35,false,2025-07-06 00:00:00
767,11,Welding,38,false,2025-09-11 00:00:00
768,8,Battery Integration,117,false,2025-03-12 00:00:00
769,7,Quality Inspection,100,false,2026-04-04 00:00:00
770,8,Final Assembly,35,false,2025-02-10 00:00:00
771,11,Final Assembly,46,false,2026-03-31 00:00:00
772,1,Quality Inspection,89,false,2026-03-28 00:00:00
773,6,Final Assembly,36,false,2026-03-21 00:00:00
774,3,Welding,46,false,2026-02-21 00:00:00
775,9,Final Assembly,27,false,2025-03-23 00:00:00
776,10,Final Assembly,94,false,2026-04-17 00:00:00
777,10,Quality Inspection,49,false,2025-04-10 00:00:00
778,8,Battery Integration,20,true,2025-03-12 00:00:00
779,7,Battery Integration,120,false,2025-09-08 00:00:00
780,4,Final Assembly,68,false,2025-10-17 00:00:00
781,11,Welding,44,false,2025-07-21 00:00:00
782,7,Final Assembly,23,false,2025-03-30 00:00:00
783,5,Final Assembly,48,false,2025-08-01 00:00:00
784,2,Welding,83,false,2025-05-15 00:00:00
785,3,Welding,37,false,2025-02-06 00:00:00
786,11,Stamping,85,false,2026-03-10 00:00:00
787,11,Stamping,99,false,2025-08-20 00:00:00
788,1,Painting,78,false,2026-03-14 00:00:00
789,9,Stamping,59,false,2025-11-13 00:00:00
790,8,Battery Integration,45,false,2025-01-16 00:00:00
791,4,Painting,59,false,2025-11-01 00:00:00
792,8,Battery Integration,68,false,2025-03-19 00:00:00
793,3,Welding,24,false,2025-02-27 00:00:00
794,11,Quality Inspection,45,false,2026-01-20 00:00:00
795,7,Battery Integration,83,false,2026-03-13 00:00:00
796,6,Welding,81,false,2025-10-16 00:00:00
797,10,Final Assembly,26,false,2025-11-18 00:00:00
798,5,Final Assembly,94,false,2025-08-15 00:00:00
799,2,Quality Inspection,83,false,2025-06-08 00:00:00
800,4,Welding,36,false,2025-04-25 00:00:00
801,2,Welding,108,false,2025-01-11 00:00:00
802,7,Quality Inspection,119,false,2026-03-01 00:00:00
803,7,Welding,105,false,2026-04-10 00:00:00
804,9,Quality Inspection,50,false,2025-10-15 00:00:00
805,2,Quality Inspection,82,false,2025-05-02 00:00:00
806,3,Quality Inspection,20,false,2025-02-12 00:00:00
807,11,Painting,93,false,2025-06-22 00:00:00
808,4,Quality Inspection,26,false,2026-03-19 00:00:00
809,8,Final Assembly,98,false,2025-10-24 00:00:00
810,4,Final Assembly,91,false,2026-03-05 00:00:00
811,8,Drive Unit Install,15,false,2025-05-29 00:00:00
812,2,Painting,49,false,2026-01-25 00:00:00
813,3,Drive Unit Install,115,false,2025-06-29 00:00:00
814,1,Battery Integration,75,false,2025-01-12 00:00:00
815,4,Stamping,56,false,2025-03-09 00:00:00
816,1,Stamping,106,false,2025-07-03 00:00:00
817,8,Welding,70,false,2025-08-23 00:00:00
818,10,Drive Unit Install,107,false,2025-05-24 00:00:00
819,10,Welding,17,false,2025-01-30 00:00:00
820,5,Stamping,51,false,2025-03-29 00:00:00
821,2,Painting,79,false,2026-04-07 00:00:00
822,5,Final Assembly,60,false,2025-03-24 00:00:00
823,4,Painting,74,false,2025-03-12 00:00:00
824,10,Stamping,118,false,2025-10-25 00:00:00
825,7,Final Assembly,110,false,2026-03-25 00:00:00
826,1,Quality Inspection,21,false,2025-06-24 00:00:00
827,11,Welding,28,false,2026-02-01 00:00:00
828,6,Welding,31,false,2025-02-23 00:00:00
829,6,Quality Inspection,116,false,2026-02-28 00:00:00
830,2,Drive Unit Install,84,true,2026-04-02 00:00:00
831,4,Drive Unit Install,15,false,2025-08-20 00:00:00
832,8,Stamping,27,false,2025-11-26 00:00:00
833,5,Final Assembly,82,false,2026-04-22 00:00:00
834,1,Final Assembly,48,false,2025-09-10 00:00:00
835,11,Quality Inspection,49,false,2025-05-30 00:00:00
836,7,Battery Integration,77,false,2026-01-05 00:00:00
837,5,Stamping,66,false,2025-05-28 00:00:00
838,9,Welding,88,false,2025-08-25 00:00:00
839,5,Quality Inspection,86,false,2026-02-04 00:00:00
840,3,Painting,83,false,2025-03-20 00:00:00
841,11,Battery Integration,86,false,2025-07-13 00:00:00
842,2,Final Assembly,74,false,2025-05-27 00:00:00
843,9,Battery Integration,60,false,2025-07-11 00:00:00
844,6,Stamping,70,false,2025-12-31 00:00:00
845,6,Drive Unit Install,78,false,2026-02-25 00:00:00
846,9,Quality Inspection,111,false,2025-03-20 00:00:00
847,5,Final Assembly,54,false,2025-04-07 00:00:00
848,7,Final Assembly,95,false,2026-03-26 00:00:00
849,4,Battery Integration,88,false,2025-06-06 00:00:00
850,7,Quality Inspection,28,false,2025-11-23 00:00:00
851,4,Battery Integration,89,false,2026-01-15 00:00:00
852,6,Welding,97,false,2025-06-05 00:00:00
853,11,Battery Integration,120,false,2025-12-01 00:00:00
854,4,Battery Integration,69,false,2025-04-04 00:00:00
855,1,Final Assembly,33,false,2026-04-10 00:00:00
856,1,Drive Unit Install,99,false,2026-03-23 00:00:00
857,8,Welding,45,false,2026-04-18 00:00:00
858,10,Stamping,113,false,2026-01-11 00:00:00
859,2,Battery Integration,79,false,2025-01-12 00:00:00
860,1,Painting,116,false,2025-11-07 00:00:00
861,8,Final Assembly,111,false,2025-04-10 00:00:00
862,8,Drive Unit Install,116,false,2026-03-22 00:00:00
863,7,Quality Inspection,73,false,2025-01-25 00:00:00
864,8,Welding,86,false,2025-11-17 00:00:00
865,3,Painting,94,false,2026-03-22 00:00:00
866,8,Battery Integration,57,false,2025-03-27 00:00:00
867,10,Painting,105,false,2025-02-02 00:00:00
868,9,Welding,118,false,2025-03-19 00:00:00
869,1,Battery Integration,67,false,2025-08-08 00:00:00
870,7,Drive Unit Install,61,false,2026-03-15 00:00:00
871,4,Painting,21,false,2025-06-19 00:00:00
872,2,Stamping,47,false,2025-02-06 00:00:00
873,8,Quality Inspection,44,false,2025-10-01 00:00:00
874,9,Painting,31,false,2025-01-23 00:00:00
875,7,Welding,100,false,2026-03-16 00:00:00
876,4,Battery Integration,89,false,2025-09-01 00:00:00
877,8,Stamping,85,false,2026-03-23 00:00:00
878,4,Stamping,83,false,2025-07-29 00:00:00
879,4,Quality Inspection,113,false,2026-03-27 00:00:00
880,9,Battery Integration,80,false,2026-02-13 00:00:00
881,3,Stamping,97,false,2025-09-04 00:00:00
882,11,Final Assembly,69,false,2025-06-13 00:00:00
883,2,Final Assembly,59,false,2026-01-02 00:00:00
884,10,Stamping,56,false,2026-04-24 00:00:00
885,11,Drive Unit Install,64,false,2025-03-02 00:00:00
886,2,Painting,103,false,2026-01-15 00:00:00
887,3,Painting,46,false,2026-02-04 00:00:00
888,10,Welding,70,false,2025-04-29 00:00:00
889,5,Painting,108,false,2025-10-13 00:00:00
890,11,Stamping,63,false,2025-08-14 00:00:00
891,10,Drive Unit Install,48,false,2026-03-02 00:00:00
892,1,Quality Inspection,120,false,2025-05-07 00:00:00
893,8,Welding,37,false,2025-07-14 00:00:00
894,7,Final Assembly,57,false,2025-07-07 00:00:00
895,8,Welding,82,false,2025-01-25 00:00:00
896,5,Stamping,85,false,2026-04-07 00:00:00
897,10,Welding,65,false,2025-03-03 00:00:00
898,11,Drive Unit Install,33,false,2025-07-06 00:00:00
899,6,Final Assembly,55,false,2026-02-24 00:00:00
900,6,Drive Unit Install,96,false,2025-06-17 00:00:00
901,9,Drive Unit Install,28,false,2025-10-01 00:00:00
902,5,Final Assembly,105,false,2025-03-05 00:00:00
903,11,Drive Unit Install,119,false,2025-03-17 00:00:00
904,8,Painting,84,false,2025-04-27 00:00:00
905,3,Stamping,107,false,2025-12-30 00:00:00
906,2,Stamping,61,false,2025-01-02 00:00:00
907,10,Welding,77,false,2025-05-07 00:00:00
908,4,Battery Integration,89,false,2026-04-01 00:00:00
909,2,Quality Inspection,41,false,2026-02-07 00:00:00
910,8,Welding,114,false,2025-06-27 00:00:00
911,5,Drive Unit Install,56,false,2025-03-29 00:00:00
912,7,Welding,17,false,2025-12-15 00:00:00
913,9,Welding,67,false,2025-06-09 00:00:00
914,9,Painting,81,false,2025-07-24 00:00:00
915,10,Final Assembly,15,false,2026-04-05 00:00:00
916,10,Battery Integration,27,false,2025-12-07 00:00:00
917,1,Battery Integration,119,false,2025-02-23 00:00:00
918,9,Battery Integration,16,false,2025-12-10 00:00:00
919,5,Quality Inspection,107,false,2025-11-18 00:00:00
920,1,Painting,56,false,2026-04-09 00:00:00
921,3,Final Assembly,108,false,2025-07-20 00:00:00
922,8,Final Assembly,94,false,2025-03-31 00:00:00
923,2,Welding,24,false,2025-08-16 00:00:00
924,4,Quality Inspection,119,false,2025-12-10 00:00:00
925,11,Quality Inspection,75,false,2025-07-09 00:00:00
926,1,Drive Unit Install,43,false,2025-12-24 00:00:00
927,10,Drive Unit Install,68,false,2026-01-17 00:00:00
928,10,Drive Unit Install,36,false,2025-08-08 00:00:00
929,7,Drive Unit Install,75,false,2026-02-12 00:00:00
930,7,Welding,87,false,2025-07-19 00:00:00
931,6,Quality Inspection,112,false,2025-02-24 00:00:00
932,7,Final Assembly,91,false,2025-09-17 00:00:00
933,1,Quality Inspection,50,true,2025-04-01 00:00:00
934,11,Battery Integration,17,false,2025-04-02 00:00:00
935,2,Quality Inspection,60,false,2026-01-15 00:00:00
936,10,Battery Integration,78,false,2026-01-23 00:00:00
937,10,Quality Inspection,101,false,2026-04-03 00:00:00
938,2,Painting,83,false,2026-04-14 00:00:00
939,2,Painting,88,false,2025-04-24 00:00:00
940,1,Painting,30,false,2025-09-24 00:00:00
941,8,Stamping,35,false,2026-01-26 00:00:00
942,8,Quality Inspection,70,false,2025-11-26 00:00:00
943,10,Quality Inspection,62,false,2025-08-20 00:00:00
944,10,Stamping,73,false,2025-06-01 00:00:00
945,11,Stamping,49,false,2025-05-20 00:00:00
946,7,Drive Unit Install,34,false,2025-07-26 00:00:00
947,5,Welding,68,false,2025-11-28 00:00:00
948,6,Battery Integration,28,false,2025-04-16 00:00:00
949,5,Quality Inspection,96,false,2025-12-17 00:00:00
950,7,Battery Integration,83,false,2025-03-17 00:00:00
951,4,Welding,38,false,2025-10-08 00:00:00
952,6,Drive Unit Install,37,false,2025-11-09 00:00:00
953,9,Stamping,96,true,2025-10-15 00:00:00
954,9,Welding,84,false,2025-01-07 00:00:00
955,9,Stamping,43,false,2025-11-01 00:00:00
956,1,Quality Inspection,49,false,2026-02-10 00:00:00
957,9,Painting,22,false,2025-02-27 00:00:00
958,11,Stamping,49,false,2025-03-28 00:00:00
959,7,Stamping,67,false,2025-06-12 00:00:00
960,10,Painting,23,false,2025-02-16 00:00:00
961,3,Quality Inspection,92,true,2025-04-20 00:00:00
962,3,Welding,114,false,2025-07-07 00:00:00
963,8,Drive Unit Install,112,false,2025-04-14 00:00:00
964,7,Quality Inspection,61,false,2025-05-29 00:00:00
965,2,Final Assembly,73,false,2025-09-11 00:00:00
966,3,Painting,108,false,2025-05-25 00:00:00
967,4,Welding,95,false,2025-01-31 00:00:00
968,9,Painting,86,false,2025-03-03 00:00:00
969,8,Stamping,42,false,2025-04-25 00:00:00
970,7,Quality Inspection,16,false,2025-06-26 00:00:00
971,6,Battery Integration,85,false,2026-04-17 00:00:00
972,10,Painting,69,false,2026-02-07 00:00:00
973,9,Painting,117,false,2025-03-14 00:00:00
974,9,Final Assembly,83,false,2026-04-24 00:00:00
975,1,Painting,105,false,2025-03-21 00:00:00
976,8,Quality Inspection,70,false,2026-02-22 00:00:00
977,6,Painting,58,false,2025-01-13 00:00:00
978,3,Quality Inspection,66,false,2026-04-02 00:00:00
979,10,Drive Unit Install,60,false,2025-06-14 00:00:00
980,8,Quality Inspection,50,false,2025-01-30 00:00:00
981,3,Welding,54,false,2025-07-11 00:00:00
982,10,Quality Inspection,104,false,2026-02-25 00:00:00
983,10,Painting,41,false,2025-02-20 00:00:00
984,4,Painting,39,false,2025-03-26 00:00:00
985,6,Battery Integration,21,false,2025-02-11 00:00:00
986,11,Painting,22,false,2025-12-17 00:00:00
987,9,Drive Unit Install,56,false,2025-12-19 00:00:00
988,5,Painting,64,false,2025-09-01 00:00:00
989,7,Quality Inspection,119,false,2025-12-01 00:00:00
990,9,Quality Inspection,52,false,2025-04-16 00:00:00
991,8,Drive Unit Install,47,false,2025-06-29 00:00:00
992,4,Stamping,74,false,2026-01-03 00:00:00
993,4,Stamping,110,false,2025-05-01 00:00:00
994,3,Final Assembly,101,false,2025-09-01 00:00:00
995,1,Battery Integration,22,false,2025-06-29 00:00:00
996,10,Final Assembly,99,false,2026-03-29 00:00:00
997,4,Painting,32,false,2025-03-08 00:00:00
998,9,Welding,97,false,2025-02-04 00:00:00
999,9,Stamping,32,false,2025-05-20 00:00:00
1000,9,Quality Inspection,117,false,2025-07-27 00:00:00
1001,3,Welding,91,false,2025-10-18 00:00:00
1002,8,Stamping,74,false,2025-02-09 00:00:00
1003,9,Stamping,116,false,2025-09-30 00:00:00
1004,3,Painting,53,false,2025-08-04 00:00:00
1005,9,Battery Integration,20,false,2025-01-07 00:00:00
1006,11,Stamping,22,false,2025-08-09 00:00:00
1007,10,Painting,92,false,2025-04-19 00:00:00
1008,1,Drive Unit Install,74,false,2025-11-16 00:00:00
1009,11,Quality Inspection,58,false,2026-04-07 00:00:00
1010,2,Drive Unit Install,118,false,2026-01-12 00:00:00
1011,8,Welding,85,false,2025-12-28 00:00:00
1012,6,Painting,53,false,2025-07-28 00:00:00
1013,5,Welding,70,false,2025-07-04 00:00:00
1014,4,Welding,78,false,2025-08-15 00:00:00
1015,7,Final Assembly,26,false,2025-06-10 00:00:00
1016,5,Painting,46,false,2025-10-22 00:00:00
1017,9,Final Assembly,76,false,2025-09-18 00:00:00
1018,1,Quality Inspection,90,false,2026-04-20 00:00:00
1019,10,Stamping,93,false,2025-04-02 00:00:00
1020,6,Drive Unit Install,111,false,2026-01-06 00:00:00
1021,4,Final Assembly,54,false,2025-07-06 00:00:00
1022,4,Painting,37,false,2025-08-21 00:00:00
1023,8,Painting,34,false,2026-03-27 00:00:00
1024,7,Final Assembly,19,false,2025-06-02 00:00:00
1025,7,Battery Integration,77,true,2025-04-09 00:00:00
1026,7,Stamping,83,false,2025-04-19 00:00:00
1027,8,Drive Unit Install,20,false,2025-05-15 00:00:00
1028,7,Welding,35,false,2025-02-07 00:00:00
1029,2,Quality Inspection,31,false,2025-05-14 00:00:00
1030,5,Stamping,83,false,2025-09-26 00:00:00
1031,8,Battery Integration,81,false,2025-06-24 00:00:00
1032,6,Welding,100,false,2025-07-16 00:00:00
1033,5,Battery Integration,60,false,2025-03-28 00:00:00
1034,5,Welding,51,false,2026-02-19 00:00:00
1035,5,Stamping,96,false,2025-10-23 00:00:00
1036,11,Drive Unit Install,19,false,2025-12-08 00:00:00
1037,4,Welding,118,false,2025-07-24 00:00:00
1038,3,Battery Integration,85,false,2025-11-03 00:00:00
1039,11,Quality Inspection,101,false,2025-10-10 00:00:00
1040,5,Welding,92,false,2026-01-10 00:00:00
1041,2,Stamping,17,false,2025-12-05 00:00:00
1042,1,Welding,69,true,2025-01-07 00:00:00
1043,7,Painting,114,false,2026-04-08 00:00:00
1044,5,Painting,85,false,2025-10-04 00:00:00
1045,2,Stamping,17,false,2025-12-20 00:00:00
1046,10,Drive Unit Install,45,false,2026-01-20 00:00:00
1047,1,Battery Integration,42,false,2025-10-10 00:00:00
1048,4,Battery Integration,44,false,2025-04-12 00:00:00
1049,10,Quality Inspection,95,false,2025-06-29 00:00:00
1050,7,Stamping,40,false,2025-12-05 00:00:00
1051,9,Final Assembly,84,false,2026-03-22 00:00:00
1052,4,Drive Unit Install,49,false,2025-10-03 00:00:00
1053,2,Final Assembly,61,false,2025-06-27 00:00:00
1054,4,Drive Unit Install,86,false,2025-03-08 00:00:00
1055,2,Battery Integration,24,false,2026-02-04 00:00:00
1056,8,Drive Unit Install,23,false,2026-03-21 00:00:00
1057,3,Welding,65,false,2025-07-31 00:00:00
1058,5,Final Assembly,74,false,2025-04-27 00:00:00
1059,8,Welding,104,false,2026-04-24 00:00:00
1060,8,Drive Unit Install,103,false,2025-07-12 00:00:00
1061,4,Quality Inspection,56,false,2025-10-25 00:00:00
1062,9,Painting,50,false,2025-07-01 00:00:00
1063,8,Drive Unit Install,50,false,2025-03-03 00:00:00
1064,2,Final Assembly,18,false,2026-04-21 00:00:00
1065,11,Final Assembly,39,false,2025-08-01 00:00:00
1066,4,Battery Integration,117,false,2025-07-31 00:00:00
1067,3,Quality Inspection,49,false,2025-11-30 00:00:00
1068,7,Quality Inspection,105,false,2025-08-03 00:00:00
1069,8,Drive Unit Install,87,false,2025-06-26 00:00:00
1070,6,Battery Integration,58,false,2025-06-11 00:00:00
1071,7,Final Assembly,70,false,2025-03-08 00:00:00
1072,8,Battery Integration,98,false,2026-02-07 00:00:00
1073,9,Final Assembly,39,false,2025-09-06 00:00:00
1074,11,Final Assembly,110,false,2026-02-07 00:00:00
1075,6,Quality Inspection,49,false,2025-11-24 00:00:00
1076,7,Final Assembly,74,false,2026-03-26 00:00:00
1077,4,Final Assembly,67,false,2026-01-05 00:00:00
1078,1,Battery Integration,114,false,2025-05-10 00:00:00
1079,11,Welding,106,false,2025-05-12 00:00:00
1080,1,Final Assembly,38,false,2025-06-10 00:00:00
1081,5,Stamping,37,false,2025-09-02 00:00:00
1082,1,Welding,35,false,2025-08-18 00:00:00
1083,11,Drive Unit Install,21,false,2025-08-03 00:00:00
1084,11,Drive Unit Install,116,false,2025-12-23 00:00:00
1085,1,Welding,62,false,2025-01-17 00:00:00
1086,10,Quality Inspection,99,false,2025-04-05 00:00:00
1087,4,Final Assembly,15,false,2025-08-16 00:00:00
1088,2,Quality Inspection,68,false,2025-09-18 00:00:00
1089,1,Final Assembly,100,false,2026-03-06 00:00:00
1090,10,Drive Unit Install,54,false,2025-04-26 00:00:00
1091,8,Final Assembly,87,false,2025-11-22 00:00:00
1092,3,Battery Integration,95,false,2025-02-03 00:00:00
1093,7,Welding,108,false,2025-03-04 00:00:00
1094,5,Painting,60,false,2025-06-19 00:00:00
1095,6,Drive Unit Install,44,false,2025-11-11 00:00:00
1096,5,Battery Integration,58,false,2025-05-20 00:00:00
1097,9,Welding,83,false,2025-02-04 00:00:00
1098,6,Quality Inspection,87,false,2025-11-22 00:00:00
1099,10,Painting,73,false,2025-08-27 00:00:00
1100,9,Battery Integration,94,false,2025-02-17 00:00:00
1101,9,Drive Unit Install,111,false,2026-02-04 00:00:00
1102,6,Stamping,15,false,2026-03-14 00:00:00
1103,3,Painting,78,false,2025-05-28 00:00:00
1104,10,Battery Integration,63,false,2026-03-09 00:00:00
1105,8,Battery Integration,28,false,2025-02-18 00:00:00
1106,7,Quality Inspection,112,false,2025-05-21 00:00:00
1107,5,Drive Unit Install,109,false,2025-12-02 00:00:00
1108,10,Battery Integration,37,false,2026-01-16 00:00:00
1109,5,Final Assembly,73,false,2025-04-19 00:00:00
1110,2,Quality Inspection,53,false,2026-02-27 00:00:00
1111,10,Stamping,29,false,2026-04-10 00:00:00
1112,2,Quality Inspection,59,false,2025-12-24 00:00:00
1113,4,Painting,89,false,2025-01-24 00:00:00
1114,9,Quality Inspection,22,false,2025-07-26 00:00:00
1115,4,Final Assembly,90,false,2025-12-24 00:00:00
1116,11,Drive Unit Install,75,false,2025-07-22 00:00:00
1117,3,Painting,120,false,2025-06-21 00:00:00
1118,10,Stamping,115,false,2025-11-15 00:00:00
1119,8,Final Assembly,28,false,2025-03-07 00:00:00
1120,8,Battery Integration,52,false,2025-08-17 00:00:00
1121,9,Drive Unit Install,33,false,2025-01-04 00:00:00
1122,5,Quality Inspection,96,false,2025-03-24 00:00:00
1123,5,Drive Unit Install,111,false,2025-07-14 00:00:00
1124,7,Quality Inspection,107,false,2025-08-28 00:00:00
1125,7,Battery Integration,86,false,2026-02-27 00:00:00
1126,10,Stamping,21,false,2026-04-10 00:00:00
1127,3,Welding,110,false,2025-06-26 00:00:00
1128,1,Final Assembly,57,false,2025-05-09 00:00:00
1129,10,Drive Unit Install,109,false,2026-02-11 00:00:00
1130,7,Stamping,95,false,2025-10-08 00:00:00
1131,5,Drive Unit Install,108,false,2025-07-05 00:00:00
1132,9,Drive Unit Install,77,false,2025-10-30 00:00:00
1133,4,Quality Inspection,48,false,2026-03-05 00:00:00
1134,2,Welding,54,false,2025-08-18 00:00:00
1135,7,Welding,18,false,2025-07-01 00:00:00
1136,8,Final Assembly,66,false,2025-05-23 00:00:00
1137,6,Welding,114,true,2025-07-11 00:00:00
1138,11,Drive Unit Install,65,false,2025-08-11 00:00:00
1139,3,Painting,80,false,2025-12-30 00:00:00
1140,9,Painting,51,false,2025-10-14 00:00:00
1141,6,Battery Integration,38,false,2025-11-27 00:00:00
1142,10,Drive Unit Install,39,false,2026-04-18 00:00:00
1143,11,Welding,106,false,2025-06-11 00:00:00
1144,11,Final Assembly,49,false,2025-05-26 00:00:00
1145,8,Battery Integration,100,false,2025-03-15 00:00:00
1146,4,Quality Inspection,103,false,2025-11-10 00:00:00
1147,1,Final Assembly,58,false,2026-03-23 00:00:00
1148,10,Stamping,21,false,2025-07-19 00:00:00
1149,11,Final Assembly,35,false,2025-09-03 00:00:00
1150,10,Battery Integration,54,false,2026-03-21 00:00:00
1151,1,Welding,35,false,2025-03-29 00:00:00
1152,9,Final Assembly,77,false,2025-08-11 00:00:00
1153,7,Final Assembly,17,false,2026-03-08 00:00:00
1154,1,Final Assembly,31,false,2025-09-13 00:00:00
1155,5,Final Assembly,114,false,2025-12-17 00:00:00
1156,10,Drive Unit Install,20,false,2026-02-22 00:00:00
1157,4,Painting,100,false,2026-01-26 00:00:00
1158,10,Welding,79,false,2025-02-18 00:00:00
1159,9,Drive Unit Install,17,false,2025-03-20 00:00:00
1160,10,Welding,37,false,2025-07-15 00:00:00
1161,2,Painting,34,false,2026-02-19 00:00:00
1162,6,Welding,96,false,2025-12-20 00:00:00
1163,4,Stamping,36,false,2025-02-02 00:00:00
1164,10,Painting,114,false,2025-07-19 00:00:00
1165,11,Drive Unit Install,20,false,2025-05-19 00:00:00
1166,3,Battery Integration,118,false,2025-11-26 00:00:00
1167,4,Stamping,87,false,2025-07-18 00:00:00
1168,11,Welding,59,false,2025-03-06 00:00:00
1169,8,Welding,91,false,2025-09-21 00:00:00
1170,2,Battery Integration,69,false,2025-05-09 00:00:00
1171,8,Drive Unit Install,85,false,2025-03-06 00:00:00
1172,8,Stamping,31,false,2026-01-11 00:00:00
1173,4,Stamping,56,false,2025-06-06 00:00:00
1174,7,Drive Unit Install,72,false,2025-12-19 00:00:00
1175,4,Final Assembly,40,false,2026-01-02 00:00:00
1176,4,Battery Integration,59,false,2025-10-12 00:00:00
1177,10,Final Assembly,58,false,2025-11-05 00:00:00
1178,3,Drive Unit Install,100,false,2026-02-14 00:00:00
1179,5,Stamping,99,false,2025-11-17 00:00:00
1180,6,Welding,38,false,2025-01-15 00:00:00
1181,6,Welding,64,false,2025-08-08 00:00:00
1182,7,Welding,78,false,2025-07-07 00:00:00
1183,11,Stamping,55,false,2025-09-17 00:00:00
1184,9,Stamping,39,false,2025-04-27 00:00:00
1185,4,Final Assembly,26,false,2026-01-02 00:00:00
1186,5,Battery Integration,35,false,2026-03-19 00:00:00
1187,1,Battery Integration,52,false,2026-01-03 00:00:00
1188,8,Battery Integration,32,false,2025-02-02 00:00:00
1189,6,Welding,88,false,2025-04-05 00:00:00
1190,7,Drive Unit Install,43,false,2025-03-11 00:00:00
1191,2,Stamping,38,false,2025-06-21 00:00:00
1192,7,Welding,117,false,2025-10-30 00:00:00
1193,8,Stamping,100,false,2025-11-02 00:00:00
1194,11,Stamping,22,false,2025-11-03 00:00:00
1195,6,Battery Integration,38,false,2025-12-03 00:00:00
1196,1,Final Assembly,81,false,2025-02-05 00:00:00
1197,9,Quality Inspection,91,false,2025-01-13 00:00:00
1198,10,Stamping,21,false,2025-07-13 00:00:00
1199,1,Stamping,112,true,2026-04-08 00:00:00
1200,1,Painting,21,false,2025-06-06 00:00:00
1201,6,Painting,37,false,2025-02-07 00:00:00
1202,1,Battery Integration,47,false,2025-11-14 00:00:00
1203,6,Painting,91,false,2026-04-23 00:00:00
1204,6,Quality Inspection,37,false,2025-07-24 00:00:00
1205,11,Final Assembly,48,false,2025-02-02 00:00:00
1206,10,Quality Inspection,97,false,2025-09-18 00:00:00
1207,10,Quality Inspection,56,false,2025-08-30 00:00:00
1208,5,Drive Unit Install,83,false,2025-05-22 00:00:00
1209,3,Battery Integration,89,false,2025-03-27 00:00:00
1210,8,Welding,30,true,2026-03-20 00:00:00
1211,3,Final Assembly,39,false,2025-10-03 00:00:00
1212,4,Final Assembly,101,false,2025-02-28 00:00:00
1213,11,Welding,70,false,2025-08-29 00:00:00
1214,1,Battery Integration,85,false,2025-02-28 00:00:00
1215,5,Painting,32,false,2025-07-03 00:00:00
1216,8,Final Assembly,81,false,2026-04-05 00:00:00
1217,4,Welding,16,false,2025-11-27 00:00:00
1218,1,Quality Inspection,75,false,2025-03-30 00:00:00
1219,10,Battery Integration,101,false,2026-01-23 00:00:00
1220,2,Battery Integration,81,false,2026-01-16 00:00:00
1221,4,Battery Integration,20,false,2026-01-01 00:00:00
1222,2,Painting,31,false,2026-03-19 00:00:00
1223,8,Drive Unit Install,87,false,2025-08-27 00:00:00
1224,9,Final Assembly,92,false,2026-01-26 00:00:00
1225,1,Stamping,99,false,2025-07-06 00:00:00
1226,1,Stamping,58,false,2025-12-25 00:00:00
1227,7,Final Assembly,98,false,2025-05-11 00:00:00
1228,2,Stamping,54,false,2025-12-12 00:00:00
1229,8,Painting,19,false,2025-06-13 00:00:00
1230,10,Stamping,91,false,2025-12-31 00:00:00
1231,11,Painting,69,false,2025-07-31 00:00:00
1232,2,Final Assembly,22,false,2025-03-15 00:00:00
1233,6,Drive Unit Install,115,false,2026-01-23 00:00:00
1234,7,Welding,54,false,2025-01-05 00:00:00
1235,6,Final Assembly,74,false,2026-01-27 00:00:00
1236,8,Final Assembly,40,false,2026-03-31 00:00:00
1237,4,Quality Inspection,15,false,2025-02-17 00:00:00
1238,9,Final Assembly,101,false,2025-02-03 00:00:00
1239,9,Welding,88,false,2025-11-06 00:00:00
1240,5,Stamping,120,false,2026-04-06 00:00:00
1241,6,Stamping,31,true,2025-09-27 00:00:00
1242,11,Stamping,29,false,2025-03-15 00:00:00
1243,8,Battery Integration,102,false,2025-02-12 00:00:00
1244,5,Stamping,86,false,2025-09-18 00:00:00
1245,9,Welding,112,false,2025-08-27 00:00:00
1246,6,Welding,54,false,2025-04-16 00:00:00
1247,7,Welding,84,false,2026-01-08 00:00:00
1248,5,Stamping,73,false,2026-02-11 00:00:00
1249,3,Final Assembly,50,false,2025-10-03 00:00:00
1250,2,Drive Unit Install,49,false,2025-07-21 00:00:00
1251,10,Stamping,33,false,2026-01-18 00:00:00
1252,6,Final Assembly,109,false,2025-05-28 00:00:00
1253,2,Welding,108,false,2025-04-25 00:00:00
1254,4,Drive Unit Install,110,false,2025-03-06 00:00:00
1255,3,Final Assembly,28,false,2025-05-27 00:00:00
1256,1,Final Assembly,34,false,2026-01-17 00:00:00
1257,9,Battery Integration,22,false,2025-06-07 00:00:00
1258,1,Welding,61,false,2026-04-09 00:00:00
1259,4,Painting,81,false,2025-10-04 00:00:00
1260,11,Final Assembly,83,false,2025-02-18 00:00:00
1261,7,Battery Integration,33,false,2025-11-02 00:00:00
1262,10,Painting,95,false,2025-04-02 00:00:00
1263,5,Painting,87,false,2025-05-31 00:00:00
1264,4,Stamping,63,false,2025-07-18 00:00:00
1265,11,Painting,19,false,2025-02-11 00:00:00
1266,5,Final Assembly,65,false,2025-06-02 00:00:00
1267,3,Quality Inspection,79,false,2025-03-08 00:00:00
1268,3,Final Assembly,24,false,2025-09-07 00:00:00
1269,8,Quality Inspection,54,false,2026-04-06 00:00:00
1270,8,Drive Unit Install,95,false,2026-04-10 00:00:00
1271,9,Stamping,119,false,2026-01-29 00:00:00
1272,4,Welding,37,true,2025-03-26 00:00:00
1273,4,Battery Integration,22,false,2025-04-03 00:00:00
1274,6,Quality Inspection,34,false,2025-01-14 00:00:00
1275,5,Stamping,91,false,2025-04-02 00:00:00
1276,10,Painting,28,false,2026-02-21 00:00:00
1277,8,Battery Integration,60,false,2025-08-25 00:00:00
1278,4,Painting,74,false,2026-01-06 00:00:00
1279,3,Stamping,57,false,2025-08-18 00:00:00
1280,10,Stamping,60,false,2025-05-07 00:00:00
1281,9,Drive Unit Install,95,false,2025-06-10 00:00:00
1282,11,Stamping,101,false,2025-12-29 00:00:00
1283,9,Painting,115,false,2025-02-19 00:00:00
1284,11,Drive Unit Install,44,false,2026-04-04 00:00:00
1285,7,Final Assembly,59,false,2025-10-22 00:00:00
1286,11,Stamping,59,false,2025-10-01 00:00:00
1287,2,Drive Unit Install,108,false,2025-11-29 00:00:00
1288,7,Stamping,19,false,2025-05-17 00:00:00
1289,11,Final Assembly,117,false,2025-06-07 00:00:00
1290,4,Battery Integration,62,false,2025-04-16 00:00:00
1291,10,Battery Integration,63,false,2025-09-26 00:00:00
1292,1,Painting,38,false,2025-06-19 00:00:00
1293,4,Final Assembly,45,false,2025-04-04 00:00:00
1294,10,Stamping,100,false,2025-07-11 00:00:00
1295,4,Battery Integration,74,false,2025-08-27 00:00:00
1296,4,Quality Inspection,60,false,2025-11-04 00:00:00
1297,1,Battery Integration,38,true,2025-03-04 00:00:00
1298,8,Stamping,60,false,2026-02-10 00:00:00
1299,1,Final Assembly,76,false,2026-02-15 00:00:00
1300,1,Painting,45,false,2025-07-28 00:00:00
1301,8,Painting,103,false,2025-10-23 00:00:00
1302,10,Quality Inspection,116,false,2026-03-20 00:00:00
1303,1,Battery Integration,102,false,2025-03-04 00:00:00
1304,6,Final Assembly,43,false,2025-06-28 00:00:00
1305,6,Stamping,19,false,2026-01-13 00:00:00
1306,2,Quality Inspection,23,false,2025-07-09 00:00:00
1307,6,Battery Integration,105,false,2025-04-14 00:00:00
1308,5,Final Assembly,74,false,2025-04-08 00:00:00
1309,4,Final Assembly,56,false,2025-02-28 00:00:00
1310,2,Battery Integration,109,false,2026-04-09 00:00:00
1311,6,Welding,111,false,2025-06-18 00:00:00
1312,6,Stamping,53,false,2026-04-06 00:00:00
1313,5,Welding,21,false,2026-03-04 00:00:00
1314,1,Battery Integration,55,false,2025-11-08 00:00:00
1315,6,Painting,54,false,2025-05-18 00:00:00
1316,7,Drive Unit Install,30,true,2025-11-18 00:00:00
1317,2,Battery Integration,68,false,2025-03-09 00:00:00
1318,10,Painting,62,false,2026-04-04 00:00:00
1319,1,Quality Inspection,65,false,2025-05-18 00:00:00
1320,2,Battery Integration,28,false,2025-05-14 00:00:00
1321,8,Battery Integration,41,false,2025-11-29 00:00:00
1322,9,Stamping,22,false,2025-04-01 00:00:00
1323,5,Drive Unit Install,65,false,2025-10-11 00:00:00
1324,3,Quality Inspection,21,false,2025-03-02 00:00:00
1325,4,Painting,84,false,2026-01-05 00:00:00
1326,3,Welding,48,false,2025-03-13 00:00:00
1327,9,Quality Inspection,29,false,2025-10-02 00:00:00
1328,5,Stamping,106,false,2025-09-07 00:00:00
1329,7,Quality Inspection,51,false,2025-09-19 00:00:00
1330,2,Painting,95,false,2026-01-08 00:00:00
1331,8,Stamping,120,false,2026-02-14 00:00:00
1332,10,Quality Inspection,35,false,2025-08-27 00:00:00
1333,3,Welding,120,false,2025-03-14 00:00:00
1334,4,Painting,92,false,2026-02-19 00:00:00
1335,8,Quality Inspection,55,false,2025-12-06 00:00:00
1336,11,Stamping,59,false,2026-04-22 00:00:00
1337,4,Battery Integration,29,false,2026-02-11 00:00:00
1338,4,Stamping,90,false,2025-02-13 00:00:00
1339,5,Painting,112,false,2025-10-18 00:00:00
1340,4,Quality Inspection,31,false,2025-07-20 00:00:00
1341,9,Painting,87,false,2025-01-29 00:00:00
1342,9,Battery Integration,44,false,2025-10-13 00:00:00
1343,7,Drive Unit Install,79,false,2025-09-23 00:00:00
1344,9,Stamping,71,false,2025-03-05 00:00:00
1345,8,Final Assembly,18,false,2025-04-23 00:00:00
1346,6,Painting,45,false,2025-06-24 00:00:00
1347,4,Painting,16,false,2025-02-28 00:00:00
1348,2,Painting,26,false,2025-09-05 00:00:00
1349,1,Final Assembly,74,false,2025-11-25 00:00:00
1350,4,Final Assembly,73,false,2026-02-11 00:00:00
1351,7,Drive Unit Install,38,false,2025-05-17 00:00:00
1352,2,Quality Inspection,95,false,2025-11-10 00:00:00
1353,1,Quality Inspection,59,false,2025-12-16 00:00:00
1354,3,Final Assembly,34,false,2025-04-30 00:00:00
1355,11,Quality Inspection,71,false,2025-08-25 00:00:00
1356,9,Final Assembly,94,false,2025-05-30 00:00:00
1357,6,Stamping,76,false,2025-02-04 00:00:00
1358,8,Painting,28,false,2025-05-16 00:00:00
1359,8,Painting,87,false,2025-10-07 00:00:00
1360,3,Stamping,54,false,2025-06-12 00:00:00
1361,10,Stamping,100,false,2026-02-12 00:00:00
1362,5,Quality Inspection,36,false,2025-09-15 00:00:00
1363,1,Welding,75,false,2025-01-01 00:00:00
1364,6,Final Assembly,112,false,2025-09-25 00:00:00
1365,5,Final Assembly,51,false,2025-08-04 00:00:00
1366,2,Drive Unit Install,119,false,2025-09-03 00:00:00
1367,10,Quality Inspection,76,false,2025-05-07 00:00:00
1368,10,Welding,106,false,2026-02-05 00:00:00
1369,3,Quality Inspection,68,false,2025-09-11 00:00:00
1370,11,Welding,76,false,2025-01-05 00:00:00
1371,5,Final Assembly,87,false,2026-04-22 00:00:00
1372,5,Welding,18,false,2026-04-07 00:00:00
1373,9,Drive Unit Install,89,false,2025-03-01 00:00:00
1374,4,Painting,58,false,2025-03-26 00:00:00
1375,2,Battery Integration,26,false,2025-05-07 00:00:00
1376,10,Battery Integration,45,false,2025-07-04 00:00:00
1377,6,Stamping,106,false,2025-01-14 00:00:00
1378,11,Stamping,118,false,2026-02-25 00:00:00
1379,2,Quality Inspection,61,false,2025-10-24 00:00:00
1380,10,Final Assembly,94,false,2026-04-03 00:00:00
1381,7,Welding,90,false,2025-10-04 00:00:00
1382,2,Welding,102,false,2025-09-08 00:00:00
1383,11,Painting,28,false,2025-07-01 00:00:00
1384,7,Stamping,17,false,2025-06-02 00:00:00
1385,4,Battery Integration,109,false,2025-01-26 00:00:00
1386,6,Battery Integration,98,false,2025-12-14 00:00:00
1387,2,Welding,17,false,2025-03-17 00:00:00
1388,5,Stamping,115,false,2025-06-15 00:00:00
1389,7,Quality Inspection,108,false,2025-01-13 00:00:00
1390,2,Painting,70,false,2026-02-02 00:00:00
1391,9,Quality Inspection,100,false,2025-12-22 00:00:00
1392,11,Drive Unit Install,88,false,2025-01-07 00:00:00
1393,1,Battery Integration,85,false,2026-04-23 00:00:00
1394,1,Stamping,59,false,2026-02-03 00:00:00
1395,2,Final Assembly,117,false,2025-04-14 00:00:00
1396,5,Painting,119,false,2025-11-22 00:00:00
1397,7,Battery Integration,32,false,2025-08-27 00:00:00
1398,1,Welding,120,false,2025-11-30 00:00:00
1399,11,Stamping,40,false,2025-10-27 00:00:00
1400,8,Battery Integration,82,true,2025-06-22 00:00:00
1401,7,Battery Integration,99,false,2025-07-06 00:00:00
1402,1,Welding,100,false,2026-02-04 00:00:00
1403,3,Quality Inspection,93,false,2026-02-26 00:00:00
1404,4,Welding,104,false,2025-04-24 00:00:00
1405,6,Final Assembly,92,false,2025-05-14 00:00:00
1406,4,Final Assembly,33,false,2026-01-02 00:00:00
1407,6,Battery Integration,76,false,2026-02-28 00:00:00
1408,8,Final Assembly,64,false,2025-03-29 00:00:00
1409,8,Stamping,56,false,2026-04-16 00:00:00
1410,9,Battery Integration,83,false,2026-01-16 00:00:00
1411,9,Stamping,45,false,2026-04-20 00:00:00
1412,11,Welding,17,false,2025-01-07 00:00:00
1413,1,Painting,105,false,2025-05-13 00:00:00
1414,3,Painting,92,false,2026-02-27 00:00:00
1415,5,Stamping,49,false,2025-01-25 00:00:00
1416,6,Painting,23,false,2025-12-05 00:00:00
1417,9,Welding,16,false,2025-07-18 00:00:00
1418,1,Stamping,112,false,2025-02-15 00:00:00
1419,2,Quality Inspection,118,false,2025-03-23 00:00:00
1420,5,Quality Inspection,116,false,2025-10-05 00:00:00
1421,6,Painting,60,false,2025-07-22 00:00:00
1422,10,Painting,57,false,2025-10-17 00:00:00
1423,7,Drive Unit Install,20,false,2025-10-07 00:00:00
1424,9,Painting,38,false,2025-01-11 00:00:00
1425,11,Quality Inspection,108,false,2025-04-22 00:00:00
1426,9,Welding,15,false,2025-03-07 00:00:00
1427,9,Welding,47,false,2025-07-11 00:00:00
1428,7,Quality Inspection,38,false,2026-01-01 00:00:00
1429,7,Welding,38,false,2025-11-20 00:00:00
1430,4,Drive Unit Install,46,false,2025-07-25 00:00:00
1431,11,Welding,27,false,2025-04-11 00:00:00
1432,7,Stamping,116,false,2025-10-13 00:00:00
1433,7,Drive Unit Install,30,false,2026-01-20 00:00:00
1434,9,Quality Inspection,97,false,2025-12-31 00:00:00
1435,8,Stamping,50,false,2025-05-12 00:00:00
1436,2,Final Assembly,55,false,2025-08-17 00:00:00
1437,9,Final Assembly,37,false,2026-01-31 00:00:00
1438,5,Painting,66,false,2025-03-16 00:00:00
1439,11,Painting,69,false,2025-01-16 00:00:00
1440,10,Final Assembly,44,false,2025-10-12 00:00:00
1441,10,Final Assembly,44,true,2025-06-25 00:00:00
1442,7,Stamping,40,false,2025-08-22 00:00:00
1443,11,Stamping,117,false,2025-09-30 00:00:00
1444,5,Battery Integration,71,false,2025-03-02 00:00:00
1445,11,Stamping,15,false,2026-02-04 00:00:00
1446,7,Battery Integration,21,false,2025-02-05 00:00:00
1447,2,Battery Integration,59,false,2025-09-25 00:00:00
1448,10,Final Assembly,64,false,2025-05-26 00:00:00
1449,11,Stamping,32,false,2025-04-09 00:00:00
1450,5,Painting,70,false,2026-01-16 00:00:00
1451,1,Drive Unit Install,28,false,2025-09-21 00:00:00
1452,10,Welding,60,false,2025-10-14 00:00:00
1453,10,Stamping,72,false,2025-01-14 00:00:00
1454,11,Battery Integration,65,false,2026-01-24 00:00:00
1455,5,Quality Inspection,58,false,2025-01-01 00:00:00
1456,7,Stamping,112,false,2025-02-01 00:00:00
1457,4,Painting,27,false,2026-03-31 00:00:00
1458,3,Painting,34,false,2026-01-12 00:00:00
1459,11,Painting,90,false,2026-04-09 00:00:00
1460,10,Stamping,83,false,2025-02-13 00:00:00
1461,11,Painting,16,false,2026-01-27 00:00:00
1462,9,Welding,23,false,2025-01-26 00:00:00
1463,8,Final Assembly,74,false,2025-10-05 00:00:00
1464,5,Quality Inspection,33,false,2025-04-01 00:00:00
1465,2,Battery Integration,15,false,2025-02-25 00:00:00
1466,4,Welding,99,false,2025-01-28 00:00:00
1467,3,Final Assembly,113,false,2025-10-15 00:00:00
1468,2,Battery Integration,113,false,2025-09-16 00:00:00
1469,8,Welding,17,false,2025-12-27 00:00:00
1470,6,Stamping,46,false,2025-08-03 00:00:00
1471,6,Painting,58,true,2025-10-17 00:00:00
1472,1,Battery Integration,68,false,2025-12-03 00:00:00
1473,9,Drive Unit Install,84,false,2025-06-18 00:00:00
1474,2,Drive Unit Install,92,false,2025-05-01 00:00:00
1475,4,Stamping,50,false,2025-10-12 00:00:00
1476,10,Welding,53,false,2025-11-18 00:00:00
1477,8,Welding,65,false,2025-09-03 00:00:00
1478,5,Battery Integration,117,false,2025-04-15 00:00:00
1479,3,Painting,37,false,2025-01-19 00:00:00
1480,5,Welding,39,false,2025-03-01 00:00:00
1481,1,Battery Integration,49,false,2025-06-25 00:00:00
1482,4,Quality Inspection,18,false,2025-05-29 00:00:00
1483,3,Quality Inspection,51,false,2025-01-07 00:00:00
1484,1,Welding,55,false,2025-09-09 00:00:00
1485,7,Stamping,108,false,2025-03-07 00:00:00
1486,10,Stamping,98,false,2026-02-27 00:00:00
1487,8,Quality Inspection,24,false,2025-06-27 00:00:00
1488,11,Stamping,78,false,2025-01-26 00:00:00
1489,10,Drive Unit Install,91,false,2025-10-13 00:00:00
1490,2,Final Assembly,85,false,2025-07-16 00:00:00
1491,6,Battery Integration,65,false,2025-12-23 00:00:00
1492,9,Drive Unit Install,56,false,2025-06-03 00:00:00
1493,11,Painting,36,false,2026-02-12 00:00:00
1494,5,Drive Unit Install,22,false,2025-12-26 00:00:00
1495,9,Stamping,87,false,2026-03-26 00:00:00
1496,5,Stamping,68,false,2025-07-18 00:00:00
1497,6,Battery Integration,97,false,2025-03-13 00:00:00
1498,1,Battery Integration,21,false,2025-07-28 00:00:00
1499,11,Drive Unit Install,72,false,2025-09-02 00:00:00
1500,1,Painting,111,false,2025-08-19 00:00:00
1501,6,Final Assembly,94,false,2025-08-06 00:00:00
1502,10,Final Assembly,48,false,2025-02-23 00:00:00
1503,11,Drive Unit Install,24,false,2025-02-15 00:00:00
1504,3,Drive Unit Install,70,false,2025-04-29 00:00:00
1505,8,Drive Unit Install,94,false,2025-05-29 00:00:00
1506,5,Stamping,17,false,2025-07-18 00:00:00
1507,5,Welding,18,false,2025-02-18 00:00:00
1508,2,Battery Integration,40,false,2025-02-01 00:00:00
1509,7,Quality Inspection,99,false,2025-08-28 00:00:00
1510,5,Stamping,99,false,2025-03-13 00:00:00
1511,7,Welding,16,false,2025-05-12 00:00:00
1512,8,Welding,57,false,2025-01-24 00:00:00
1513,4,Drive Unit Install,71,false,2025-11-23 00:00:00
1514,1,Painting,36,false,2025-04-21 00:00:00
1515,11,Painting,25,false,2025-10-05 00:00:00
1516,6,Quality Inspection,100,false,2025-04-08 00:00:00
1517,10,Welding,115,false,2025-01-31 00:00:00
1518,6,Battery Integration,21,false,2025-02-11 00:00:00
1519,6,Final Assembly,119,false,2025-08-20 00:00:00
1520,1,Drive Unit Install,97,false,2025-02-07 00:00:00
1521,10,Painting,22,false,2025-11-28 00:00:00
1522,1,Stamping,26,false,2025-01-21 00:00:00
1523,4,Battery Integration,19,false,2026-02-07 00:00:00
1524,11,Stamping,18,false,2025-11-03 00:00:00
1525,11,Quality Inspection,73,false,2025-01-07 00:00:00
1526,4,Drive Unit Install,49,false,2025-02-07 00:00:00
1527,10,Painting,94,true,2025-06-26 00:00:00
1528,10,Drive Unit Install,79,false,2025-12-09 00:00:00
1529,11,Stamping,15,false,2025-11-28 00:00:00
1530,4,Welding,49,false,2025-02-09 00:00:00
1531,4,Battery Integration,35,false,2025-03-23 00:00:00
1532,1,Painting,60,false,2026-01-11 00:00:00
1533,3,Welding,37,false,2025-01-06 00:00:00
1534,9,Quality Inspection,105,false,2025-06-21 00:00:00
1535,1,Quality Inspection,70,false,2025-09-15 00:00:00
1536,9,Battery Integration,54,false,2025-04-12 00:00:00
1537,11,Welding,24,false,2026-02-15 00:00:00
1538,3,Painting,102,false,2025-09-16 00:00:00
1539,8,Painting,101,false,2025-06-26 00:00:00
1540,10,Welding,55,false,2025-07-14 00:00:00
1541,2,Drive Unit Install,89,false,2026-01-16 00:00:00
1542,8,Stamping,94,false,2025-10-20 00:00:00
1543,1,Battery Integration,66,false,2025-02-22 00:00:00
1544,9,Battery Integration,68,false,2025-02-02 00:00:00
1545,2,Drive Unit Install,23,false,2025-09-03 00:00:00
1546,6,Stamping,119,false,2026-02-19 00:00:00
1547,6,Painting,55,false,2026-01-01 00:00:00
1548,5,Painting,100,false,2025-05-01 00:00:00
1549,6,Battery Integration,48,false,2026-04-03 00:00:00
1550,4,Final Assembly,101,false,2025-05-03 00:00:00
1551,2,Stamping,74,false,2025-07-29 00:00:00
1552,4,Welding,56,false,2026-01-09 00:00:00
1553,2,Quality Inspection,57,false,2026-02-12 00:00:00
1554,4,Stamping,87,false,2025-07-19 00:00:00
1555,7,Quality Inspection,58,false,2025-02-05 00:00:00
1556,7,Stamping,51,false,2026-03-13 00:00:00
1557,11,Battery Integration,39,false,2025-04-13 00:00:00
1558,4,Stamping,112,false,2025-07-18 00:00:00
1559,2,Quality Inspection,30,false,2025-02-23 00:00:00
1560,10,Battery Integration,106,false,2025-02-16 00:00:00
1561,11,Quality Inspection,42,false,2025-04-07 00:00:00
1562,7,Stamping,91,false,2025-04-15 00:00:00
1563,8,Stamping,27,false,2025-05-25 00:00:00
1564,8,Painting,110,false,2025-10-27 00:00:00
1565,7,Quality Inspection,118,false,2025-04-18 00:00:00
1566,10,Final Assembly,113,true,2026-02-15 00:00:00
1567,9,Painting,27,false,2025-10-06 00:00:00
1568,9,Welding,93,false,2025-07-04 00:00:00
1569,4,Drive Unit Install,76,false,2025-07-15 00:00:00
1570,1,Painting,110,false,2026-03-23 00:00:00
1571,2,Quality Inspection,93,false,2025-03-23 00:00:00
1572,9,Quality Inspection,91,false,2025-03-03 00:00:00
1573,1,Final Assembly,103,true,2025-01-23 00:00:00
1574,6,Painting,54,false,2025-10-02 00:00:00
1575,9,Stamping,115,false,2026-03-07 00:00:00
1576,7,Stamping,61,false,2026-04-20 00:00:00
1577,4,Drive Unit Install,75,false,2026-04-08 00:00:00
1578,10,Quality Inspection,110,false,2025-12-03 00:00:00
1579,4,Quality Inspection,55,false,2026-04-22 00:00:00
1580,10,Drive Unit Install,46,false,2025-01-18 00:00:00
1581,9,Painting,56,true,2026-02-12 00:00:00
1582,4,Quality Inspection,37,false,2025-06-04 00:00:00
1583,9,Battery Integration,85,false,2025-10-18 00:00:00
1584,4,Welding,51,false,2026-04-15 00:00:00
1585,9,Quality Inspection,63,false,2025-08-21 00:00:00
1586,8,Battery Integration,95,false,2025-12-26 00:00:00
1587,8,Welding,101,false,2026-02-07 00:00:00
1588,5,Final Assembly,102,false,2025-08-11 00:00:00
1589,6,Battery Integration,117,false,2025-02-04 00:00:00
1590,4,Welding,53,false,2025-05-29 00:00:00
1591,6,Final Assembly,69,false,2026-02-27 00:00:00
1592,11,Quality Inspection,95,false,2025-10-01 00:00:00
1593,5,Stamping,104,false,2025-12-05 00:00:00
1594,8,Drive Unit Install,43,false,2026-01-05 00:00:00
1595,8,Stamping,43,false,2026-02-11 00:00:00
1596,4,Quality Inspection,69,false,2025-08-31 00:00:00
1597,9,Drive Unit Install,74,false,2025-05-23 00:00:00
1598,4,Welding,115,false,2025-03-11 00:00:00
1599,11,Final Assembly,17,false,2025-05-07 00:00:00
1600,3,Welding,49,false,2025-06-24 00:00:00
1601,4,Final Assembly,60,false,2025-07-07 00:00:00
1602,9,Painting,98,false,2026-02-07 00:00:00
1603,4,Battery Integration,92,false,2026-02-17 00:00:00
1604,11,Welding,23,false,2025-09-09 00:00:00
1605,2,Final Assembly,38,false,2025-10-08 00:00:00
1606,2,Quality Inspection,24,false,2025-08-22 00:00:00
1607,1,Painting,74,false,2025-11-14 00:00:00
1608,9,Stamping,106,false,2025-02-22 00:00:00
1609,10,Battery Integration,16,false,2025-01-12 00:00:00
1610,1,Quality Inspection,63,false,2025-03-31 00:00:00
1611,2,Battery Integration,87,false,2025-08-09 00:00:00
1612,6,Drive Unit Install,77,false,2025-04-20 00:00:00
1613,11,Welding,99,false,2025-07-19 00:00:00
1614,4,Painting,43,false,2026-01-16 00:00:00
1615,8,Battery Integration,81,false,2026-02-08 00:00:00
1616,3,Quality Inspection,88,false,2025-05-12 00:00:00
1617,7,Welding,100,false,2025-09-19 00:00:00
1618,9,Final Assembly,80,false,2025-06-14 00:00:00
1619,10,Drive Unit Install,99,false,2026-03-27 00:00:00
1620,3,Quality Inspection,97,false,2026-03-31 00:00:00
1621,6,Drive Unit Install,89,false,2025-06-14 00:00:00
1622,11,Stamping,110,false,2025-01-07 00:00:00
1623,10,Battery Integration,32,false,2025-12-17 00:00:00
1624,11,Final Assembly,120,false,2025-04-08 00:00:00
1625,10,Welding,21,false,2026-02-01 00:00:00
1626,3,Battery Integration,69,false,2025-12-17 00:00:00
1627,8,Final Assembly,21,false,2025-07-18 00:00:00
1628,2,Battery Integration,33,false,2026-03-02 00:00:00
1629,6,Stamping,72,false,2025-02-20 00:00:00
1630,9,Welding,31,false,2026-03-26 00:00:00
1631,3,Painting,34,false,2025-10-10 00:00:00
1632,3,Painting,101,false,2025-05-16 00:00:00
1633,3,Stamping,35,false,2025-05-13 00:00:00
1634,10,Painting,110,false,2025-09-15 00:00:00
1635,4,Battery Integration,120,false,2025-10-18 00:00:00
1636,4,Painting,83,false,2025-09-28 00:00:00
1637,3,Final Assembly,36,false,2025-11-30 00:00:00
1638,1,Quality Inspection,98,false,2025-05-18 00:00:00
1639,6,Welding,118,false,2026-01-09 00:00:00
1640,5,Welding,118,false,2026-01-24 00:00:00
1641,10,Battery Integration,47,false,2025-12-19 00:00:00
1642,1,Drive Unit Install,95,false,2025-03-11 00:00:00
1643,9,Welding,117,false,2026-02-13 00:00:00
1644,8,Stamping,43,false,2025-11-08 00:00:00
1645,2,Drive Unit Install,35,false,2025-08-01 00:00:00
1646,1,Painting,75,false,2026-01-12 00:00:00
1647,1,Welding,65,false,2025-11-07 00:00:00
1648,7,Drive Unit Install,115,false,2025-12-16 00:00:00
1649,6,Battery Integration,44,false,2025-03-30 00:00:00
1650,3,Final Assembly,19,false,2025-01-21 00:00:00
1651,9,Painting,56,false,2025-01-30 00:00:00
1652,10,Welding,66,false,2025-02-22 00:00:00
1653,3,Drive Unit Install,46,false,2025-07-18 00:00:00
1654,4,Stamping,31,false,2025-10-31 00:00:00
1655,9,Battery Integration,63,false,2026-02-20 00:00:00
1656,6,Stamping,42,false,2025-11-25 00:00:00
1657,2,Battery Integration,87,false,2025-09-05 00:00:00
1658,1,Final Assembly,99,false,2025-03-03 00:00:00
1659,8,Battery Integration,16,false,2025-04-13 00:00:00
1660,3,Stamping,25,false,2025-09-25 00:00:00
1661,7,Painting,21,false,2025-12-20 00:00:00
1662,9,Battery Integration,33,false,2025-09-03 00:00:00
1663,7,Welding,80,false,2025-02-26 00:00:00
1664,6,Welding,48,false,2025-05-17 00:00:00
1665,4,Final Assembly,100,false,2025-10-03 00:00:00
1666,11,Quality Inspection,78,false,2026-04-01 00:00:00
1667,3,Drive Unit Install,88,false,2026-04-15 00:00:00
1668,11,Battery Integration,91,false,2025-01-22 00:00:00
1669,2,Final Assembly,43,false,2025-03-24 00:00:00
1670,6,Stamping,31,false,2025-01-23 00:00:00
1671,6,Welding,75,false,2025-07-27 00:00:00
1672,6,Final Assembly,40,false,2025-09-19 00:00:00
1673,8,Painting,101,false,2025-05-22 00:00:00
1674,5,Welding,105,false,2026-02-11 00:00:00
1675,9,Quality Inspection,96,false,2025-08-14 00:00:00
1676,7,Drive Unit Install,99,false,2025-10-31 00:00:00
1677,11,Painting,77,false,2025-12-09 00:00:00
1678,9,Drive Unit Install,116,false,2025-12-10 00:00:00
1679,9,Quality Inspection,47,false,2025-07-21 00:00:00
1680,6,Quality Inspection,108,false,2025-10-01 00:00:00
1681,3,Battery Integration,52,false,2025-07-26 00:00:00
1682,6,Quality Inspection,81,false,2025-02-20 00:00:00
1683,7,Battery Integration,58,false,2026-03-12 00:00:00
1684,5,Painting,48,false,2025-11-30 00:00:00
1685,4,Drive Unit Install,95,false,2026-02-24 00:00:00
1686,9,Quality Inspection,106,false,2026-01-02 00:00:00
1687,5,Welding,108,false,2026-01-30 00:00:00
1688,1,Stamping,33,false,2025-08-11 00:00:00
1689,11,Painting,52,false,2025-11-26 00:00:00
1690,8,Battery Integration,70,false,2025-09-10 00:00:00
1691,3,Painting,19,false,2026-03-31 00:00:00
1692,11,Final Assembly,85,false,2025-04-23 00:00:00
1693,4,Quality Inspection,116,false,2025-06-20 00:00:00
1694,9,Stamping,66,false,2026-03-18 00:00:00
1695,1,Stamping,120,false,2025-12-05 00:00:00
1696,1,Welding,39,false,2026-01-05 00:00:00
1697,7,Quality Inspection,101,false,2025-01-10 00:00:00
1698,5,Drive Unit Install,20,false,2025-07-28 00:00:00
1699,8,Stamping,72,false,2025-05-17 00:00:00
1700,5,Painting,25,false,2025-08-30 00:00:00
1701,5,Quality Inspection,102,false,2025-02-16 00:00:00
1702,8,Painting,119,false,2025-07-26 00:00:00
1703,3,Stamping,84,false,2025-01-09 00:00:00
1704,11,Final Assembly,101,false,2025-03-12 00:00:00
1705,8,Drive Unit Install,74,false,2025-06-06 00:00:00
1706,5,Stamping,105,false,2026-03-18 00:00:00
1707,7,Welding,36,false,2026-03-16 00:00:00
1708,11,Welding,102,false,2025-09-24 00:00:00
1709,10,Final Assembly,22,false,2025-02-27 00:00:00
1710,10,Drive Unit Install,86,false,2026-02-16 00:00:00
1711,6,Drive Unit Install,101,false,2026-01-30 00:00:00
1712,5,Painting,67,false,2026-03-25 00:00:00
1713,3,Welding,38,false,2025-06-22 00:00:00
1714,7,Drive Unit Install,80,false,2025-02-19 00:00:00
1715,11,Drive Unit Install,49,false,2025-07-12 00:00:00
1716,7,Stamping,118,false,2025-06-07 00:00:00
1717,2,Battery Integration,63,false,2025-01-27 00:00:00
1718,2,Final Assembly,23,true,2025-08-13 00:00:00
1719,7,Quality Inspection,41,false,2026-01-16 00:00:00
1720,8,Welding,107,false,2026-03-29 00:00:00
1721,10,Final Assembly,65,false,2026-04-18 00:00:00
1722,3,Quality Inspection,88,false,2025-03-02 00:00:00
1723,6,Final Assembly,67,false,2025-07-25 00:00:00
1724,2,Stamping,42,false,2025-04-15 00:00:00
1725,9,Battery Integration,103,false,2025-04-02 00:00:00
1726,2,Battery Integration,48,false,2025-05-17 00:00:00
1727,6,Final Assembly,110,false,2025-12-19 00:00:00
1728,10,Battery Integration,105,false,2025-09-21 00:00:00
1729,9,Quality Inspection,35,false,2025-01-10 00:00:00
1730,3,Painting,82,false,2025-04-22 00:00:00
1731,1,Stamping,60,false,2025-01-17 00:00:00
1732,4,Painting,92,false,2026-01-01 00:00:00
1733,8,Stamping,57,false,2025-02-25 00:00:00
1734,6,Painting,94,false,2026-01-28 00:00:00
1735,2,Battery Integration,63,false,2025-08-01 00:00:00
1736,10,Final Assembly,21,false,2025-06-08 00:00:00
1737,1,Painting,113,false,2025-07-06 00:00:00
1738,8,Painting,99,false,2025-12-17 00:00:00
1739,4,Battery Integration,44,false,2025-08-16 00:00:00
1740,3,Quality Inspection,119,false,2025-11-22 00:00:00
1741,3,Battery Integration,35,false,2025-08-15 00:00:00
1742,1,Stamping,40,false,2025-08-20 00:00:00
1743,2,Quality Inspection,27,false,2026-03-16 00:00:00
1744,7,Quality Inspection,15,false,2025-02-13 00:00:00
1745,10,Painting,46,false,2025-01-07 00:00:00
1746,9,Welding,15,false,2025-03-29 00:00:00
1747,8,Final Assembly,31,true,2025-10-31 00:00:00
1748,1,Battery Integration,85,false,2025-09-09 00:00:00
1749,5,Stamping,41,false,2025-03-10 00:00:00
1750,1,Quality Inspection,62,false,2025-08-01 00:00:00
1751,7,Drive Unit Install,114,false,2025-09-14 00:00:00
1752,2,Final Assembly,59,false,2025-08-04 00:00:00
1753,3,Quality Inspection,85,false,2025-04-29 00:00:00
1754,8,Welding,113,false,2025-09-17 00:00:00
1755,4,Welding,107,false,2025-07-01 00:00:00
1756,1,Battery Integration,120,false,2025-07-23 00:00:00
1757,3,Drive Unit Install,49,false,2025-08-06 00:00:00
1758,10,Quality Inspection,47,false,2026-01-26 00:00:00
1759,10,Drive Unit Install,47,false,2026-02-18 00:00:00
1760,3,Drive Unit Install,116,false,2025-06-11 00:00:00
1761,6,Final Assembly,33,false,2025-12-09 00:00:00
1762,11,Painting,42,false,2025-05-26 00:00:00
1763,6,Battery Integration,107,false,2025-04-12 00:00:00
1764,6,Welding,23,false,2025-06-14 00:00:00
1765,3,Quality Inspection,57,false,2025-01-28 00:00:00
1766,4,Quality Inspection,74,false,2025-10-11 00:00:00
1767,3,Stamping,108,false,2026-04-09 00:00:00
1768,5,Stamping,73,false,2026-03-14 00:00:00
1769,1,Drive Unit Install,72,false,2025-08-13 00:00:00
1770,2,Final Assembly,102,false,2025-01-07 00:00:00
1771,8,Battery Integration,119,false,2026-02-16 00:00:00
1772,9,Welding,96,false,2026-01-29 00:00:00
1773,9,Welding,46,false,2025-03-31 00:00:00
1774,10,Battery Integration,108,false,2026-01-07 00:00:00
1775,6,Welding,84,false,2025-02-12 00:00:00
1776,11,Quality Inspection,19,false,2026-02-16 00:00:00
1777,7,Drive Unit Install,106,false,2025-07-31 00:00:00
1778,10,Battery Integration,68,false,2025-11-17 00:00:00
1779,7,Welding,43,false,2025-02-22 00:00:00
1780,6,Stamping,33,false,2025-05-29 00:00:00
1781,10,Final Assembly,17,false,2025-11-15 00:00:00
1782,9,Stamping,49,false,2025-10-26 00:00:00
1783,11,Battery Integration,53,false,2026-03-09 00:00:00
1784,5,Battery Integration,109,false,2025-03-19 00:00:00
1785,6,Painting,50,true,2025-03-07 00:00:00
1786,1,Stamping,58,false,2026-02-06 00:00:00
1787,11,Drive Unit Install,114,false,2025-10-03 00:00:00
1788,3,Painting,59,false,2025-07-29 00:00:00
1789,11,Stamping,77,false,2025-05-05 00:00:00
1790,7,Painting,60,false,2025-10-07 00:00:00
1791,1,Battery Integration,63,false,2025-08-02 00:00:00
1792,6,Painting,31,false,2025-08-11 00:00:00
1793,6,Stamping,52,false,2025-01-15 00:00:00
1794,1,Welding,64,false,2026-04-14 00:00:00
1795,5,Battery Integration,82,false,2025-10-09 00:00:00
1796,4,Final Assembly,25,false,2026-02-15 00:00:00
1797,5,Battery Integration,31,false,2026-03-06 00:00:00
1798,2,Final Assembly,53,false,2026-01-08 00:00:00
1799,11,Painting,38,false,2026-01-22 00:00:00
1800,1,Final Assembly,67,false,2025-12-15 00:00:00
1801,10,Stamping,22,true,2025-04-21 00:00:00
1802,9,Quality Inspection,54,false,2025-01-14 00:00:00
1803,10,Welding,19,false,2025-04-18 00:00:00
1804,8,Drive Unit Install,93,false,2025-02-19 00:00:00
1805,2,Quality Inspection,97,false,2025-12-18 00:00:00
1806,10,Drive Unit Install,60,false,2025-09-15 00:00:00
1807,9,Painting,51,false,2026-03-19 00:00:00
1808,2,Stamping,35,false,2025-05-19 00:00:00
1809,5,Final Assembly,82,false,2025-06-04 00:00:00
1810,2,Stamping,106,false,2025-06-21 00:00:00
1811,10,Drive Unit Install,73,false,2026-01-08 00:00:00
1812,4,Final Assembly,79,false,2025-08-06 00:00:00
1813,4,Welding,85,false,2026-01-04 00:00:00
1814,9,Battery Integration,110,false,2026-01-11 00:00:00
1815,6,Stamping,63,false,2026-03-04 00:00:00
1816,5,Stamping,81,false,2026-04-05 00:00:00
1817,9,Welding,118,false,2025-03-12 00:00:00
1818,11,Drive Unit Install,28,false,2026-02-16 00:00:00
1819,11,Welding,30,false,2026-03-20 00:00:00
1820,11,Stamping,63,false,2025-02-05 00:00:00
1821,1,Painting,120,false,2025-02-06 00:00:00
1822,11,Welding,107,false,2025-12-24 00:00:00
1823,3,Quality Inspection,90,false,2026-04-15 00:00:00
1824,3,Battery Integration,115,false,2025-08-24 00:00:00
1825,6,Quality Inspection,16,false,2025-04-02 00:00:00
1826,9,Welding,18,false,2025-11-27 00:00:00
1827,2,Quality Inspection,86,false,2026-04-10 00:00:00
1828,9,Stamping,89,false,2025-05-21 00:00:00
1829,9,Welding,109,false,2025-07-25 00:00:00
1830,9,Drive Unit Install,76,false,2025-09-11 00:00:00
1831,9,Battery Integration,113,false,2026-02-17 00:00:00
1832,5,Drive Unit Install,70,false,2026-04-06 00:00:00
1833,9,Drive Unit Install,105,false,2026-01-01 00:00:00
1834,1,Battery Integration,59,false,2026-03-10 00:00:00
1835,9,Welding,114,false,2026-01-15 00:00:00
1836,4,Battery Integration,117,false,2025-09-21 00:00:00
1837,6,Battery Integration,20,false,2025-07-14 00:00:00
1838,10,Stamping,44,false,2025-06-08 00:00:00
1839,7,Stamping,117,false,2026-03-14 00:00:00
1840,2,Painting,119,false,2025-07-31 00:00:00
1841,11,Welding,71,false,2025-12-02 00:00:00
1842,9,Quality Inspection,78,false,2025-01-27 00:00:00
1843,11,Quality Inspection,21,false,2026-03-27 00:00:00
1844,8,Quality Inspection,57,false,2025-01-21 00:00:00
1845,4,Drive Unit Install,72,false,2025-08-19 00:00:00
1846,5,Battery Integration,61,false,2025-12-12 00:00:00
1847,5,Welding,88,true,2025-04-20 00:00:00
1848,3,Stamping,34,false,2026-01-09 00:00:00
1849,7,Battery Integration,18,false,2025-04-29 00:00:00
1850,1,Drive Unit Install,119,false,2026-04-02 00:00:00
1851,4,Final Assembly,106,false,2025-04-15 00:00:00
1852,10,Painting,60,false,2026-03-30 00:00:00
1853,8,Final Assembly,88,false,2025-01-10 00:00:00
3006,10,Stamping,115,false,2025-08-30 00:00:00
1854,10,Battery Integration,98,false,2025-02-17 00:00:00
1855,7,Painting,117,false,2025-06-29 00:00:00
1856,1,Final Assembly,117,false,2025-12-03 00:00:00
1857,3,Quality Inspection,108,false,2026-04-03 00:00:00
1858,11,Painting,26,false,2026-01-26 00:00:00
1859,2,Painting,37,false,2025-04-24 00:00:00
1860,6,Painting,60,false,2025-09-18 00:00:00
1861,8,Drive Unit Install,15,false,2025-10-05 00:00:00
1862,2,Welding,35,false,2025-10-20 00:00:00
1863,11,Drive Unit Install,66,false,2025-12-10 00:00:00
1864,6,Drive Unit Install,64,false,2025-05-11 00:00:00
1865,5,Painting,42,false,2026-01-01 00:00:00
1866,11,Quality Inspection,97,false,2025-07-31 00:00:00
1867,2,Quality Inspection,96,true,2025-05-25 00:00:00
1868,5,Drive Unit Install,95,false,2026-01-31 00:00:00
1869,8,Quality Inspection,66,false,2025-01-20 00:00:00
1870,6,Quality Inspection,41,false,2025-12-01 00:00:00
1871,9,Welding,106,false,2025-06-29 00:00:00
1872,9,Painting,78,false,2025-10-18 00:00:00
1873,8,Drive Unit Install,114,false,2026-01-08 00:00:00
1874,7,Final Assembly,69,false,2025-07-19 00:00:00
1875,9,Welding,60,false,2025-08-24 00:00:00
1876,5,Stamping,63,false,2026-01-12 00:00:00
1877,2,Stamping,16,false,2026-01-26 00:00:00
1878,4,Quality Inspection,115,false,2025-07-31 00:00:00
1879,6,Stamping,110,false,2025-11-23 00:00:00
1880,4,Final Assembly,99,false,2026-02-03 00:00:00
1881,3,Battery Integration,20,false,2025-06-09 00:00:00
1882,5,Final Assembly,70,false,2025-03-29 00:00:00
1883,8,Battery Integration,43,false,2026-04-18 00:00:00
1884,11,Quality Inspection,21,false,2025-10-14 00:00:00
1885,11,Stamping,75,false,2025-09-14 00:00:00
1886,2,Battery Integration,105,false,2025-06-19 00:00:00
1887,9,Battery Integration,99,false,2025-08-28 00:00:00
1888,10,Painting,35,false,2026-03-04 00:00:00
1889,2,Drive Unit Install,115,false,2026-03-20 00:00:00
1890,6,Battery Integration,91,false,2025-12-24 00:00:00
1891,8,Final Assembly,73,false,2025-03-26 00:00:00
1892,3,Quality Inspection,96,false,2025-12-25 00:00:00
1893,4,Welding,45,false,2025-11-27 00:00:00
1894,2,Drive Unit Install,107,false,2025-11-26 00:00:00
1895,8,Quality Inspection,117,false,2026-01-10 00:00:00
1896,5,Welding,66,false,2025-09-30 00:00:00
1897,9,Stamping,92,false,2025-12-21 00:00:00
1898,10,Final Assembly,99,false,2026-04-11 00:00:00
1899,1,Quality Inspection,101,false,2025-02-25 00:00:00
1900,6,Battery Integration,55,false,2025-06-27 00:00:00
1901,2,Quality Inspection,30,false,2025-06-30 00:00:00
1902,10,Welding,70,false,2025-11-07 00:00:00
1903,6,Final Assembly,85,false,2025-04-17 00:00:00
1904,11,Stamping,87,false,2025-12-04 00:00:00
1905,9,Stamping,31,false,2025-03-23 00:00:00
1906,4,Final Assembly,98,false,2026-02-10 00:00:00
1907,1,Drive Unit Install,15,false,2025-11-19 00:00:00
1908,4,Battery Integration,35,false,2025-06-22 00:00:00
1909,11,Painting,26,false,2025-06-19 00:00:00
1910,2,Stamping,50,false,2026-04-16 00:00:00
1911,10,Welding,38,false,2025-03-07 00:00:00
1912,1,Final Assembly,57,false,2026-02-25 00:00:00
1913,9,Final Assembly,81,false,2025-04-04 00:00:00
1914,6,Stamping,110,false,2026-03-10 00:00:00
1915,9,Quality Inspection,23,false,2026-02-14 00:00:00
1916,3,Painting,84,false,2025-03-19 00:00:00
1917,8,Stamping,39,false,2025-05-09 00:00:00
1918,3,Painting,28,false,2025-11-10 00:00:00
1919,11,Drive Unit Install,96,false,2025-06-26 00:00:00
1920,10,Quality Inspection,118,false,2025-10-04 00:00:00
1921,5,Stamping,95,false,2026-01-03 00:00:00
1922,9,Final Assembly,114,false,2025-04-03 00:00:00
1923,9,Battery Integration,42,false,2025-08-03 00:00:00
1924,4,Final Assembly,60,true,2025-08-05 00:00:00
1925,7,Welding,107,false,2026-04-15 00:00:00
1926,1,Battery Integration,72,false,2025-09-13 00:00:00
1927,4,Quality Inspection,111,false,2025-06-02 00:00:00
1928,2,Painting,22,false,2026-01-24 00:00:00
1929,5,Battery Integration,49,false,2025-07-21 00:00:00
1930,9,Welding,22,false,2026-02-23 00:00:00
1931,9,Battery Integration,116,false,2025-06-28 00:00:00
1932,6,Welding,45,false,2026-04-17 00:00:00
1933,7,Drive Unit Install,45,false,2025-09-29 00:00:00
1934,7,Painting,23,false,2025-11-05 00:00:00
1935,11,Drive Unit Install,47,false,2025-01-05 00:00:00
1936,7,Final Assembly,115,false,2025-06-21 00:00:00
1937,6,Welding,111,false,2025-10-21 00:00:00
1938,5,Final Assembly,37,false,2025-03-11 00:00:00
1939,3,Drive Unit Install,29,false,2025-03-28 00:00:00
1940,7,Painting,60,false,2025-02-28 00:00:00
1941,10,Drive Unit Install,108,false,2025-01-24 00:00:00
1942,1,Welding,38,false,2025-01-02 00:00:00
1943,10,Painting,29,false,2025-11-18 00:00:00
1944,7,Stamping,58,false,2025-10-21 00:00:00
1945,6,Welding,89,false,2025-07-21 00:00:00
1946,5,Battery Integration,91,false,2025-08-28 00:00:00
1947,4,Painting,52,false,2026-04-25 00:00:00
1948,5,Battery Integration,25,false,2025-10-09 00:00:00
1949,10,Painting,37,false,2025-07-27 00:00:00
1950,4,Painting,21,false,2025-04-07 00:00:00
1951,9,Battery Integration,54,false,2025-08-08 00:00:00
1952,11,Stamping,108,false,2025-10-21 00:00:00
1953,5,Drive Unit Install,97,false,2025-02-15 00:00:00
1954,8,Welding,19,false,2025-03-19 00:00:00
1955,2,Final Assembly,75,false,2025-01-19 00:00:00
1956,11,Welding,33,false,2026-02-02 00:00:00
1957,6,Welding,64,false,2025-11-22 00:00:00
1958,10,Battery Integration,20,false,2025-11-17 00:00:00
1959,6,Quality Inspection,25,false,2026-02-25 00:00:00
1960,11,Final Assembly,93,false,2025-03-18 00:00:00
1961,4,Drive Unit Install,90,false,2025-04-15 00:00:00
1962,1,Welding,48,false,2025-05-11 00:00:00
1963,3,Final Assembly,94,false,2025-04-19 00:00:00
1964,6,Stamping,62,false,2025-11-10 00:00:00
1965,4,Painting,68,false,2025-07-23 00:00:00
1966,4,Painting,63,false,2025-12-05 00:00:00
1967,3,Final Assembly,87,false,2026-01-15 00:00:00
1968,2,Battery Integration,27,true,2025-07-10 00:00:00
1969,4,Painting,62,false,2025-03-03 00:00:00
1970,6,Drive Unit Install,21,false,2025-08-16 00:00:00
1971,6,Quality Inspection,112,false,2025-06-13 00:00:00
1972,2,Final Assembly,116,false,2025-05-24 00:00:00
1973,5,Battery Integration,30,false,2025-06-14 00:00:00
1974,9,Welding,64,false,2025-01-10 00:00:00
1975,9,Battery Integration,100,false,2026-01-18 00:00:00
1976,10,Stamping,72,false,2025-06-04 00:00:00
1977,6,Drive Unit Install,67,false,2026-03-14 00:00:00
1978,2,Final Assembly,55,false,2025-05-21 00:00:00
1979,7,Battery Integration,109,false,2025-08-06 00:00:00
1980,7,Battery Integration,102,false,2025-04-18 00:00:00
1981,9,Welding,85,false,2025-04-16 00:00:00
1982,11,Quality Inspection,73,false,2025-12-20 00:00:00
1983,3,Painting,101,false,2026-03-31 00:00:00
1984,11,Drive Unit Install,86,false,2026-01-30 00:00:00
1985,1,Stamping,53,false,2025-01-28 00:00:00
1986,6,Welding,25,false,2026-03-27 00:00:00
1987,4,Quality Inspection,113,false,2025-09-14 00:00:00
1988,7,Final Assembly,35,false,2026-04-09 00:00:00
1989,9,Battery Integration,94,false,2025-02-22 00:00:00
1990,9,Final Assembly,110,false,2025-12-13 00:00:00
1991,8,Welding,99,false,2026-01-13 00:00:00
1992,7,Quality Inspection,120,false,2025-12-07 00:00:00
1993,2,Stamping,18,false,2026-04-04 00:00:00
1994,11,Drive Unit Install,87,false,2025-07-24 00:00:00
1995,5,Stamping,71,false,2026-02-05 00:00:00
1996,7,Final Assembly,81,false,2025-01-19 00:00:00
1997,1,Quality Inspection,86,false,2025-12-20 00:00:00
1998,5,Stamping,58,false,2025-05-11 00:00:00
1999,2,Final Assembly,15,false,2026-02-01 00:00:00
2000,3,Stamping,75,false,2025-03-14 00:00:00
2001,3,Drive Unit Install,116,false,2025-02-18 00:00:00
2002,6,Painting,28,false,2025-11-08 00:00:00
2003,2,Battery Integration,23,false,2025-10-23 00:00:00
2004,4,Painting,27,false,2026-01-14 00:00:00
2005,7,Battery Integration,29,false,2026-01-24 00:00:00
2006,11,Painting,28,false,2025-09-04 00:00:00
2007,11,Welding,104,false,2026-03-21 00:00:00
2008,11,Stamping,58,false,2025-10-03 00:00:00
2009,4,Quality Inspection,103,false,2026-03-22 00:00:00
2010,2,Final Assembly,113,false,2025-03-15 00:00:00
2011,2,Quality Inspection,97,false,2025-07-07 00:00:00
2012,1,Battery Integration,95,false,2025-06-10 00:00:00
2013,8,Final Assembly,103,false,2025-01-09 00:00:00
2014,2,Quality Inspection,33,false,2026-02-22 00:00:00
2015,4,Stamping,100,false,2025-12-17 00:00:00
2016,11,Final Assembly,70,false,2025-06-22 00:00:00
2017,3,Quality Inspection,57,false,2025-08-19 00:00:00
2018,3,Final Assembly,65,false,2025-07-10 00:00:00
2019,5,Quality Inspection,80,false,2026-02-23 00:00:00
2020,8,Battery Integration,81,false,2025-07-27 00:00:00
2021,3,Drive Unit Install,67,false,2025-10-25 00:00:00
2022,2,Final Assembly,68,false,2025-07-19 00:00:00
2023,6,Quality Inspection,44,false,2025-12-03 00:00:00
2024,11,Drive Unit Install,52,false,2025-07-29 00:00:00
2025,9,Painting,19,false,2025-12-31 00:00:00
2026,8,Drive Unit Install,94,false,2026-02-21 00:00:00
2027,3,Quality Inspection,56,false,2026-01-14 00:00:00
2028,7,Painting,100,false,2026-02-07 00:00:00
2029,11,Welding,80,true,2025-03-03 00:00:00
2030,11,Drive Unit Install,67,false,2025-02-14 00:00:00
2031,3,Drive Unit Install,79,false,2025-03-10 00:00:00
2032,11,Stamping,74,false,2026-03-08 00:00:00
2033,3,Battery Integration,26,false,2025-06-03 00:00:00
2034,8,Battery Integration,23,false,2026-04-11 00:00:00
2035,10,Final Assembly,17,false,2025-11-04 00:00:00
2036,6,Battery Integration,68,false,2025-09-05 00:00:00
2037,7,Stamping,80,true,2025-10-07 00:00:00
2038,9,Drive Unit Install,72,false,2026-03-08 00:00:00
2039,7,Painting,17,false,2025-04-21 00:00:00
2040,8,Stamping,42,false,2025-03-09 00:00:00
2041,7,Drive Unit Install,45,false,2025-06-26 00:00:00
2042,5,Drive Unit Install,40,false,2026-04-04 00:00:00
2043,8,Drive Unit Install,85,false,2025-05-12 00:00:00
2044,2,Battery Integration,108,false,2025-11-21 00:00:00
2045,9,Drive Unit Install,70,false,2025-05-14 00:00:00
2046,9,Final Assembly,52,false,2025-07-10 00:00:00
2047,2,Welding,38,false,2025-08-24 00:00:00
2048,2,Painting,89,false,2026-04-05 00:00:00
2049,3,Drive Unit Install,45,false,2025-08-13 00:00:00
2050,3,Stamping,46,false,2025-08-17 00:00:00
2051,6,Drive Unit Install,95,false,2026-04-03 00:00:00
2052,2,Drive Unit Install,67,false,2025-12-15 00:00:00
2053,8,Welding,71,false,2025-07-28 00:00:00
2054,3,Drive Unit Install,16,false,2026-03-21 00:00:00
2055,11,Battery Integration,16,false,2026-01-02 00:00:00
2056,6,Drive Unit Install,109,false,2025-03-24 00:00:00
2057,7,Drive Unit Install,44,false,2025-11-22 00:00:00
2058,4,Welding,46,false,2025-10-10 00:00:00
2059,5,Drive Unit Install,100,false,2025-04-07 00:00:00
2060,8,Painting,118,false,2025-04-15 00:00:00
2061,8,Quality Inspection,103,false,2025-09-07 00:00:00
2062,11,Quality Inspection,76,false,2025-01-07 00:00:00
2063,7,Drive Unit Install,85,true,2026-04-09 00:00:00
2064,5,Painting,112,false,2025-12-03 00:00:00
2065,8,Final Assembly,27,false,2026-01-06 00:00:00
2066,5,Welding,75,false,2025-11-09 00:00:00
2067,6,Drive Unit Install,88,false,2025-04-07 00:00:00
2068,6,Drive Unit Install,110,false,2025-02-14 00:00:00
2069,11,Welding,69,false,2026-02-09 00:00:00
2070,11,Final Assembly,33,false,2025-10-28 00:00:00
2071,10,Battery Integration,74,false,2025-02-26 00:00:00
2072,4,Quality Inspection,69,false,2026-02-08 00:00:00
2073,7,Final Assembly,42,false,2025-10-03 00:00:00
2074,10,Battery Integration,116,false,2025-07-10 00:00:00
2075,6,Welding,95,false,2025-04-03 00:00:00
2076,8,Drive Unit Install,55,false,2026-03-08 00:00:00
2077,10,Welding,108,false,2025-10-12 00:00:00
2078,6,Quality Inspection,25,false,2025-09-22 00:00:00
2079,1,Painting,19,false,2025-07-07 00:00:00
2080,3,Welding,30,false,2025-10-05 00:00:00
2081,4,Painting,91,false,2025-12-20 00:00:00
2082,5,Battery Integration,91,false,2026-03-06 00:00:00
2083,3,Drive Unit Install,50,false,2025-05-21 00:00:00
2084,7,Quality Inspection,28,false,2026-04-09 00:00:00
2085,10,Drive Unit Install,58,false,2025-12-12 00:00:00
2086,5,Painting,20,false,2025-10-13 00:00:00
2087,11,Drive Unit Install,37,false,2025-09-16 00:00:00
2088,1,Battery Integration,71,false,2026-03-24 00:00:00
2089,6,Battery Integration,79,false,2025-06-11 00:00:00
2090,11,Quality Inspection,100,false,2025-09-17 00:00:00
2091,4,Painting,19,false,2025-10-18 00:00:00
2092,11,Stamping,97,false,2025-08-27 00:00:00
2093,1,Stamping,117,false,2026-02-24 00:00:00
2094,1,Welding,63,false,2025-06-17 00:00:00
2095,5,Drive Unit Install,54,false,2025-02-26 00:00:00
2096,1,Welding,117,false,2025-08-03 00:00:00
2097,10,Painting,66,false,2025-01-15 00:00:00
2098,1,Battery Integration,32,false,2026-03-16 00:00:00
2099,7,Stamping,18,false,2025-08-31 00:00:00
2100,11,Welding,100,false,2025-03-16 00:00:00
2101,7,Final Assembly,64,false,2025-12-18 00:00:00
2102,8,Quality Inspection,110,false,2025-01-02 00:00:00
2103,6,Final Assembly,110,false,2025-12-23 00:00:00
2104,8,Battery Integration,27,false,2025-01-16 00:00:00
2105,9,Drive Unit Install,84,false,2025-09-13 00:00:00
2106,11,Painting,65,false,2025-12-08 00:00:00
2107,4,Final Assembly,97,false,2026-01-14 00:00:00
2108,2,Battery Integration,57,false,2025-07-27 00:00:00
2109,6,Battery Integration,41,false,2026-01-24 00:00:00
2110,1,Welding,51,false,2026-04-19 00:00:00
2111,6,Final Assembly,70,false,2025-09-04 00:00:00
2112,6,Battery Integration,90,false,2025-07-30 00:00:00
2113,4,Welding,77,false,2025-11-05 00:00:00
2114,2,Final Assembly,110,false,2025-01-30 00:00:00
2115,11,Painting,26,false,2025-05-29 00:00:00
2116,10,Stamping,54,false,2025-10-10 00:00:00
2117,8,Welding,96,false,2025-12-03 00:00:00
2118,1,Stamping,37,false,2025-10-12 00:00:00
2119,1,Final Assembly,15,false,2025-02-23 00:00:00
2120,7,Welding,37,false,2026-04-13 00:00:00
2121,11,Battery Integration,79,false,2025-02-06 00:00:00
2122,1,Painting,97,false,2025-11-08 00:00:00
2123,11,Battery Integration,77,false,2026-04-05 00:00:00
2124,4,Welding,104,false,2025-03-12 00:00:00
2125,6,Drive Unit Install,18,false,2025-09-06 00:00:00
2126,1,Final Assembly,80,false,2025-08-16 00:00:00
2127,3,Final Assembly,108,false,2025-10-22 00:00:00
2128,10,Drive Unit Install,95,false,2025-10-17 00:00:00
2129,6,Painting,36,false,2025-12-17 00:00:00
2130,11,Stamping,58,false,2025-03-09 00:00:00
2131,11,Quality Inspection,31,true,2025-01-11 00:00:00
2132,2,Painting,36,false,2025-07-06 00:00:00
2133,5,Drive Unit Install,120,false,2026-02-09 00:00:00
2134,7,Quality Inspection,65,false,2025-05-07 00:00:00
2135,1,Welding,16,false,2025-12-24 00:00:00
2136,6,Welding,112,true,2025-10-20 00:00:00
2137,2,Painting,36,false,2025-09-25 00:00:00
2138,11,Battery Integration,42,false,2025-11-10 00:00:00
2139,9,Stamping,102,false,2025-11-06 00:00:00
2140,4,Drive Unit Install,79,false,2025-07-09 00:00:00
2141,1,Stamping,50,false,2025-10-12 00:00:00
2142,5,Battery Integration,94,false,2025-10-09 00:00:00
2143,8,Quality Inspection,98,false,2026-04-21 00:00:00
2144,5,Welding,79,false,2026-01-08 00:00:00
2145,9,Final Assembly,47,false,2025-11-21 00:00:00
2146,7,Drive Unit Install,45,false,2026-03-06 00:00:00
2147,5,Battery Integration,68,false,2025-01-13 00:00:00
2148,7,Painting,102,false,2025-11-30 00:00:00
2149,8,Welding,35,false,2025-10-25 00:00:00
2150,2,Battery Integration,117,false,2025-04-22 00:00:00
2151,1,Drive Unit Install,22,false,2026-03-19 00:00:00
2152,8,Quality Inspection,91,true,2026-02-26 00:00:00
2153,10,Drive Unit Install,72,false,2025-04-21 00:00:00
2154,5,Final Assembly,23,false,2026-04-24 00:00:00
2155,4,Quality Inspection,110,false,2025-03-11 00:00:00
2156,11,Final Assembly,98,true,2025-11-20 00:00:00
2157,2,Painting,77,false,2025-10-13 00:00:00
2158,11,Battery Integration,24,false,2025-05-16 00:00:00
2159,3,Drive Unit Install,86,false,2025-03-31 00:00:00
2160,4,Battery Integration,66,false,2025-09-23 00:00:00
2161,10,Stamping,21,false,2025-04-06 00:00:00
2162,5,Drive Unit Install,101,false,2025-01-02 00:00:00
2163,3,Drive Unit Install,56,false,2025-05-31 00:00:00
2164,1,Final Assembly,79,false,2025-07-19 00:00:00
2165,9,Stamping,101,false,2025-08-20 00:00:00
2166,1,Stamping,41,false,2026-01-01 00:00:00
2167,3,Welding,34,false,2026-03-11 00:00:00
2168,10,Drive Unit Install,70,false,2025-05-17 00:00:00
2169,8,Stamping,23,false,2025-01-13 00:00:00
2170,6,Stamping,105,false,2025-07-24 00:00:00
2171,11,Drive Unit Install,80,false,2025-10-21 00:00:00
2172,11,Battery Integration,22,false,2025-01-20 00:00:00
2173,2,Quality Inspection,18,false,2025-10-07 00:00:00
2174,5,Quality Inspection,44,false,2025-09-30 00:00:00
2175,10,Battery Integration,21,false,2025-08-16 00:00:00
2176,5,Final Assembly,28,false,2026-04-04 00:00:00
2177,6,Drive Unit Install,49,false,2025-01-21 00:00:00
2178,8,Final Assembly,92,false,2025-01-02 00:00:00
2179,1,Quality Inspection,114,false,2025-02-07 00:00:00
2180,10,Final Assembly,44,false,2025-09-14 00:00:00
2181,11,Quality Inspection,68,false,2025-09-08 00:00:00
2182,9,Final Assembly,16,false,2025-12-22 00:00:00
2183,6,Welding,29,false,2025-11-06 00:00:00
2184,4,Stamping,40,false,2026-03-16 00:00:00
2185,1,Drive Unit Install,79,false,2025-01-05 00:00:00
2186,1,Final Assembly,103,false,2026-03-18 00:00:00
2187,1,Final Assembly,25,false,2026-01-17 00:00:00
2188,10,Quality Inspection,43,false,2026-03-26 00:00:00
2189,8,Stamping,23,false,2025-04-10 00:00:00
2190,1,Battery Integration,54,false,2026-01-10 00:00:00
2191,3,Welding,64,false,2025-04-25 00:00:00
2192,4,Painting,61,false,2025-09-29 00:00:00
2193,4,Quality Inspection,97,false,2025-12-31 00:00:00
2194,8,Drive Unit Install,56,false,2025-10-11 00:00:00
2195,2,Quality Inspection,53,false,2025-03-14 00:00:00
2196,6,Quality Inspection,111,false,2025-11-16 00:00:00
2197,1,Painting,34,false,2025-07-04 00:00:00
2198,1,Drive Unit Install,15,false,2025-03-30 00:00:00
2199,8,Drive Unit Install,67,false,2026-04-08 00:00:00
2200,4,Welding,70,false,2025-04-15 00:00:00
2201,1,Quality Inspection,77,false,2026-04-22 00:00:00
2202,5,Final Assembly,22,false,2025-01-05 00:00:00
2203,1,Quality Inspection,105,false,2026-01-24 00:00:00
2204,3,Quality Inspection,106,false,2025-12-14 00:00:00
2205,10,Drive Unit Install,69,true,2026-03-02 00:00:00
2206,11,Painting,53,false,2025-02-21 00:00:00
2207,4,Quality Inspection,68,false,2026-04-04 00:00:00
2208,6,Battery Integration,29,false,2026-04-26 00:00:00
2209,1,Drive Unit Install,31,false,2026-03-28 00:00:00
2210,4,Battery Integration,65,false,2026-03-24 00:00:00
2211,11,Drive Unit Install,40,false,2025-03-05 00:00:00
2212,1,Painting,116,false,2025-09-28 00:00:00
2213,10,Painting,43,false,2025-03-24 00:00:00
2214,7,Quality Inspection,100,false,2025-12-15 00:00:00
2215,1,Final Assembly,30,false,2026-03-10 00:00:00
2216,1,Quality Inspection,17,false,2025-06-16 00:00:00
2217,5,Painting,75,false,2026-04-03 00:00:00
2218,5,Battery Integration,41,false,2025-10-20 00:00:00
2219,2,Painting,37,false,2025-09-19 00:00:00
2220,2,Stamping,105,false,2025-09-28 00:00:00
2221,10,Drive Unit Install,88,false,2025-03-23 00:00:00
2222,1,Final Assembly,120,false,2025-02-03 00:00:00
2223,11,Welding,107,false,2026-04-24 00:00:00
2224,9,Painting,82,false,2026-04-26 00:00:00
2225,9,Stamping,40,false,2025-12-14 00:00:00
2226,7,Battery Integration,107,false,2025-01-26 00:00:00
2227,9,Stamping,108,false,2025-10-18 00:00:00
2228,9,Drive Unit Install,101,false,2025-11-07 00:00:00
2229,11,Battery Integration,102,false,2025-11-09 00:00:00
2230,10,Battery Integration,31,false,2026-04-12 00:00:00
2231,9,Battery Integration,80,false,2025-04-18 00:00:00
2232,2,Battery Integration,28,false,2026-03-27 00:00:00
2233,1,Painting,28,false,2025-02-08 00:00:00
2234,7,Battery Integration,34,false,2025-03-08 00:00:00
2235,2,Stamping,33,false,2025-03-27 00:00:00
2236,7,Final Assembly,21,false,2025-08-07 00:00:00
2237,11,Painting,23,false,2025-12-04 00:00:00
2238,2,Final Assembly,26,false,2025-09-16 00:00:00
2239,6,Welding,80,false,2025-11-21 00:00:00
2240,3,Painting,104,false,2025-02-06 00:00:00
2241,10,Battery Integration,18,false,2026-04-20 00:00:00
2242,10,Drive Unit Install,86,false,2026-04-18 00:00:00
2243,11,Quality Inspection,48,false,2025-07-18 00:00:00
2244,8,Battery Integration,117,false,2025-03-06 00:00:00
2245,1,Drive Unit Install,82,false,2025-06-24 00:00:00
2246,8,Battery Integration,21,false,2025-07-21 00:00:00
2247,2,Painting,16,false,2025-10-18 00:00:00
2248,4,Painting,70,false,2025-01-21 00:00:00
2249,7,Quality Inspection,63,false,2025-07-07 00:00:00
2250,8,Painting,86,false,2025-09-20 00:00:00
2251,5,Stamping,63,false,2025-09-22 00:00:00
2252,1,Painting,52,false,2025-07-25 00:00:00
2253,11,Final Assembly,70,false,2026-04-26 00:00:00
2254,8,Painting,83,false,2025-04-03 00:00:00
2255,9,Final Assembly,29,false,2025-09-30 00:00:00
2256,5,Battery Integration,64,false,2025-01-04 00:00:00
2257,9,Drive Unit Install,26,false,2025-02-26 00:00:00
2258,11,Quality Inspection,50,false,2025-11-17 00:00:00
2259,10,Stamping,36,false,2026-01-16 00:00:00
2260,6,Stamping,25,false,2025-03-13 00:00:00
2261,11,Battery Integration,33,false,2025-07-11 00:00:00
2262,5,Painting,62,false,2026-04-01 00:00:00
2263,3,Stamping,119,true,2025-12-07 00:00:00
2264,4,Painting,61,false,2025-04-24 00:00:00
2265,2,Stamping,42,false,2025-11-30 00:00:00
2266,3,Drive Unit Install,44,false,2026-02-08 00:00:00
2267,11,Welding,18,false,2026-01-13 00:00:00
2268,10,Drive Unit Install,15,false,2025-01-16 00:00:00
2269,6,Battery Integration,81,false,2025-01-10 00:00:00
2270,8,Welding,19,false,2025-12-07 00:00:00
2271,9,Battery Integration,35,false,2025-08-16 00:00:00
2272,11,Battery Integration,46,false,2025-09-16 00:00:00
2273,9,Drive Unit Install,31,false,2025-12-12 00:00:00
2274,5,Final Assembly,75,false,2025-10-18 00:00:00
2275,2,Battery Integration,110,false,2025-07-08 00:00:00
2276,3,Painting,19,false,2025-11-19 00:00:00
2277,9,Battery Integration,36,false,2025-07-07 00:00:00
2278,2,Painting,101,false,2026-03-04 00:00:00
2279,10,Final Assembly,108,true,2025-05-02 00:00:00
2280,4,Painting,58,false,2025-06-08 00:00:00
2281,2,Stamping,97,false,2025-11-12 00:00:00
2282,3,Welding,85,false,2026-01-13 00:00:00
2283,8,Painting,50,false,2025-02-18 00:00:00
2284,4,Welding,103,false,2025-04-10 00:00:00
2285,4,Stamping,49,false,2025-03-09 00:00:00
2286,11,Drive Unit Install,16,false,2025-12-21 00:00:00
2287,9,Painting,37,false,2025-03-30 00:00:00
2288,9,Quality Inspection,19,false,2025-08-04 00:00:00
2289,8,Welding,24,false,2025-12-11 00:00:00
2290,3,Drive Unit Install,102,true,2025-10-05 00:00:00
2291,7,Welding,62,false,2025-07-12 00:00:00
2292,7,Painting,23,false,2025-12-10 00:00:00
2293,5,Quality Inspection,60,false,2025-05-10 00:00:00
2294,7,Painting,47,false,2025-02-10 00:00:00
2295,1,Drive Unit Install,39,false,2025-05-15 00:00:00
2296,6,Painting,56,false,2025-06-23 00:00:00
2297,4,Painting,113,false,2025-03-06 00:00:00
2298,6,Final Assembly,41,false,2025-02-15 00:00:00
2299,10,Drive Unit Install,100,false,2025-11-20 00:00:00
2300,2,Final Assembly,62,false,2025-12-27 00:00:00
2301,10,Final Assembly,20,false,2025-04-29 00:00:00
2302,6,Drive Unit Install,37,false,2025-05-03 00:00:00
2303,1,Battery Integration,82,false,2025-08-30 00:00:00
2304,3,Painting,88,false,2025-11-11 00:00:00
2305,1,Final Assembly,17,false,2025-12-16 00:00:00
2306,5,Final Assembly,84,false,2026-01-13 00:00:00
2307,6,Quality Inspection,39,false,2025-12-06 00:00:00
2308,3,Painting,67,false,2025-06-04 00:00:00
2309,6,Battery Integration,64,false,2025-07-26 00:00:00
2310,1,Drive Unit Install,108,false,2025-02-25 00:00:00
2311,1,Painting,91,false,2025-03-02 00:00:00
2312,7,Quality Inspection,47,false,2025-03-11 00:00:00
3007,5,Stamping,49,false,2025-07-28 00:00:00
2313,6,Drive Unit Install,20,false,2025-05-18 00:00:00
2314,4,Stamping,33,false,2025-10-13 00:00:00
2315,2,Welding,79,false,2025-12-15 00:00:00
2316,9,Final Assembly,81,false,2026-03-17 00:00:00
2317,5,Drive Unit Install,101,false,2025-02-13 00:00:00
2318,3,Battery Integration,31,false,2025-06-30 00:00:00
2319,4,Final Assembly,26,false,2026-01-10 00:00:00
2320,7,Stamping,91,false,2025-02-23 00:00:00
2321,2,Final Assembly,84,false,2025-03-31 00:00:00
2322,6,Painting,30,false,2025-01-25 00:00:00
2323,4,Painting,73,true,2025-03-20 00:00:00
2324,8,Drive Unit Install,78,false,2026-01-27 00:00:00
2325,5,Painting,87,false,2026-02-18 00:00:00
2326,4,Stamping,64,false,2025-11-21 00:00:00
2327,7,Stamping,106,false,2026-02-09 00:00:00
2328,3,Quality Inspection,40,false,2026-01-09 00:00:00
2329,2,Quality Inspection,50,false,2026-03-04 00:00:00
2330,11,Welding,61,false,2025-09-17 00:00:00
2331,6,Final Assembly,40,false,2025-10-21 00:00:00
2332,10,Painting,19,false,2025-06-25 00:00:00
2333,11,Painting,85,false,2026-03-14 00:00:00
2334,11,Drive Unit Install,19,false,2025-04-06 00:00:00
2335,10,Painting,39,false,2026-01-01 00:00:00
2336,3,Quality Inspection,34,false,2025-08-20 00:00:00
2337,4,Drive Unit Install,114,false,2026-01-13 00:00:00
2338,4,Final Assembly,30,false,2025-05-11 00:00:00
2339,8,Drive Unit Install,68,false,2025-09-04 00:00:00
2340,7,Quality Inspection,108,true,2026-04-12 00:00:00
2341,11,Welding,74,false,2025-11-16 00:00:00
2342,2,Drive Unit Install,23,false,2026-01-28 00:00:00
2343,3,Battery Integration,22,false,2026-02-03 00:00:00
2344,1,Painting,67,false,2026-02-15 00:00:00
2345,8,Final Assembly,100,false,2025-05-06 00:00:00
2346,6,Welding,119,false,2025-03-14 00:00:00
2347,7,Final Assembly,31,false,2026-04-22 00:00:00
2348,7,Welding,63,false,2026-01-09 00:00:00
2349,11,Battery Integration,80,false,2025-09-14 00:00:00
2350,3,Final Assembly,30,false,2025-05-14 00:00:00
2351,4,Quality Inspection,108,false,2025-05-03 00:00:00
2352,11,Quality Inspection,73,false,2026-01-26 00:00:00
2353,10,Welding,99,false,2026-02-24 00:00:00
2354,9,Quality Inspection,119,false,2025-03-21 00:00:00
2355,5,Painting,41,false,2025-05-03 00:00:00
2356,6,Quality Inspection,24,false,2025-07-11 00:00:00
2357,10,Stamping,101,false,2025-11-11 00:00:00
2358,11,Battery Integration,91,false,2025-03-15 00:00:00
2359,11,Drive Unit Install,116,false,2025-04-08 00:00:00
2360,5,Welding,19,false,2025-12-11 00:00:00
2361,2,Welding,80,false,2026-03-05 00:00:00
2362,1,Quality Inspection,79,false,2025-03-30 00:00:00
2363,6,Stamping,95,false,2025-09-11 00:00:00
2364,8,Battery Integration,20,false,2025-03-23 00:00:00
2365,11,Final Assembly,77,false,2025-02-21 00:00:00
2366,6,Final Assembly,26,false,2025-12-11 00:00:00
2367,2,Welding,20,false,2025-06-23 00:00:00
2368,5,Drive Unit Install,59,false,2025-02-12 00:00:00
2369,9,Final Assembly,105,false,2025-01-03 00:00:00
2370,4,Final Assembly,94,false,2025-01-16 00:00:00
2371,2,Quality Inspection,21,false,2025-02-28 00:00:00
2372,9,Quality Inspection,77,false,2025-04-27 00:00:00
2373,5,Quality Inspection,82,false,2025-01-15 00:00:00
2374,1,Battery Integration,100,false,2025-09-12 00:00:00
2375,5,Final Assembly,98,false,2025-04-25 00:00:00
2376,5,Battery Integration,43,false,2025-01-15 00:00:00
2377,4,Final Assembly,24,false,2025-03-21 00:00:00
2378,5,Battery Integration,119,false,2026-02-16 00:00:00
2379,5,Drive Unit Install,111,false,2025-11-17 00:00:00
2380,6,Drive Unit Install,109,false,2025-05-13 00:00:00
2381,4,Quality Inspection,35,false,2025-09-08 00:00:00
2382,2,Stamping,19,false,2025-02-12 00:00:00
2383,7,Battery Integration,118,false,2025-05-18 00:00:00
2384,6,Stamping,21,false,2025-01-11 00:00:00
2385,4,Quality Inspection,66,false,2025-03-11 00:00:00
2386,6,Painting,119,false,2025-03-05 00:00:00
2387,8,Quality Inspection,117,false,2025-11-04 00:00:00
2388,4,Welding,47,false,2026-04-11 00:00:00
2389,4,Painting,54,false,2026-04-06 00:00:00
2390,4,Stamping,100,false,2025-04-29 00:00:00
2391,9,Battery Integration,15,false,2026-02-16 00:00:00
2392,8,Painting,35,false,2026-02-24 00:00:00
2393,7,Painting,71,false,2025-06-07 00:00:00
2394,9,Final Assembly,48,false,2025-10-11 00:00:00
2395,11,Stamping,76,false,2025-07-21 00:00:00
2396,4,Welding,37,true,2025-03-07 00:00:00
2397,6,Quality Inspection,100,false,2025-11-23 00:00:00
2398,10,Stamping,78,false,2025-07-22 00:00:00
2399,5,Drive Unit Install,82,false,2025-07-09 00:00:00
2400,8,Battery Integration,49,false,2026-03-21 00:00:00
2401,7,Final Assembly,60,false,2025-01-31 00:00:00
2402,7,Battery Integration,38,false,2025-05-16 00:00:00
2403,9,Final Assembly,118,false,2025-09-26 00:00:00
2404,5,Quality Inspection,49,false,2025-11-17 00:00:00
2405,1,Welding,17,false,2026-04-13 00:00:00
2406,4,Drive Unit Install,109,false,2025-05-29 00:00:00
2407,10,Painting,41,false,2025-09-06 00:00:00
2408,11,Final Assembly,22,false,2025-10-29 00:00:00
2409,11,Quality Inspection,119,false,2025-03-01 00:00:00
2410,10,Quality Inspection,31,false,2025-06-13 00:00:00
2411,11,Painting,74,false,2026-03-04 00:00:00
2412,2,Battery Integration,78,true,2025-10-19 00:00:00
2413,4,Battery Integration,72,false,2025-09-27 00:00:00
2414,1,Welding,48,false,2025-05-14 00:00:00
2415,9,Battery Integration,82,false,2025-06-03 00:00:00
2416,1,Welding,60,false,2025-02-16 00:00:00
2417,11,Painting,49,false,2025-09-26 00:00:00
2418,3,Final Assembly,55,false,2025-07-10 00:00:00
2419,6,Final Assembly,118,false,2025-01-15 00:00:00
2420,11,Stamping,85,false,2025-03-29 00:00:00
2421,9,Quality Inspection,61,false,2026-03-16 00:00:00
2422,3,Drive Unit Install,104,false,2025-06-10 00:00:00
2423,9,Welding,104,false,2026-02-11 00:00:00
2424,9,Stamping,27,false,2025-09-21 00:00:00
2425,3,Drive Unit Install,24,false,2025-06-28 00:00:00
2426,10,Welding,118,false,2025-08-21 00:00:00
2427,5,Battery Integration,109,false,2025-04-07 00:00:00
3008,3,Painting,93,false,2025-07-02 00:00:00
2428,2,Quality Inspection,74,false,2025-04-23 00:00:00
2429,10,Stamping,83,false,2025-03-26 00:00:00
2430,8,Painting,83,false,2026-04-02 00:00:00
2431,8,Battery Integration,53,false,2025-05-06 00:00:00
2432,11,Drive Unit Install,29,false,2025-01-03 00:00:00
2433,9,Quality Inspection,114,false,2025-01-21 00:00:00
2434,4,Battery Integration,92,false,2025-04-25 00:00:00
2435,10,Quality Inspection,30,false,2025-11-03 00:00:00
2436,7,Welding,112,false,2025-08-16 00:00:00
2437,6,Drive Unit Install,50,false,2025-12-03 00:00:00
2438,9,Quality Inspection,67,false,2025-03-29 00:00:00
2439,3,Quality Inspection,98,false,2025-01-19 00:00:00
2440,1,Stamping,109,false,2025-04-17 00:00:00
2441,11,Quality Inspection,29,false,2025-11-12 00:00:00
2442,10,Final Assembly,117,false,2026-03-14 00:00:00
2443,3,Battery Integration,63,false,2025-05-09 00:00:00
2444,2,Painting,44,false,2025-06-20 00:00:00
2445,11,Welding,54,false,2026-01-27 00:00:00
2446,6,Welding,61,false,2025-07-19 00:00:00
2447,8,Battery Integration,49,false,2025-11-21 00:00:00
2448,6,Welding,116,false,2026-03-12 00:00:00
2449,1,Welding,93,false,2025-12-09 00:00:00
2450,6,Painting,42,false,2026-04-24 00:00:00
2451,6,Welding,17,false,2025-03-26 00:00:00
2452,8,Stamping,32,false,2025-08-04 00:00:00
2453,9,Final Assembly,78,false,2026-01-06 00:00:00
2454,9,Welding,102,false,2025-07-23 00:00:00
2455,2,Drive Unit Install,37,false,2026-01-16 00:00:00
2456,4,Welding,52,false,2025-02-28 00:00:00
2457,7,Final Assembly,119,false,2025-10-16 00:00:00
2458,4,Battery Integration,89,false,2025-05-13 00:00:00
2459,5,Quality Inspection,104,false,2025-11-06 00:00:00
2460,4,Stamping,52,false,2026-04-15 00:00:00
2461,3,Welding,73,false,2025-12-13 00:00:00
2462,7,Drive Unit Install,102,false,2025-01-12 00:00:00
2463,9,Drive Unit Install,26,false,2026-04-19 00:00:00
2464,6,Welding,47,false,2026-02-03 00:00:00
2465,10,Final Assembly,56,false,2025-06-03 00:00:00
2466,5,Quality Inspection,65,false,2025-03-14 00:00:00
2467,8,Painting,24,false,2026-04-08 00:00:00
2468,11,Battery Integration,62,false,2025-10-19 00:00:00
2469,8,Painting,65,false,2025-01-04 00:00:00
2470,9,Painting,107,false,2026-03-31 00:00:00
2471,9,Final Assembly,71,false,2025-04-17 00:00:00
2472,8,Painting,77,false,2026-04-15 00:00:00
2473,3,Drive Unit Install,48,false,2025-07-02 00:00:00
2474,3,Battery Integration,66,false,2025-01-06 00:00:00
2475,1,Battery Integration,84,false,2025-07-01 00:00:00
2476,7,Welding,39,false,2025-08-11 00:00:00
2477,6,Final Assembly,65,false,2025-12-08 00:00:00
2478,3,Quality Inspection,49,false,2025-11-17 00:00:00
2479,6,Welding,47,false,2025-07-31 00:00:00
2480,3,Painting,76,false,2025-08-10 00:00:00
2481,2,Drive Unit Install,64,false,2025-08-31 00:00:00
2482,6,Painting,24,false,2025-03-12 00:00:00
2483,3,Battery Integration,15,false,2025-03-10 00:00:00
2484,4,Battery Integration,72,false,2025-08-04 00:00:00
2485,10,Drive Unit Install,113,false,2025-04-10 00:00:00
2486,8,Stamping,117,false,2025-07-20 00:00:00
2487,3,Drive Unit Install,74,false,2025-07-27 00:00:00
2488,1,Battery Integration,52,false,2025-04-01 00:00:00
2489,1,Drive Unit Install,29,false,2025-05-05 00:00:00
2490,10,Welding,43,false,2026-04-01 00:00:00
2491,2,Drive Unit Install,23,false,2025-06-07 00:00:00
2492,4,Quality Inspection,20,false,2025-10-18 00:00:00
2493,5,Stamping,42,false,2025-01-14 00:00:00
2494,7,Drive Unit Install,102,false,2025-09-05 00:00:00
2495,4,Painting,69,false,2026-04-11 00:00:00
2496,10,Quality Inspection,95,true,2025-10-10 00:00:00
2497,4,Quality Inspection,36,false,2025-01-03 00:00:00
2498,9,Quality Inspection,80,false,2025-11-14 00:00:00
2499,10,Painting,53,false,2025-07-18 00:00:00
2500,11,Stamping,55,false,2025-10-24 00:00:00
2501,2,Quality Inspection,34,false,2025-11-18 00:00:00
2502,5,Painting,46,false,2025-01-24 00:00:00
2503,11,Battery Integration,105,false,2025-04-09 00:00:00
2504,6,Welding,69,false,2026-03-05 00:00:00
2505,7,Final Assembly,104,false,2026-01-21 00:00:00
2506,6,Quality Inspection,82,false,2025-01-30 00:00:00
2507,3,Battery Integration,108,false,2026-04-02 00:00:00
2508,9,Battery Integration,59,false,2026-03-15 00:00:00
2509,6,Welding,70,false,2026-02-16 00:00:00
2510,6,Painting,87,false,2025-02-09 00:00:00
2511,3,Final Assembly,32,false,2025-01-05 00:00:00
2512,2,Stamping,70,false,2025-08-17 00:00:00
2513,3,Stamping,80,false,2025-05-03 00:00:00
2514,2,Welding,115,true,2025-10-30 00:00:00
2515,10,Drive Unit Install,115,false,2025-08-06 00:00:00
2516,9,Quality Inspection,81,false,2025-05-17 00:00:00
2517,9,Welding,37,false,2025-03-06 00:00:00
2518,7,Stamping,37,false,2026-02-22 00:00:00
2519,2,Quality Inspection,17,false,2025-10-26 00:00:00
2520,2,Welding,94,false,2025-02-12 00:00:00
2521,6,Stamping,49,false,2025-02-25 00:00:00
2522,5,Battery Integration,38,false,2026-04-26 00:00:00
2523,8,Stamping,22,false,2026-01-02 00:00:00
2524,6,Battery Integration,66,false,2025-03-04 00:00:00
2525,11,Final Assembly,38,false,2025-07-12 00:00:00
2526,2,Battery Integration,94,false,2025-02-04 00:00:00
2527,2,Welding,86,false,2026-02-03 00:00:00
2528,3,Quality Inspection,95,false,2025-01-03 00:00:00
2529,2,Drive Unit Install,97,false,2025-08-08 00:00:00
2530,1,Painting,36,false,2025-12-20 00:00:00
2531,2,Painting,26,false,2025-02-19 00:00:00
2532,7,Welding,17,false,2025-06-01 00:00:00
2533,6,Welding,79,false,2025-05-07 00:00:00
2534,6,Quality Inspection,109,false,2025-09-10 00:00:00
2535,4,Drive Unit Install,16,false,2025-04-04 00:00:00
2536,1,Final Assembly,32,false,2025-07-31 00:00:00
2537,1,Stamping,25,false,2025-10-01 00:00:00
2538,9,Final Assembly,23,false,2025-12-01 00:00:00
2539,1,Drive Unit Install,18,false,2025-09-18 00:00:00
2540,1,Painting,77,false,2025-10-18 00:00:00
2541,1,Stamping,70,false,2025-06-14 00:00:00
2542,3,Stamping,95,false,2026-03-14 00:00:00
2543,11,Stamping,38,true,2025-10-11 00:00:00
2544,2,Quality Inspection,44,false,2025-06-11 00:00:00
2545,1,Final Assembly,37,false,2025-06-14 00:00:00
2546,9,Painting,111,false,2025-05-22 00:00:00
2547,7,Final Assembly,61,false,2026-03-14 00:00:00
2548,8,Final Assembly,68,false,2025-05-06 00:00:00
2549,4,Stamping,52,false,2026-03-14 00:00:00
2550,8,Painting,48,false,2025-10-14 00:00:00
2551,3,Battery Integration,76,false,2026-02-28 00:00:00
2552,11,Battery Integration,43,false,2025-02-04 00:00:00
2553,2,Final Assembly,84,false,2025-09-27 00:00:00
2554,6,Final Assembly,52,false,2025-02-01 00:00:00
2555,5,Welding,22,false,2026-03-20 00:00:00
2556,8,Stamping,65,false,2025-12-30 00:00:00
2557,8,Stamping,22,false,2025-05-16 00:00:00
2558,1,Drive Unit Install,71,false,2025-04-28 00:00:00
2559,1,Final Assembly,89,false,2025-12-05 00:00:00
2560,3,Painting,99,false,2026-04-22 00:00:00
2561,9,Stamping,60,false,2026-04-10 00:00:00
2562,7,Painting,72,false,2025-03-21 00:00:00
2563,9,Drive Unit Install,112,false,2025-09-21 00:00:00
2564,9,Drive Unit Install,68,false,2025-03-08 00:00:00
2565,2,Final Assembly,41,false,2026-02-15 00:00:00
2566,1,Final Assembly,114,false,2026-02-18 00:00:00
2567,1,Drive Unit Install,117,false,2026-04-17 00:00:00
2568,7,Painting,63,false,2025-11-23 00:00:00
2569,11,Painting,96,false,2025-11-03 00:00:00
2570,6,Quality Inspection,108,false,2025-07-27 00:00:00
2571,4,Quality Inspection,44,false,2026-01-19 00:00:00
2572,10,Quality Inspection,67,false,2025-07-14 00:00:00
2573,10,Welding,88,false,2025-05-31 00:00:00
2574,1,Painting,66,false,2025-11-24 00:00:00
2575,3,Stamping,56,false,2025-02-08 00:00:00
2576,10,Battery Integration,101,false,2025-01-07 00:00:00
2577,3,Final Assembly,109,false,2025-05-14 00:00:00
2578,4,Welding,108,false,2026-01-19 00:00:00
2579,7,Final Assembly,37,false,2025-05-08 00:00:00
2580,1,Quality Inspection,87,false,2025-11-20 00:00:00
2581,6,Welding,37,false,2026-02-25 00:00:00
2582,3,Quality Inspection,47,false,2026-03-04 00:00:00
2583,4,Battery Integration,100,false,2025-04-01 00:00:00
2584,1,Drive Unit Install,32,false,2026-03-29 00:00:00
2585,7,Painting,63,false,2025-03-08 00:00:00
2586,3,Battery Integration,107,false,2025-01-20 00:00:00
2587,11,Quality Inspection,40,false,2025-04-03 00:00:00
2588,11,Battery Integration,21,false,2026-01-08 00:00:00
2589,6,Final Assembly,108,false,2025-05-07 00:00:00
2590,5,Painting,100,false,2025-01-27 00:00:00
2591,2,Stamping,28,false,2025-01-25 00:00:00
2592,9,Painting,44,false,2025-05-09 00:00:00
2593,3,Welding,78,false,2025-11-28 00:00:00
2594,7,Final Assembly,16,false,2025-04-29 00:00:00
2595,1,Quality Inspection,110,false,2025-05-25 00:00:00
2596,6,Final Assembly,97,false,2026-01-16 00:00:00
2597,10,Stamping,25,true,2025-05-19 00:00:00
2598,4,Quality Inspection,26,false,2026-01-01 00:00:00
2599,3,Battery Integration,51,false,2025-05-27 00:00:00
2600,9,Quality Inspection,38,false,2025-07-04 00:00:00
2601,6,Drive Unit Install,118,false,2025-05-18 00:00:00
2602,8,Battery Integration,109,false,2026-02-21 00:00:00
2603,5,Stamping,97,false,2025-02-25 00:00:00
2604,11,Stamping,112,false,2026-02-23 00:00:00
2605,8,Stamping,30,false,2025-05-30 00:00:00
2606,1,Painting,69,false,2025-04-04 00:00:00
2607,5,Painting,120,false,2025-01-28 00:00:00
2608,11,Stamping,58,false,2025-04-11 00:00:00
2609,8,Quality Inspection,82,false,2026-02-08 00:00:00
2610,4,Quality Inspection,95,false,2025-10-20 00:00:00
2611,4,Battery Integration,19,false,2025-06-21 00:00:00
2612,10,Final Assembly,107,false,2025-05-04 00:00:00
2613,6,Final Assembly,115,false,2025-10-12 00:00:00
2614,2,Final Assembly,60,false,2025-10-14 00:00:00
2615,2,Quality Inspection,82,false,2025-09-22 00:00:00
2616,2,Battery Integration,106,false,2025-05-13 00:00:00
2617,3,Welding,91,false,2025-09-14 00:00:00
2618,9,Battery Integration,22,false,2025-02-03 00:00:00
2619,1,Welding,78,false,2025-02-05 00:00:00
2620,1,Stamping,49,false,2026-04-03 00:00:00
2621,5,Drive Unit Install,22,false,2025-01-06 00:00:00
2622,4,Battery Integration,97,false,2025-09-18 00:00:00
2623,3,Battery Integration,103,false,2025-08-20 00:00:00
2624,7,Drive Unit Install,114,false,2025-05-05 00:00:00
2625,3,Painting,32,false,2025-08-10 00:00:00
2626,8,Painting,53,false,2025-11-06 00:00:00
2627,10,Painting,71,false,2025-12-27 00:00:00
2628,2,Final Assembly,42,false,2025-01-13 00:00:00
2629,8,Painting,99,false,2025-01-19 00:00:00
2630,4,Painting,86,false,2025-04-14 00:00:00
2631,8,Battery Integration,82,false,2025-09-02 00:00:00
2632,7,Stamping,20,false,2026-01-30 00:00:00
2633,1,Final Assembly,116,false,2026-03-09 00:00:00
2634,7,Quality Inspection,45,false,2025-02-02 00:00:00
2635,10,Final Assembly,45,false,2025-09-03 00:00:00
2636,4,Welding,24,false,2025-02-18 00:00:00
2637,7,Drive Unit Install,45,false,2026-01-12 00:00:00
2638,2,Stamping,113,false,2026-03-07 00:00:00
2639,8,Welding,111,false,2026-03-06 00:00:00
2640,10,Painting,97,false,2025-09-27 00:00:00
2641,10,Drive Unit Install,80,false,2025-09-10 00:00:00
2642,1,Painting,83,false,2025-05-15 00:00:00
2643,7,Battery Integration,81,false,2025-08-24 00:00:00
2644,7,Battery Integration,82,false,2025-08-14 00:00:00
2645,3,Painting,37,false,2026-01-07 00:00:00
2646,3,Final Assembly,74,false,2026-04-26 00:00:00
2647,10,Painting,111,false,2025-01-16 00:00:00
2648,10,Stamping,49,false,2025-06-17 00:00:00
2649,1,Welding,59,true,2025-06-07 00:00:00
2650,5,Stamping,37,false,2025-07-09 00:00:00
2651,3,Stamping,54,false,2026-04-26 00:00:00
2652,2,Battery Integration,112,false,2025-08-16 00:00:00
2653,11,Quality Inspection,104,false,2025-02-28 00:00:00
2654,9,Final Assembly,30,false,2025-08-27 00:00:00
2655,2,Battery Integration,68,false,2025-04-01 00:00:00
2656,4,Welding,80,false,2025-03-23 00:00:00
2657,10,Stamping,42,false,2026-01-21 00:00:00
2658,6,Final Assembly,19,false,2025-11-06 00:00:00
2659,10,Painting,89,false,2025-04-12 00:00:00
2660,8,Quality Inspection,75,false,2025-06-30 00:00:00
2661,9,Drive Unit Install,86,false,2025-01-17 00:00:00
2662,5,Welding,84,false,2025-07-07 00:00:00
2663,11,Final Assembly,114,false,2025-06-12 00:00:00
2664,5,Final Assembly,16,false,2026-02-26 00:00:00
2665,7,Painting,52,false,2026-02-22 00:00:00
2666,10,Final Assembly,53,false,2025-06-26 00:00:00
2667,9,Welding,26,false,2026-04-14 00:00:00
2668,1,Quality Inspection,109,false,2025-02-21 00:00:00
2669,7,Welding,26,false,2025-03-26 00:00:00
2670,11,Quality Inspection,112,false,2025-07-30 00:00:00
2671,4,Final Assembly,39,false,2025-09-15 00:00:00
2672,8,Final Assembly,43,false,2026-02-20 00:00:00
2673,10,Drive Unit Install,38,false,2025-04-11 00:00:00
2674,2,Welding,50,false,2025-09-15 00:00:00
2675,9,Drive Unit Install,57,false,2025-07-16 00:00:00
2676,7,Welding,59,false,2025-05-23 00:00:00
2677,5,Welding,22,false,2026-03-30 00:00:00
2678,8,Stamping,22,false,2026-03-01 00:00:00
2679,10,Stamping,96,false,2025-04-18 00:00:00
2680,11,Quality Inspection,18,false,2025-03-29 00:00:00
2681,6,Battery Integration,78,false,2025-12-26 00:00:00
2682,6,Final Assembly,16,false,2025-11-03 00:00:00
2683,8,Welding,48,false,2025-12-15 00:00:00
2684,2,Welding,27,false,2026-03-21 00:00:00
2685,1,Stamping,104,false,2025-07-05 00:00:00
2686,1,Final Assembly,115,false,2025-05-16 00:00:00
2687,11,Final Assembly,107,false,2025-12-21 00:00:00
2688,8,Stamping,102,false,2025-07-19 00:00:00
2689,10,Painting,98,false,2025-09-11 00:00:00
2690,8,Final Assembly,19,false,2025-08-13 00:00:00
2691,4,Quality Inspection,58,false,2025-06-15 00:00:00
2692,10,Welding,83,false,2026-04-25 00:00:00
2693,3,Stamping,74,false,2026-02-12 00:00:00
2694,11,Painting,90,false,2026-02-23 00:00:00
2695,10,Welding,92,false,2026-02-06 00:00:00
2696,1,Battery Integration,79,false,2025-10-03 00:00:00
2697,4,Welding,99,false,2026-02-21 00:00:00
2698,7,Drive Unit Install,75,false,2025-11-25 00:00:00
2699,8,Stamping,96,false,2025-10-01 00:00:00
2700,1,Final Assembly,107,false,2025-03-06 00:00:00
2701,1,Battery Integration,83,false,2025-08-09 00:00:00
2702,5,Welding,51,false,2026-02-08 00:00:00
2703,9,Quality Inspection,75,false,2026-03-08 00:00:00
2704,11,Drive Unit Install,72,false,2025-12-08 00:00:00
2705,3,Welding,92,false,2025-09-22 00:00:00
2706,6,Drive Unit Install,41,false,2025-04-28 00:00:00
2707,3,Painting,61,false,2025-05-12 00:00:00
2708,8,Quality Inspection,118,false,2025-09-01 00:00:00
2709,2,Welding,89,true,2026-03-10 00:00:00
2710,3,Drive Unit Install,54,false,2025-10-07 00:00:00
2711,1,Drive Unit Install,26,false,2025-05-05 00:00:00
2712,8,Welding,88,false,2026-03-09 00:00:00
2713,9,Stamping,110,false,2026-01-13 00:00:00
2714,3,Battery Integration,60,false,2025-04-30 00:00:00
2715,8,Battery Integration,62,false,2025-03-17 00:00:00
2716,11,Painting,48,false,2025-03-11 00:00:00
2717,3,Quality Inspection,52,false,2025-11-09 00:00:00
2718,9,Stamping,112,false,2025-08-01 00:00:00
2719,3,Battery Integration,17,false,2025-02-14 00:00:00
2720,10,Stamping,33,false,2025-12-02 00:00:00
2721,9,Final Assembly,90,false,2025-10-30 00:00:00
2722,3,Battery Integration,107,false,2025-03-08 00:00:00
2723,9,Final Assembly,63,false,2025-02-12 00:00:00
2724,11,Battery Integration,58,false,2025-09-06 00:00:00
2725,3,Battery Integration,44,false,2025-04-28 00:00:00
2726,9,Stamping,106,false,2025-12-17 00:00:00
2727,11,Quality Inspection,118,false,2025-08-15 00:00:00
2728,8,Stamping,103,false,2025-06-01 00:00:00
2729,2,Welding,68,false,2026-04-23 00:00:00
2730,4,Final Assembly,27,false,2025-06-01 00:00:00
2731,7,Welding,109,false,2025-09-15 00:00:00
2732,8,Drive Unit Install,39,false,2025-10-02 00:00:00
2733,9,Stamping,91,false,2026-02-09 00:00:00
2734,3,Quality Inspection,108,false,2025-07-06 00:00:00
2735,9,Drive Unit Install,37,false,2026-04-16 00:00:00
2736,7,Painting,49,false,2025-01-04 00:00:00
2737,10,Drive Unit Install,112,false,2026-02-20 00:00:00
2738,7,Drive Unit Install,103,false,2025-07-08 00:00:00
2739,1,Final Assembly,42,false,2025-03-28 00:00:00
2740,4,Final Assembly,79,false,2025-03-27 00:00:00
2741,11,Drive Unit Install,94,false,2025-09-07 00:00:00
2742,7,Battery Integration,45,false,2025-04-07 00:00:00
2743,10,Final Assembly,33,false,2025-12-14 00:00:00
2744,8,Drive Unit Install,17,false,2026-02-14 00:00:00
2745,8,Welding,99,false,2025-10-24 00:00:00
2746,11,Drive Unit Install,113,false,2025-02-26 00:00:00
2747,10,Welding,45,false,2025-02-13 00:00:00
2748,9,Stamping,31,false,2025-08-07 00:00:00
2749,1,Battery Integration,37,false,2025-12-07 00:00:00
2750,11,Welding,114,false,2026-02-26 00:00:00
2751,11,Final Assembly,62,false,2026-04-18 00:00:00
2752,11,Battery Integration,79,false,2026-02-28 00:00:00
2753,2,Welding,101,false,2025-01-23 00:00:00
2754,2,Battery Integration,20,false,2025-10-29 00:00:00
2755,6,Stamping,52,false,2026-02-25 00:00:00
2756,1,Drive Unit Install,22,false,2025-01-27 00:00:00
2757,3,Battery Integration,57,false,2026-04-22 00:00:00
2758,9,Drive Unit Install,74,false,2025-10-26 00:00:00
2759,7,Drive Unit Install,44,false,2025-04-30 00:00:00
2760,1,Battery Integration,66,false,2025-02-24 00:00:00
2761,3,Drive Unit Install,34,false,2026-03-10 00:00:00
2762,4,Welding,74,false,2025-09-24 00:00:00
2763,10,Painting,67,false,2025-06-26 00:00:00
2764,11,Final Assembly,53,false,2025-07-30 00:00:00
2765,7,Quality Inspection,83,false,2025-11-04 00:00:00
2766,2,Drive Unit Install,83,false,2025-10-03 00:00:00
2767,8,Stamping,19,false,2025-08-25 00:00:00
2768,5,Painting,27,false,2025-11-18 00:00:00
2769,4,Drive Unit Install,92,false,2025-12-19 00:00:00
2770,3,Battery Integration,58,false,2025-02-23 00:00:00
2771,3,Drive Unit Install,55,false,2025-10-19 00:00:00
2772,4,Final Assembly,46,false,2026-01-27 00:00:00
2773,9,Welding,76,false,2026-02-18 00:00:00
2774,8,Drive Unit Install,28,false,2025-01-06 00:00:00
2775,7,Final Assembly,50,false,2025-10-11 00:00:00
2776,3,Battery Integration,97,false,2025-04-15 00:00:00
2777,3,Drive Unit Install,87,false,2025-09-14 00:00:00
2778,5,Battery Integration,103,false,2025-07-22 00:00:00
2779,6,Final Assembly,31,false,2025-05-24 00:00:00
2780,5,Quality Inspection,107,false,2025-09-22 00:00:00
2781,1,Painting,100,false,2025-11-14 00:00:00
2782,7,Battery Integration,40,false,2025-12-25 00:00:00
2783,11,Painting,23,false,2025-07-12 00:00:00
2784,8,Quality Inspection,56,false,2026-03-25 00:00:00
2785,9,Battery Integration,70,false,2025-07-08 00:00:00
2786,5,Final Assembly,41,false,2025-05-15 00:00:00
2787,6,Quality Inspection,22,false,2025-12-21 00:00:00
2788,1,Welding,88,false,2025-12-02 00:00:00
2789,1,Quality Inspection,74,false,2025-11-22 00:00:00
2790,5,Quality Inspection,84,false,2025-11-18 00:00:00
2791,5,Battery Integration,79,false,2025-10-05 00:00:00
2792,10,Welding,55,false,2026-02-25 00:00:00
2793,1,Drive Unit Install,18,false,2026-02-23 00:00:00
2794,5,Drive Unit Install,92,false,2025-08-01 00:00:00
2795,3,Battery Integration,31,false,2026-02-18 00:00:00
2796,7,Painting,95,false,2025-05-17 00:00:00
2797,4,Battery Integration,65,false,2025-04-07 00:00:00
2798,11,Battery Integration,73,false,2025-11-06 00:00:00
2799,3,Final Assembly,65,false,2025-05-06 00:00:00
2800,4,Stamping,74,false,2025-04-20 00:00:00
2801,6,Drive Unit Install,65,false,2025-06-22 00:00:00
2802,3,Stamping,28,false,2025-01-29 00:00:00
2803,2,Final Assembly,68,false,2025-11-30 00:00:00
2804,6,Welding,29,false,2025-09-08 00:00:00
2805,7,Welding,68,true,2025-05-03 00:00:00
2806,4,Painting,96,false,2025-07-18 00:00:00
2807,1,Final Assembly,102,false,2025-08-12 00:00:00
2808,10,Drive Unit Install,85,true,2025-01-27 00:00:00
2809,6,Final Assembly,80,false,2026-01-16 00:00:00
2810,6,Drive Unit Install,100,false,2025-11-28 00:00:00
2811,4,Welding,37,false,2025-03-06 00:00:00
2812,1,Quality Inspection,23,false,2025-04-18 00:00:00
2813,3,Drive Unit Install,18,false,2025-01-28 00:00:00
2814,4,Battery Integration,92,false,2025-10-17 00:00:00
2815,3,Final Assembly,28,false,2025-11-11 00:00:00
2816,8,Drive Unit Install,84,false,2025-06-07 00:00:00
2817,9,Drive Unit Install,65,false,2025-01-18 00:00:00
2818,1,Painting,82,false,2025-03-05 00:00:00
2819,6,Drive Unit Install,98,false,2025-12-16 00:00:00
2820,5,Welding,112,false,2026-03-10 00:00:00
2821,2,Quality Inspection,104,false,2025-08-05 00:00:00
2822,10,Final Assembly,94,true,2026-02-06 00:00:00
2823,9,Battery Integration,80,false,2026-03-14 00:00:00
2824,8,Battery Integration,47,false,2025-03-14 00:00:00
2825,7,Stamping,15,false,2025-01-09 00:00:00
2826,9,Quality Inspection,18,false,2025-12-10 00:00:00
2827,9,Stamping,57,false,2025-03-13 00:00:00
2828,4,Quality Inspection,52,false,2025-10-14 00:00:00
2829,7,Stamping,88,false,2025-07-06 00:00:00
2830,10,Quality Inspection,59,false,2025-12-24 00:00:00
2831,6,Drive Unit Install,74,false,2025-01-22 00:00:00
2832,9,Stamping,89,false,2025-12-02 00:00:00
2833,6,Drive Unit Install,86,false,2026-02-05 00:00:00
2834,6,Final Assembly,52,false,2025-04-10 00:00:00
2835,11,Final Assembly,113,false,2026-01-03 00:00:00
2836,4,Painting,112,false,2026-02-06 00:00:00
2837,10,Drive Unit Install,96,false,2026-03-08 00:00:00
2838,2,Battery Integration,81,false,2025-01-10 00:00:00
2839,2,Quality Inspection,54,false,2025-05-19 00:00:00
2840,8,Quality Inspection,114,false,2025-01-27 00:00:00
2841,4,Stamping,34,true,2025-06-09 00:00:00
2842,10,Painting,65,false,2025-05-15 00:00:00
2843,11,Quality Inspection,76,false,2025-11-02 00:00:00
2844,8,Painting,85,false,2025-07-16 00:00:00
2845,11,Welding,20,false,2025-11-09 00:00:00
2846,7,Quality Inspection,73,false,2025-11-09 00:00:00
2847,1,Drive Unit Install,92,false,2025-05-30 00:00:00
2848,3,Final Assembly,63,false,2026-01-15 00:00:00
2849,8,Welding,75,false,2025-05-21 00:00:00
2850,4,Battery Integration,107,false,2026-02-20 00:00:00
2851,6,Final Assembly,57,false,2025-06-11 00:00:00
2852,4,Final Assembly,117,false,2025-09-27 00:00:00
2853,9,Final Assembly,31,false,2025-07-07 00:00:00
2854,11,Welding,15,false,2025-11-26 00:00:00
2855,2,Quality Inspection,113,false,2026-04-09 00:00:00
2856,6,Welding,98,false,2025-06-25 00:00:00
2857,3,Painting,74,false,2025-09-13 00:00:00
2858,1,Stamping,22,false,2025-03-09 00:00:00
2859,5,Stamping,82,false,2025-03-11 00:00:00
2860,8,Painting,38,false,2026-01-27 00:00:00
2861,9,Final Assembly,24,false,2026-02-07 00:00:00
2862,9,Stamping,87,false,2025-12-18 00:00:00
2863,5,Stamping,43,false,2025-02-07 00:00:00
2864,6,Battery Integration,54,false,2025-03-15 00:00:00
2865,2,Final Assembly,74,false,2025-07-29 00:00:00
2866,1,Painting,22,false,2025-07-11 00:00:00
2867,9,Stamping,30,true,2025-04-01 00:00:00
2868,2,Battery Integration,21,false,2026-03-12 00:00:00
2869,7,Welding,35,false,2025-05-29 00:00:00
2870,6,Quality Inspection,23,false,2026-01-18 00:00:00
2871,7,Stamping,95,false,2026-03-01 00:00:00
2872,6,Painting,85,false,2026-02-16 00:00:00
2873,9,Painting,53,false,2025-12-26 00:00:00
2874,3,Quality Inspection,111,false,2025-08-29 00:00:00
2875,5,Stamping,52,false,2026-01-11 00:00:00
2876,3,Painting,92,false,2026-03-02 00:00:00
2877,9,Stamping,111,false,2025-09-06 00:00:00
2878,6,Stamping,119,false,2025-02-15 00:00:00
2879,9,Quality Inspection,52,false,2025-10-09 00:00:00
2880,6,Final Assembly,62,false,2026-04-16 00:00:00
2881,9,Drive Unit Install,116,false,2026-02-14 00:00:00
2882,10,Welding,44,false,2025-09-17 00:00:00
2883,9,Stamping,74,false,2025-02-06 00:00:00
2884,8,Final Assembly,50,true,2026-01-02 00:00:00
2885,2,Battery Integration,28,false,2025-03-29 00:00:00
2886,2,Painting,66,false,2026-03-18 00:00:00
2887,1,Quality Inspection,85,false,2026-01-28 00:00:00
2888,2,Quality Inspection,39,false,2025-06-25 00:00:00
2889,11,Final Assembly,116,false,2025-08-16 00:00:00
2890,8,Battery Integration,85,false,2025-02-06 00:00:00
2891,6,Battery Integration,74,false,2025-03-20 00:00:00
2892,11,Final Assembly,61,false,2025-03-06 00:00:00
2893,7,Painting,31,false,2026-01-24 00:00:00
2894,7,Battery Integration,114,false,2026-04-16 00:00:00
2895,5,Final Assembly,77,false,2025-10-29 00:00:00
2896,4,Stamping,72,false,2025-01-19 00:00:00
2897,3,Battery Integration,49,false,2025-04-24 00:00:00
2898,2,Stamping,25,false,2025-05-02 00:00:00
2899,10,Welding,76,false,2025-07-04 00:00:00
2900,1,Final Assembly,34,false,2026-02-28 00:00:00
2901,8,Painting,95,false,2025-02-07 00:00:00
2902,1,Quality Inspection,44,false,2025-05-28 00:00:00
2903,9,Painting,92,false,2025-04-06 00:00:00
2904,6,Welding,97,false,2026-01-09 00:00:00
2905,7,Battery Integration,47,false,2025-11-17 00:00:00
2906,3,Quality Inspection,39,false,2025-11-28 00:00:00
2907,4,Stamping,30,true,2025-04-11 00:00:00
2908,9,Welding,69,false,2026-04-12 00:00:00
2909,5,Drive Unit Install,22,false,2025-10-03 00:00:00
2910,11,Stamping,90,false,2026-04-18 00:00:00
2911,3,Quality Inspection,59,false,2026-03-13 00:00:00
2912,1,Final Assembly,93,false,2025-08-25 00:00:00
2913,1,Painting,83,false,2025-03-02 00:00:00
2914,11,Painting,88,false,2025-01-11 00:00:00
2915,3,Quality Inspection,37,false,2025-12-15 00:00:00
2916,7,Drive Unit Install,62,false,2026-03-13 00:00:00
2917,9,Quality Inspection,39,false,2025-07-01 00:00:00
2918,3,Final Assembly,97,false,2025-05-27 00:00:00
2919,5,Quality Inspection,29,false,2026-01-06 00:00:00
2920,2,Quality Inspection,27,false,2025-08-05 00:00:00
2921,1,Final Assembly,20,false,2025-01-31 00:00:00
2922,5,Drive Unit Install,119,false,2026-04-19 00:00:00
2923,4,Quality Inspection,49,false,2025-08-15 00:00:00
2924,10,Final Assembly,50,false,2025-12-10 00:00:00
2925,6,Stamping,21,false,2025-06-04 00:00:00
2926,3,Final Assembly,83,false,2025-04-14 00:00:00
2927,8,Battery Integration,55,false,2026-01-16 00:00:00
2928,3,Stamping,92,false,2025-09-08 00:00:00
2929,5,Battery Integration,33,false,2025-08-09 00:00:00
2930,10,Welding,91,false,2025-03-30 00:00:00
2931,10,Drive Unit Install,114,false,2025-11-17 00:00:00
2932,10,Painting,96,false,2025-02-07 00:00:00
2933,2,Final Assembly,41,false,2026-01-02 00:00:00
2934,2,Final Assembly,91,false,2025-06-10 00:00:00
2935,9,Quality Inspection,117,false,2025-12-30 00:00:00
2936,3,Drive Unit Install,57,true,2026-01-23 00:00:00
2937,2,Quality Inspection,49,false,2025-06-22 00:00:00
2938,9,Stamping,67,false,2025-03-21 00:00:00
2939,3,Stamping,40,false,2025-01-12 00:00:00
2940,2,Final Assembly,71,false,2025-06-11 00:00:00
2941,7,Battery Integration,38,false,2025-11-07 00:00:00
2942,3,Painting,52,false,2025-03-22 00:00:00
2943,3,Welding,58,false,2025-08-07 00:00:00
2944,6,Drive Unit Install,43,false,2025-10-12 00:00:00
2945,7,Drive Unit Install,57,false,2025-02-21 00:00:00
2946,8,Final Assembly,31,false,2025-11-26 00:00:00
2947,11,Drive Unit Install,69,false,2025-07-20 00:00:00
2948,8,Welding,86,false,2025-04-04 00:00:00
2949,6,Painting,103,false,2025-04-25 00:00:00
2950,11,Welding,88,false,2025-08-07 00:00:00
2951,9,Stamping,100,false,2025-05-02 00:00:00
2952,8,Stamping,115,false,2025-09-17 00:00:00
2953,7,Drive Unit Install,91,false,2025-01-14 00:00:00
2954,3,Welding,21,false,2025-05-05 00:00:00
2955,7,Stamping,75,false,2025-12-12 00:00:00
2956,5,Painting,82,false,2025-02-27 00:00:00
2957,2,Quality Inspection,90,false,2026-04-07 00:00:00
2958,3,Battery Integration,20,false,2026-03-04 00:00:00
2959,1,Drive Unit Install,111,false,2025-07-29 00:00:00
2960,2,Drive Unit Install,111,false,2026-01-12 00:00:00
2961,9,Welding,40,false,2025-09-02 00:00:00
2962,2,Stamping,64,false,2025-06-21 00:00:00
2963,1,Battery Integration,118,false,2025-03-06 00:00:00
2964,3,Battery Integration,113,false,2025-08-27 00:00:00
2965,1,Battery Integration,116,false,2026-04-16 00:00:00
2966,3,Final Assembly,29,false,2025-05-27 00:00:00
2967,10,Drive Unit Install,106,false,2026-01-02 00:00:00
2968,8,Welding,39,false,2025-03-30 00:00:00
2969,8,Quality Inspection,52,false,2025-07-20 00:00:00
2970,1,Quality Inspection,104,false,2026-02-15 00:00:00
2971,8,Drive Unit Install,23,false,2025-01-21 00:00:00
2972,4,Battery Integration,37,false,2025-06-09 00:00:00
2973,9,Welding,61,false,2025-06-01 00:00:00
2974,10,Battery Integration,108,false,2025-03-26 00:00:00
2975,11,Welding,51,true,2026-01-07 00:00:00
2976,6,Final Assembly,87,false,2025-06-27 00:00:00
2977,9,Battery Integration,45,false,2025-08-05 00:00:00
2978,9,Stamping,41,false,2026-04-06 00:00:00
2979,3,Drive Unit Install,103,false,2025-01-20 00:00:00
2980,2,Quality Inspection,69,false,2025-01-17 00:00:00
2981,2,Painting,83,false,2025-06-17 00:00:00
2982,11,Painting,84,false,2026-03-27 00:00:00
2983,11,Battery Integration,53,false,2025-09-07 00:00:00
2984,4,Painting,117,false,2025-01-19 00:00:00
2985,8,Quality Inspection,94,false,2025-06-12 00:00:00
2986,7,Battery Integration,83,false,2025-05-05 00:00:00
2987,3,Stamping,116,false,2025-01-06 00:00:00
2988,10,Stamping,57,false,2026-03-13 00:00:00
2989,3,Welding,87,false,2025-01-07 00:00:00
2990,4,Final Assembly,103,false,2025-01-26 00:00:00
2991,11,Painting,50,false,2025-12-04 00:00:00
2992,10,Drive Unit Install,48,false,2026-02-26 00:00:00
2993,3,Stamping,96,false,2025-12-12 00:00:00
2994,1,Quality Inspection,86,false,2026-01-14 00:00:00
2995,11,Stamping,50,false,2025-08-24 00:00:00
2996,9,Drive Unit Install,96,false,2026-02-03 00:00:00
2997,8,Drive Unit Install,21,false,2025-05-08 00:00:00
2998,10,Welding,16,false,2025-11-11 00:00:00
2999,5,Stamping,89,false,2025-04-20 00:00:00
3000,5,Painting,28,false,2025-08-24 00:00:00
3001,10,Final Assembly,80,false,2025-01-06 00:00:00
3002,5,Battery Integration,28,false,2025-03-08 00:00:00
3003,10,Drive Unit Install,99,false,2026-01-15 00:00:00
3004,8,Painting,32,false,2026-01-26 00:00:00
3005,8,Painting,56,false,2025-06-26 00:00:00
3009,11,Quality Inspection,95,false,2025-01-26 00:00:00
3010,10,Stamping,31,false,2025-07-13 00:00:00
3011,7,Quality Inspection,60,false,2025-07-14 00:00:00
3012,8,Painting,31,true,2025-09-06 00:00:00
3013,8,Final Assembly,119,false,2025-01-21 00:00:00
3014,6,Drive Unit Install,32,false,2025-05-03 00:00:00
3015,6,Final Assembly,61,false,2025-08-17 00:00:00
3016,1,Stamping,26,false,2025-10-23 00:00:00
3017,9,Battery Integration,94,false,2025-04-07 00:00:00
3018,11,Drive Unit Install,49,false,2025-12-04 00:00:00
3019,4,Final Assembly,90,false,2025-05-18 00:00:00
3020,8,Painting,56,false,2025-11-12 00:00:00
3021,9,Drive Unit Install,27,false,2026-03-02 00:00:00
3022,2,Quality Inspection,44,false,2025-06-08 00:00:00
3023,5,Final Assembly,16,false,2025-03-18 00:00:00
3024,3,Quality Inspection,16,false,2025-11-23 00:00:00
3025,1,Stamping,56,false,2025-03-05 00:00:00
3026,10,Final Assembly,53,false,2025-06-14 00:00:00
3027,10,Stamping,33,false,2025-03-11 00:00:00
3028,1,Painting,68,false,2025-06-13 00:00:00
3029,11,Battery Integration,28,false,2026-03-04 00:00:00
3030,5,Stamping,33,false,2025-10-12 00:00:00
3031,5,Drive Unit Install,64,false,2025-04-11 00:00:00
3032,7,Drive Unit Install,87,false,2025-07-30 00:00:00
3033,7,Final Assembly,112,false,2025-11-30 00:00:00
3034,1,Battery Integration,25,false,2026-02-20 00:00:00
3035,11,Painting,45,false,2025-03-04 00:00:00
3036,2,Painting,77,false,2025-08-24 00:00:00
3037,3,Welding,47,false,2025-06-26 00:00:00
3038,11,Painting,69,false,2025-05-31 00:00:00
3039,5,Painting,97,false,2025-12-14 00:00:00
3040,4,Battery Integration,66,false,2025-08-20 00:00:00
3041,9,Battery Integration,107,false,2025-04-11 00:00:00
3042,5,Stamping,82,false,2025-09-20 00:00:00
3043,4,Painting,84,false,2025-03-26 00:00:00
3044,2,Drive Unit Install,43,false,2025-09-10 00:00:00
3045,3,Drive Unit Install,119,false,2025-10-12 00:00:00
3046,10,Welding,89,false,2025-08-18 00:00:00
3047,10,Stamping,46,false,2025-08-21 00:00:00
3048,4,Stamping,78,false,2025-08-17 00:00:00
3049,6,Drive Unit Install,89,false,2025-09-14 00:00:00
3050,4,Painting,78,false,2025-01-15 00:00:00
3051,4,Painting,55,false,2025-10-21 00:00:00
3052,9,Battery Integration,57,false,2026-03-28 00:00:00
3053,3,Drive Unit Install,41,false,2026-01-14 00:00:00
3054,6,Stamping,40,false,2025-03-13 00:00:00
3055,11,Stamping,80,false,2025-08-21 00:00:00
3056,1,Stamping,26,false,2026-01-01 00:00:00
3057,2,Welding,36,false,2026-03-02 00:00:00
3058,8,Painting,16,false,2025-07-29 00:00:00
3059,7,Welding,115,false,2025-04-01 00:00:00
3060,7,Stamping,67,false,2025-06-28 00:00:00
3061,10,Painting,103,false,2025-07-29 00:00:00
3062,7,Final Assembly,115,false,2025-10-06 00:00:00
3063,11,Quality Inspection,92,false,2025-11-06 00:00:00
3064,6,Welding,52,false,2025-12-08 00:00:00
3065,4,Final Assembly,89,false,2025-04-29 00:00:00
3066,5,Stamping,45,false,2026-02-28 00:00:00
3067,9,Final Assembly,96,false,2026-01-29 00:00:00
3068,1,Battery Integration,103,false,2025-06-09 00:00:00
3069,4,Quality Inspection,103,false,2025-04-01 00:00:00
3070,7,Painting,66,false,2026-01-10 00:00:00
3071,7,Quality Inspection,117,false,2025-12-28 00:00:00
3072,1,Final Assembly,80,false,2026-03-18 00:00:00
3073,3,Battery Integration,97,false,2025-09-21 00:00:00
3074,9,Battery Integration,61,false,2025-05-17 00:00:00
3075,7,Stamping,31,false,2026-01-03 00:00:00
3076,2,Welding,15,false,2025-02-17 00:00:00
3077,10,Battery Integration,115,false,2025-08-03 00:00:00
3078,10,Final Assembly,42,false,2025-09-06 00:00:00
3079,2,Final Assembly,21,false,2025-08-30 00:00:00
3080,7,Final Assembly,117,false,2025-12-13 00:00:00
3081,9,Painting,103,false,2025-03-05 00:00:00
3082,2,Welding,107,false,2025-04-11 00:00:00
3083,6,Drive Unit Install,53,false,2025-06-01 00:00:00
3084,1,Battery Integration,74,false,2026-04-19 00:00:00
3085,6,Painting,72,false,2026-02-12 00:00:00
3086,11,Drive Unit Install,18,false,2026-04-11 00:00:00
3087,2,Welding,86,false,2025-02-19 00:00:00
3088,7,Stamping,41,false,2025-12-30 00:00:00
3089,8,Welding,97,false,2025-08-05 00:00:00
3090,3,Stamping,71,false,2025-10-13 00:00:00
3091,6,Battery Integration,35,true,2026-02-13 00:00:00
3092,8,Stamping,97,false,2026-03-26 00:00:00
3093,3,Drive Unit Install,37,false,2026-02-08 00:00:00
3094,5,Battery Integration,84,false,2025-02-18 00:00:00
3095,10,Final Assembly,110,false,2026-02-10 00:00:00
3096,5,Welding,72,false,2025-07-11 00:00:00
3097,7,Stamping,51,false,2025-11-09 00:00:00
3098,1,Welding,103,false,2025-03-30 00:00:00
3099,8,Battery Integration,108,false,2025-01-28 00:00:00
3100,1,Stamping,56,false,2025-02-18 00:00:00
3101,10,Drive Unit Install,51,false,2025-09-19 00:00:00
3102,5,Quality Inspection,114,false,2025-03-10 00:00:00
3103,10,Painting,49,false,2025-09-05 00:00:00
3104,2,Drive Unit Install,120,false,2025-04-09 00:00:00
3105,7,Drive Unit Install,77,false,2025-09-10 00:00:00
3106,7,Final Assembly,95,false,2025-10-07 00:00:00
3107,4,Final Assembly,26,false,2025-04-22 00:00:00
3108,4,Quality Inspection,96,false,2025-09-24 00:00:00
3109,8,Quality Inspection,57,false,2025-06-20 00:00:00
3110,11,Welding,58,false,2026-04-22 00:00:00
3111,9,Drive Unit Install,111,false,2026-01-04 00:00:00
3112,9,Battery Integration,95,false,2025-08-26 00:00:00
3113,5,Welding,69,false,2026-01-29 00:00:00
3114,1,Drive Unit Install,31,false,2026-02-09 00:00:00
3115,2,Stamping,57,false,2025-05-16 00:00:00
3116,4,Stamping,68,false,2026-02-13 00:00:00
3117,11,Battery Integration,73,false,2025-08-07 00:00:00
3118,9,Quality Inspection,23,false,2025-08-26 00:00:00
3119,10,Quality Inspection,62,false,2026-02-01 00:00:00
3120,5,Battery Integration,104,false,2025-07-02 00:00:00
3121,6,Final Assembly,90,false,2025-06-07 00:00:00
3122,1,Painting,77,false,2025-06-04 00:00:00
3123,1,Drive Unit Install,56,false,2026-04-11 00:00:00
3124,11,Final Assembly,72,false,2025-10-03 00:00:00
3125,10,Welding,82,false,2025-06-20 00:00:00
3126,7,Drive Unit Install,79,false,2025-10-25 00:00:00
3127,5,Battery Integration,40,false,2025-06-06 00:00:00
3128,8,Final Assembly,39,false,2025-12-01 00:00:00
3129,10,Stamping,68,false,2026-04-08 00:00:00
3130,8,Stamping,53,false,2025-06-17 00:00:00
3131,5,Drive Unit Install,36,false,2025-05-28 00:00:00
3132,9,Painting,91,false,2025-06-27 00:00:00
3133,9,Drive Unit Install,93,false,2026-01-12 00:00:00
3134,5,Welding,20,false,2025-06-30 00:00:00
3135,7,Battery Integration,95,false,2025-10-06 00:00:00
3136,6,Quality Inspection,23,false,2026-04-04 00:00:00
3137,6,Final Assembly,60,false,2025-04-09 00:00:00
3138,4,Quality Inspection,100,false,2026-04-10 00:00:00
3139,9,Battery Integration,105,true,2025-05-09 00:00:00
3140,3,Welding,61,false,2025-09-07 00:00:00
3141,8,Painting,25,false,2026-02-27 00:00:00
3142,1,Painting,108,false,2025-06-25 00:00:00
3143,5,Quality Inspection,61,false,2025-11-29 00:00:00
3144,4,Battery Integration,79,false,2025-09-11 00:00:00
3145,10,Painting,113,false,2025-08-04 00:00:00
3146,3,Painting,104,false,2025-05-28 00:00:00
3147,9,Quality Inspection,96,false,2026-01-15 00:00:00
3148,3,Quality Inspection,26,false,2025-03-20 00:00:00
3149,2,Welding,77,false,2026-03-22 00:00:00
3150,9,Drive Unit Install,59,false,2026-01-28 00:00:00
3151,5,Stamping,29,false,2025-12-25 00:00:00
3152,3,Quality Inspection,88,false,2025-01-20 00:00:00
3153,10,Welding,106,false,2025-09-10 00:00:00
3154,11,Quality Inspection,26,false,2025-02-15 00:00:00
3155,6,Drive Unit Install,22,false,2025-08-02 00:00:00
3156,5,Stamping,82,false,2025-11-05 00:00:00
3157,5,Quality Inspection,33,false,2025-02-24 00:00:00
3158,1,Battery Integration,60,false,2026-04-17 00:00:00
3159,10,Final Assembly,117,false,2025-08-14 00:00:00
3160,6,Battery Integration,24,false,2025-04-06 00:00:00
3161,1,Final Assembly,72,false,2025-12-25 00:00:00
3162,11,Drive Unit Install,73,false,2025-01-24 00:00:00
3163,3,Painting,102,false,2026-03-24 00:00:00
3164,1,Final Assembly,88,false,2025-05-11 00:00:00
3165,4,Stamping,100,false,2026-02-10 00:00:00
3166,2,Welding,38,false,2025-01-08 00:00:00
3167,4,Drive Unit Install,63,false,2026-03-14 00:00:00
3168,9,Stamping,52,false,2025-08-30 00:00:00
3169,5,Welding,54,false,2025-06-12 00:00:00
3170,2,Battery Integration,36,false,2025-08-27 00:00:00
3171,6,Drive Unit Install,56,false,2025-12-23 00:00:00
3172,6,Quality Inspection,98,false,2025-11-04 00:00:00
3173,2,Welding,103,false,2026-03-14 00:00:00
3174,10,Final Assembly,47,false,2025-10-20 00:00:00
3175,3,Quality Inspection,49,false,2025-12-25 00:00:00
3176,5,Drive Unit Install,83,false,2025-09-11 00:00:00
3177,11,Painting,80,false,2025-06-17 00:00:00
3178,4,Stamping,81,false,2025-03-20 00:00:00
3179,3,Welding,72,false,2026-02-08 00:00:00
3180,4,Stamping,18,false,2026-03-19 00:00:00
3181,5,Painting,95,false,2025-08-08 00:00:00
3182,1,Stamping,23,false,2025-11-08 00:00:00
3183,10,Welding,60,true,2025-07-29 00:00:00
3184,2,Quality Inspection,82,false,2025-12-28 00:00:00
3185,1,Battery Integration,35,false,2025-07-04 00:00:00
3186,1,Final Assembly,72,false,2025-10-07 00:00:00
3187,9,Quality Inspection,112,false,2026-02-01 00:00:00
3188,4,Painting,72,false,2025-05-03 00:00:00
3189,6,Welding,18,false,2025-05-06 00:00:00
3190,8,Drive Unit Install,97,false,2025-09-04 00:00:00
3191,1,Stamping,59,false,2025-01-09 00:00:00
3192,11,Drive Unit Install,64,false,2025-11-18 00:00:00
3193,2,Final Assembly,120,false,2025-12-09 00:00:00
3194,1,Drive Unit Install,64,false,2025-12-02 00:00:00
3195,3,Quality Inspection,117,false,2026-02-09 00:00:00
3196,1,Final Assembly,76,false,2025-10-12 00:00:00
3197,4,Battery Integration,89,false,2025-06-01 00:00:00
3198,10,Painting,96,false,2025-06-09 00:00:00
3199,8,Quality Inspection,105,false,2025-01-04 00:00:00
3200,5,Quality Inspection,98,false,2025-11-01 00:00:00
3201,5,Painting,94,false,2026-03-25 00:00:00
3202,10,Final Assembly,88,false,2026-03-11 00:00:00
3203,6,Final Assembly,75,false,2026-04-14 00:00:00
3204,8,Final Assembly,28,false,2026-01-04 00:00:00
3205,10,Drive Unit Install,69,false,2025-01-19 00:00:00
3206,2,Welding,84,false,2026-03-24 00:00:00
3207,2,Welding,99,false,2025-12-05 00:00:00
3208,1,Quality Inspection,84,false,2025-01-05 00:00:00
3209,7,Drive Unit Install,53,false,2026-03-30 00:00:00
3210,5,Painting,110,false,2025-10-28 00:00:00
3211,1,Quality Inspection,119,false,2026-04-07 00:00:00
3212,10,Stamping,46,false,2026-02-22 00:00:00
3213,11,Drive Unit Install,32,true,2026-02-07 00:00:00
3214,5,Battery Integration,23,false,2025-07-23 00:00:00
3215,3,Quality Inspection,75,false,2025-06-27 00:00:00
3216,1,Final Assembly,92,false,2025-01-23 00:00:00
3217,9,Painting,91,false,2025-09-27 00:00:00
3218,2,Painting,64,false,2025-03-23 00:00:00
3219,3,Painting,118,false,2026-02-09 00:00:00
3220,3,Quality Inspection,44,false,2025-12-10 00:00:00
3221,10,Final Assembly,84,false,2025-06-20 00:00:00
3222,5,Quality Inspection,96,false,2026-03-04 00:00:00
3223,10,Welding,117,false,2025-01-15 00:00:00
3224,6,Welding,90,false,2025-05-14 00:00:00
3225,10,Final Assembly,95,false,2026-03-17 00:00:00
3226,5,Welding,108,false,2025-02-23 00:00:00
3227,5,Final Assembly,107,false,2025-05-25 00:00:00
3228,10,Stamping,113,false,2026-03-30 00:00:00
3229,10,Drive Unit Install,42,false,2026-02-09 00:00:00
3230,7,Stamping,102,false,2025-04-20 00:00:00
3231,10,Drive Unit Install,29,false,2025-11-16 00:00:00
3232,8,Final Assembly,54,false,2025-08-05 00:00:00
3233,3,Welding,85,false,2025-08-19 00:00:00
3234,6,Final Assembly,76,false,2026-04-17 00:00:00
3235,10,Final Assembly,81,false,2025-09-12 00:00:00
3236,1,Final Assembly,31,false,2025-09-09 00:00:00
3237,6,Quality Inspection,64,false,2025-12-20 00:00:00
3238,1,Final Assembly,32,false,2025-10-04 00:00:00
3239,4,Quality Inspection,104,false,2025-10-27 00:00:00
3240,6,Stamping,18,false,2025-08-29 00:00:00
3241,11,Final Assembly,79,false,2025-12-16 00:00:00
3242,10,Stamping,114,false,2026-01-17 00:00:00
3243,11,Welding,69,false,2025-04-12 00:00:00
3244,8,Quality Inspection,37,false,2025-09-06 00:00:00
3245,1,Welding,80,false,2025-04-09 00:00:00
3246,6,Quality Inspection,57,false,2025-03-09 00:00:00
3247,1,Drive Unit Install,21,false,2026-02-16 00:00:00
3248,3,Painting,97,false,2025-09-04 00:00:00
3249,11,Painting,90,false,2026-04-08 00:00:00
3250,3,Quality Inspection,59,false,2025-02-09 00:00:00
3251,9,Painting,72,false,2025-07-13 00:00:00
3252,5,Final Assembly,83,false,2025-07-06 00:00:00
3253,6,Quality Inspection,116,false,2025-08-26 00:00:00
3254,9,Welding,58,false,2025-04-08 00:00:00
3255,6,Final Assembly,53,false,2026-01-02 00:00:00
3256,2,Final Assembly,107,false,2026-04-16 00:00:00
3257,5,Stamping,40,false,2025-01-07 00:00:00
3258,10,Welding,97,false,2025-04-10 00:00:00
3259,6,Painting,69,false,2025-02-12 00:00:00
3260,1,Painting,113,false,2025-02-09 00:00:00
3261,2,Painting,31,false,2025-08-09 00:00:00
3262,7,Painting,26,false,2025-09-06 00:00:00
3263,5,Drive Unit Install,46,false,2025-02-17 00:00:00
3264,11,Painting,111,false,2026-01-09 00:00:00
3265,10,Quality Inspection,67,false,2026-04-17 00:00:00
3266,5,Painting,41,false,2026-01-23 00:00:00
3267,3,Welding,59,false,2025-07-09 00:00:00
3268,6,Stamping,31,false,2025-01-28 00:00:00
3269,6,Quality Inspection,34,false,2025-07-11 00:00:00
3270,2,Final Assembly,90,false,2025-06-02 00:00:00
3271,6,Stamping,64,false,2025-12-01 00:00:00
3272,1,Final Assembly,61,false,2025-07-02 00:00:00
3273,9,Quality Inspection,88,false,2025-07-30 00:00:00
3274,7,Painting,28,false,2026-01-16 00:00:00
3275,4,Stamping,19,false,2025-11-29 00:00:00
3276,6,Drive Unit Install,114,false,2025-09-22 00:00:00
3277,4,Quality Inspection,24,false,2025-08-28 00:00:00
3278,2,Final Assembly,100,false,2025-01-03 00:00:00
3279,7,Welding,26,false,2025-10-04 00:00:00
3280,3,Battery Integration,98,false,2025-07-05 00:00:00
3281,11,Battery Integration,108,false,2025-09-05 00:00:00
3282,6,Final Assembly,56,false,2026-01-06 00:00:00
3283,1,Stamping,66,false,2025-02-06 00:00:00
3284,10,Painting,119,false,2025-04-17 00:00:00
3285,2,Final Assembly,76,true,2025-01-23 00:00:00
3286,7,Painting,116,false,2025-03-04 00:00:00
3287,5,Drive Unit Install,105,false,2025-11-09 00:00:00
3288,2,Quality Inspection,72,false,2025-02-11 00:00:00
3289,3,Final Assembly,23,false,2025-02-01 00:00:00
3290,3,Quality Inspection,80,false,2025-03-13 00:00:00
3291,5,Painting,47,false,2025-12-20 00:00:00
3292,7,Quality Inspection,16,false,2025-10-14 00:00:00
3293,1,Final Assembly,42,false,2025-02-21 00:00:00
3294,8,Welding,53,false,2025-08-01 00:00:00
3295,7,Battery Integration,52,false,2025-12-10 00:00:00
3296,11,Welding,64,false,2026-02-19 00:00:00
3297,3,Welding,49,false,2026-03-12 00:00:00
3298,10,Stamping,64,false,2025-05-20 00:00:00
3299,11,Final Assembly,19,true,2025-10-05 00:00:00
3300,7,Drive Unit Install,113,false,2026-03-10 00:00:00
3301,7,Drive Unit Install,29,false,2025-09-15 00:00:00
3302,10,Painting,88,false,2025-02-19 00:00:00
3303,1,Final Assembly,18,false,2026-02-04 00:00:00
3304,3,Welding,115,false,2025-12-18 00:00:00
3305,10,Drive Unit Install,22,false,2025-01-14 00:00:00
3306,8,Welding,31,false,2025-07-29 00:00:00
3307,8,Final Assembly,93,false,2026-03-06 00:00:00
3308,6,Drive Unit Install,88,false,2026-01-21 00:00:00
3309,7,Welding,64,false,2025-05-01 00:00:00
3310,1,Drive Unit Install,71,false,2025-09-08 00:00:00
3311,6,Stamping,44,false,2025-08-24 00:00:00
3312,2,Battery Integration,47,false,2026-02-12 00:00:00
3313,11,Painting,118,false,2025-07-31 00:00:00
3314,4,Stamping,71,false,2025-04-25 00:00:00
3315,11,Final Assembly,107,false,2025-10-31 00:00:00
3316,4,Battery Integration,67,false,2026-01-29 00:00:00
3317,3,Final Assembly,79,false,2026-01-23 00:00:00
3318,2,Final Assembly,99,false,2025-04-20 00:00:00
3319,3,Painting,46,false,2025-10-07 00:00:00
3320,9,Painting,100,false,2025-12-04 00:00:00
3321,5,Quality Inspection,116,false,2025-08-14 00:00:00
3322,5,Battery Integration,71,false,2025-08-14 00:00:00
3323,1,Final Assembly,27,false,2025-03-09 00:00:00
3324,11,Stamping,98,false,2025-01-14 00:00:00
3325,5,Stamping,56,false,2025-07-16 00:00:00
3326,2,Welding,91,false,2025-06-27 00:00:00
3327,2,Drive Unit Install,17,false,2025-11-09 00:00:00
3328,3,Battery Integration,27,false,2025-05-22 00:00:00
3329,2,Stamping,56,false,2025-10-20 00:00:00
3330,6,Painting,83,false,2026-03-12 00:00:00
3331,7,Battery Integration,96,false,2025-05-18 00:00:00
3332,5,Welding,15,false,2026-03-25 00:00:00
3333,10,Quality Inspection,57,false,2025-04-23 00:00:00
3334,3,Drive Unit Install,16,false,2025-02-06 00:00:00
3335,7,Quality Inspection,113,false,2025-03-17 00:00:00
3336,8,Final Assembly,70,false,2025-03-06 00:00:00
3337,9,Painting,40,false,2025-05-05 00:00:00
3338,1,Final Assembly,30,false,2026-04-23 00:00:00
3339,5,Welding,53,false,2026-02-17 00:00:00
3340,6,Welding,29,false,2025-09-23 00:00:00
3341,8,Stamping,38,false,2025-05-19 00:00:00
3342,11,Drive Unit Install,40,false,2025-09-04 00:00:00
3343,4,Final Assembly,16,false,2025-01-01 00:00:00
3344,1,Painting,101,false,2025-02-21 00:00:00
3345,8,Drive Unit Install,66,false,2026-03-10 00:00:00
3346,6,Battery Integration,103,false,2026-02-02 00:00:00
3347,6,Painting,17,false,2025-09-29 00:00:00
3348,10,Welding,24,false,2025-11-18 00:00:00
3349,1,Final Assembly,97,false,2025-07-22 00:00:00
3350,6,Final Assembly,94,false,2026-02-11 00:00:00
3351,1,Welding,43,false,2025-07-29 00:00:00
3352,2,Final Assembly,39,false,2025-01-15 00:00:00
3353,11,Painting,71,false,2025-02-05 00:00:00
3354,8,Painting,114,false,2025-12-11 00:00:00
3355,3,Quality Inspection,32,false,2025-01-13 00:00:00
3356,3,Final Assembly,56,false,2025-09-25 00:00:00
3357,6,Stamping,78,false,2025-04-07 00:00:00
3358,8,Welding,78,false,2026-03-28 00:00:00
3359,9,Painting,95,false,2025-10-14 00:00:00
3360,3,Painting,44,false,2025-05-22 00:00:00
3361,10,Drive Unit Install,39,false,2025-04-23 00:00:00
3362,6,Final Assembly,118,false,2025-08-10 00:00:00
3363,2,Drive Unit Install,35,false,2025-02-22 00:00:00
3364,1,Quality Inspection,35,false,2026-01-24 00:00:00
3365,7,Stamping,75,true,2026-04-06 00:00:00
3366,7,Stamping,45,false,2025-12-27 00:00:00
3367,5,Drive Unit Install,30,false,2025-11-30 00:00:00
3368,2,Drive Unit Install,111,false,2025-05-25 00:00:00
3369,10,Quality Inspection,18,false,2025-06-07 00:00:00
3370,6,Painting,80,false,2026-03-16 00:00:00
3371,4,Quality Inspection,75,false,2025-06-21 00:00:00
3372,10,Stamping,37,false,2025-07-30 00:00:00
3373,5,Drive Unit Install,106,false,2025-03-01 00:00:00
3374,1,Painting,119,false,2025-07-14 00:00:00
3375,8,Stamping,109,false,2025-02-11 00:00:00
3376,9,Final Assembly,73,false,2025-03-06 00:00:00
3377,11,Painting,27,false,2026-03-01 00:00:00
3378,1,Painting,31,false,2025-01-18 00:00:00
3379,2,Painting,53,false,2026-01-25 00:00:00
3380,10,Stamping,75,false,2026-01-22 00:00:00
3381,8,Final Assembly,46,false,2026-01-28 00:00:00
3382,5,Quality Inspection,103,false,2025-10-31 00:00:00
3383,8,Quality Inspection,49,false,2025-03-19 00:00:00
3384,6,Quality Inspection,77,false,2025-04-11 00:00:00
3385,11,Painting,76,false,2025-11-02 00:00:00
3386,1,Quality Inspection,89,false,2026-01-21 00:00:00
3387,1,Welding,118,false,2025-05-24 00:00:00
3388,8,Welding,67,false,2026-04-12 00:00:00
3389,10,Final Assembly,28,false,2026-03-18 00:00:00
3390,9,Final Assembly,37,false,2025-06-24 00:00:00
3391,11,Battery Integration,36,false,2026-04-03 00:00:00
3392,9,Battery Integration,104,false,2025-09-20 00:00:00
3393,4,Welding,47,false,2025-01-23 00:00:00
3394,5,Painting,28,false,2026-02-23 00:00:00
3395,2,Welding,66,true,2025-04-29 00:00:00
3396,11,Painting,18,false,2025-11-12 00:00:00
3397,10,Welding,108,false,2026-03-24 00:00:00
3398,1,Final Assembly,92,false,2025-10-09 00:00:00
3399,9,Battery Integration,97,false,2025-12-28 00:00:00
3400,1,Welding,85,false,2025-11-13 00:00:00
3401,10,Painting,78,false,2025-11-29 00:00:00
3402,10,Stamping,87,false,2025-10-13 00:00:00
3403,3,Stamping,51,false,2026-01-01 00:00:00
3404,3,Painting,30,false,2026-04-01 00:00:00
3405,4,Drive Unit Install,40,false,2026-02-17 00:00:00
3406,5,Battery Integration,109,false,2025-03-05 00:00:00
3407,9,Welding,68,false,2025-03-03 00:00:00
3408,5,Drive Unit Install,49,false,2026-02-11 00:00:00
3409,3,Quality Inspection,51,false,2025-05-23 00:00:00
3410,1,Stamping,92,false,2025-04-30 00:00:00
3411,9,Final Assembly,42,false,2026-04-03 00:00:00
3412,11,Welding,53,false,2025-05-07 00:00:00
3413,10,Quality Inspection,57,false,2025-03-07 00:00:00
3414,4,Drive Unit Install,76,false,2026-02-08 00:00:00
3415,3,Final Assembly,80,false,2025-04-20 00:00:00
3416,11,Final Assembly,18,false,2025-10-22 00:00:00
3417,9,Painting,66,false,2026-04-07 00:00:00
3418,2,Welding,47,false,2025-12-22 00:00:00
3419,9,Stamping,40,false,2025-05-02 00:00:00
3420,5,Drive Unit Install,47,false,2025-06-12 00:00:00
3421,2,Drive Unit Install,92,false,2025-06-21 00:00:00
3422,6,Battery Integration,33,false,2026-03-05 00:00:00
3423,6,Welding,22,false,2025-09-09 00:00:00
3424,3,Painting,69,false,2025-10-24 00:00:00
3425,1,Quality Inspection,15,false,2025-09-10 00:00:00
3426,8,Battery Integration,20,false,2025-06-08 00:00:00
3427,2,Stamping,92,false,2025-04-29 00:00:00
3428,10,Painting,114,false,2025-07-27 00:00:00
3429,11,Battery Integration,54,false,2025-04-17 00:00:00
3430,8,Painting,18,false,2025-07-08 00:00:00
3431,4,Quality Inspection,115,false,2025-12-12 00:00:00
3432,6,Painting,97,false,2025-05-27 00:00:00
3433,2,Welding,26,false,2025-02-21 00:00:00
3434,6,Quality Inspection,88,false,2025-11-30 00:00:00
3435,8,Welding,119,false,2025-10-02 00:00:00
3436,6,Final Assembly,93,false,2025-03-07 00:00:00
3437,5,Drive Unit Install,72,false,2025-06-23 00:00:00
3438,5,Drive Unit Install,88,false,2025-01-30 00:00:00
3439,2,Final Assembly,53,false,2026-01-10 00:00:00
3440,11,Drive Unit Install,43,false,2025-10-24 00:00:00
3441,1,Painting,81,false,2026-02-15 00:00:00
3442,8,Welding,42,false,2025-08-12 00:00:00
3443,8,Drive Unit Install,78,false,2025-02-28 00:00:00
3444,11,Painting,47,false,2025-12-14 00:00:00
3445,6,Final Assembly,109,false,2025-08-29 00:00:00
3446,1,Painting,52,false,2025-06-25 00:00:00
3447,7,Final Assembly,108,false,2025-07-14 00:00:00
3448,8,Stamping,56,false,2025-05-06 00:00:00
3449,11,Battery Integration,71,false,2025-10-19 00:00:00
3450,7,Final Assembly,46,false,2025-08-10 00:00:00
3451,4,Final Assembly,46,false,2025-04-12 00:00:00
3452,5,Painting,79,false,2025-08-09 00:00:00
3453,7,Battery Integration,56,false,2026-02-19 00:00:00
3454,7,Final Assembly,49,false,2025-12-05 00:00:00
3455,1,Final Assembly,115,false,2025-09-22 00:00:00
3456,2,Welding,118,false,2026-02-09 00:00:00
3457,1,Stamping,80,false,2026-04-13 00:00:00
3458,1,Drive Unit Install,49,false,2025-10-12 00:00:00
3459,2,Welding,26,false,2025-05-27 00:00:00
3460,7,Stamping,32,false,2025-02-02 00:00:00
3461,7,Battery Integration,45,false,2025-07-19 00:00:00
3462,2,Quality Inspection,23,false,2025-08-12 00:00:00
3463,4,Welding,42,false,2025-12-10 00:00:00
3464,1,Final Assembly,33,false,2025-07-27 00:00:00
3465,9,Quality Inspection,62,false,2025-10-24 00:00:00
3466,6,Battery Integration,40,false,2025-05-31 00:00:00
3467,9,Battery Integration,24,false,2026-01-25 00:00:00
3468,7,Stamping,45,false,2026-01-12 00:00:00
3469,2,Quality Inspection,68,false,2025-09-06 00:00:00
3470,8,Drive Unit Install,70,false,2025-08-27 00:00:00
3471,1,Battery Integration,70,false,2025-01-20 00:00:00
3472,7,Drive Unit Install,79,false,2025-11-28 00:00:00
3473,6,Welding,109,false,2025-11-30 00:00:00
3474,3,Stamping,77,false,2025-05-06 00:00:00
3475,7,Painting,106,false,2025-09-09 00:00:00
3476,11,Welding,27,false,2025-02-10 00:00:00
3477,11,Painting,53,false,2025-05-10 00:00:00
3478,6,Final Assembly,106,false,2026-02-08 00:00:00
3479,8,Painting,120,false,2025-03-03 00:00:00
3480,6,Quality Inspection,104,false,2025-11-23 00:00:00
3481,10,Quality Inspection,25,false,2025-12-10 00:00:00
3482,11,Welding,48,false,2025-12-23 00:00:00
3483,1,Battery Integration,76,false,2025-03-26 00:00:00
3484,5,Quality Inspection,98,false,2025-08-09 00:00:00
3485,3,Stamping,91,false,2026-01-12 00:00:00
3486,6,Final Assembly,58,false,2025-09-01 00:00:00
3487,1,Welding,38,false,2026-02-17 00:00:00
3488,10,Stamping,35,false,2026-04-16 00:00:00
3489,3,Final Assembly,120,false,2025-11-02 00:00:00
3490,8,Battery Integration,45,false,2025-01-31 00:00:00
3491,7,Final Assembly,19,false,2026-01-30 00:00:00
3492,3,Stamping,55,false,2026-03-11 00:00:00
3493,10,Battery Integration,117,false,2025-08-06 00:00:00
3494,6,Battery Integration,87,false,2025-08-19 00:00:00
3495,3,Drive Unit Install,102,false,2025-05-20 00:00:00
3496,9,Quality Inspection,64,false,2025-03-14 00:00:00
3497,9,Drive Unit Install,43,false,2026-02-24 00:00:00
3498,9,Drive Unit Install,99,false,2025-11-29 00:00:00
3499,9,Painting,97,false,2025-05-24 00:00:00
3500,4,Drive Unit Install,83,false,2025-04-29 00:00:00
