id,component_id,quantity,order_date,unit_price_usd,total_cost_usd,shipping_status
1,5,50,2026-03-25 00:00:00,2800.00,140000.00,Delivered
2,14,100,2025-07-03 00:00:00,380.00,38000.00,Shipped
3,6,1000,2025-05-24 00:00:00,3900.00,3900000.00,Pending
4,6,1000,2025-10-07 00:00:00,3900.00,3900000.00,Delivered
5,13,100,2025-06-27 00:00:00,2200.00,220000.00,Delivered
6,3,1000,2025-06-08 00:00:00,4900.00,4900000.00,Delivered
7,14,100,2025-12-25 00:00:00,380.00,38000.00,Pending
8,9,250,2025-04-22 00:00:00,250.00,62500.00,Pending
9,8,1000,2025-10-09 00:00:00,450.00,450000.00,Shipped
10,3,100,2025-06-15 00:00:00,4900.00,490000.00,Delivered
11,14,1000,2025-04-20 00:00:00,380.00,380000.00,Pending
12,10,500,2026-02-16 00:00:00,180.00,90000.00,Delivered
13,3,1000,2025-12-21 00:00:00,4900.00,4900000.00,Pending
14,12,50,2025-04-30 00:00:00,1500.00,75000.00,Delivered
15,9,50,2025-07-11 00:00:00,250.00,12500.00,Delivered
16,5,100,2025-11-03 00:00:00,2800.00,280000.00,Delivered
17,2,100,2026-01-03 00:00:00,6800.00,680000.00,Delivered
18,12,100,2025-07-26 00:00:00,1500.00,150000.00,Pending
19,3,100,2026-01-28 00:00:00,4900.00,490000.00,Shipped
20,3,50,2025-07-09 00:00:00,4900.00,245000.00,Pending
21,9,250,2026-03-26 00:00:00,250.00,62500.00,Pending
22,1,100,2025-08-08 00:00:00,8500.00,850000.00,Delivered
23,1,50,2025-05-19 00:00:00,8500.00,425000.00,Pending
24,5,250,2025-06-21 00:00:00,2800.00,700000.00,Delivered
25,6,250,2026-02-17 00:00:00,3900.00,975000.00,Shipped
26,6,50,2025-07-02 00:00:00,3900.00,195000.00,Shipped
27,7,1000,2025-01-20 00:00:00,1200.00,1200000.00,Pending
28,13,500,2026-01-22 00:00:00,2200.00,1100000.00,Pending
29,3,100,2025-05-12 00:00:00,4900.00,490000.00,Shipped
30,11,250,2025-11-10 00:00:00,800.00,200000.00,Pending
31,4,100,2025-06-05 00:00:00,2400.00,240000.00,Delivered
32,11,250,2025-01-21 00:00:00,800.00,200000.00,Pending
33,13,100,2025-07-12 00:00:00,2200.00,220000.00,Pending
34,11,50,2026-01-11 00:00:00,800.00,40000.00,Delivered
35,3,250,2025-05-19 00:00:00,4900.00,1225000.00,Pending
36,5,1000,2026-01-10 00:00:00,2800.00,2800000.00,Shipped
37,8,100,2025-06-12 00:00:00,450.00,45000.00,Delivered
38,4,100,2025-06-21 00:00:00,2400.00,240000.00,Delivered
39,12,250,2025-02-11 00:00:00,1500.00,375000.00,Pending
40,4,1000,2025-06-08 00:00:00,2400.00,2400000.00,Shipped
41,13,100,2025-05-17 00:00:00,2200.00,220000.00,Delivered
42,14,500,2026-01-26 00:00:00,380.00,190000.00,Pending
43,10,500,2025-11-12 00:00:00,180.00,90000.00,Delivered
44,13,250,2026-01-09 00:00:00,2200.00,550000.00,Delivered
45,7,50,2025-12-22 00:00:00,1200.00,60000.00,Pending
46,13,50,2025-10-23 00:00:00,2200.00,110000.00,Shipped
47,6,250,2025-06-08 00:00:00,3900.00,975000.00,Delivered
48,11,1000,2025-02-08 00:00:00,800.00,800000.00,Delivered
49,2,50,2025-08-11 00:00:00,6800.00,340000.00,Delivered
50,9,500,2025-06-12 00:00:00,250.00,125000.00,Shipped
51,11,100,2025-10-23 00:00:00,800.00,80000.00,Shipped
52,11,250,2025-01-06 00:00:00,800.00,200000.00,Delivered
53,2,50,2025-10-31 00:00:00,6800.00,340000.00,Delivered
54,1,50,2025-09-18 00:00:00,8500.00,425000.00,Pending
55,13,100,2026-03-24 00:00:00,2200.00,220000.00,Delivered
56,6,50,2025-03-02 00:00:00,3900.00,195000.00,Delivered
57,4,50,2026-03-06 00:00:00,2400.00,120000.00,Pending
58,10,100,2025-09-04 00:00:00,180.00,18000.00,Shipped
59,1,1000,2025-04-15 00:00:00,8500.00,8500000.00,Shipped
60,9,1000,2025-05-10 00:00:00,250.00,250000.00,Pending
61,2,1000,2025-09-01 00:00:00,6800.00,6800000.00,Pending
62,2,50,2025-11-05 00:00:00,6800.00,340000.00,Delivered
63,14,250,2025-11-25 00:00:00,380.00,95000.00,Pending
64,6,1000,2025-05-06 00:00:00,3900.00,3900000.00,Shipped
65,6,500,2025-12-20 00:00:00,3900.00,1950000.00,Pending
66,13,250,2025-05-25 00:00:00,2200.00,550000.00,Delivered
67,4,250,2025-06-02 00:00:00,2400.00,600000.00,Delivered
68,8,100,2025-03-31 00:00:00,450.00,45000.00,Delivered
69,8,100,2025-03-04 00:00:00,450.00,45000.00,Pending
70,3,1000,2025-04-22 00:00:00,4900.00,4900000.00,Delivered
71,4,500,2025-03-01 00:00:00,2400.00,1200000.00,Delivered
72,10,100,2025-07-15 00:00:00,180.00,18000.00,Pending
73,3,100,2025-05-12 00:00:00,4900.00,490000.00,Delivered
74,4,500,2025-11-05 00:00:00,2400.00,1200000.00,Shipped
75,12,250,2026-01-24 00:00:00,1500.00,375000.00,Shipped
76,1,50,2026-03-12 00:00:00,8500.00,425000.00,Shipped
77,1,250,2026-01-18 00:00:00,8500.00,2125000.00,Delivered
78,7,500,2025-02-04 00:00:00,1200.00,600000.00,Delivered
79,8,50,2026-01-17 00:00:00,450.00,22500.00,Shipped
80,12,1000,2026-03-03 00:00:00,1500.00,1500000.00,Shipped
81,10,1000,2025-09-09 00:00:00,180.00,180000.00,Delivered
82,12,500,2025-10-15 00:00:00,1500.00,750000.00,Shipped
83,7,100,2025-04-09 00:00:00,1200.00,120000.00,Shipped
84,8,500,2025-08-31 00:00:00,450.00,225000.00,Delivered
85,2,250,2026-03-25 00:00:00,6800.00,1700000.00,Pending
86,12,500,2026-01-05 00:00:00,1500.00,750000.00,Delivered
87,8,100,2026-03-10 00:00:00,450.00,45000.00,Delivered
88,6,250,2025-10-08 00:00:00,3900.00,975000.00,Delivered
89,10,1000,2025-05-01 00:00:00,180.00,180000.00,Delivered
90,10,500,2025-05-02 00:00:00,180.00,90000.00,Shipped
91,8,50,2025-12-27 00:00:00,450.00,22500.00,Delivered
92,2,500,2025-11-14 00:00:00,6800.00,3400000.00,Delivered
93,9,100,2025-10-16 00:00:00,250.00,25000.00,Delivered
94,2,50,2025-03-11 00:00:00,6800.00,340000.00,Delivered
95,8,500,2025-11-20 00:00:00,450.00,225000.00,Shipped
96,11,50,2025-10-28 00:00:00,800.00,40000.00,Delivered
97,4,100,2025-01-03 00:00:00,2400.00,240000.00,Delivered
98,9,500,2025-05-03 00:00:00,250.00,125000.00,Shipped
99,1,250,2025-11-15 00:00:00,8500.00,2125000.00,Delivered
100,4,500,2026-02-28 00:00:00,2400.00,1200000.00,Shipped
101,6,50,2025-02-20 00:00:00,3900.00,195000.00,Pending
102,6,500,2025-04-28 00:00:00,3900.00,1950000.00,Delivered
103,2,1000,2025-09-10 00:00:00,6800.00,6800000.00,Pending
104,8,100,2025-10-21 00:00:00,450.00,45000.00,Shipped
105,14,100,2025-07-02 00:00:00,380.00,38000.00,Shipped
106,1,250,2025-10-09 00:00:00,8500.00,2125000.00,Shipped
107,8,1000,2025-10-20 00:00:00,450.00,450000.00,Delivered
108,6,500,2025-03-12 00:00:00,3900.00,1950000.00,Delivered
109,7,1000,2025-06-14 00:00:00,1200.00,1200000.00,Shipped
110,12,100,2025-08-24 00:00:00,1500.00,150000.00,Delivered
111,4,1000,2025-02-20 00:00:00,2400.00,2400000.00,Delivered
112,11,100,2026-01-05 00:00:00,800.00,80000.00,Pending
113,13,250,2025-11-07 00:00:00,2200.00,550000.00,Shipped
114,13,250,2025-07-10 00:00:00,2200.00,550000.00,Shipped
115,9,500,2025-06-25 00:00:00,250.00,125000.00,Delivered
116,2,100,2025-08-30 00:00:00,6800.00,680000.00,Pending
117,9,500,2025-08-28 00:00:00,250.00,125000.00,Pending
118,12,1000,2025-10-22 00:00:00,1500.00,1500000.00,Shipped
119,10,500,2025-07-10 00:00:00,180.00,90000.00,Pending
120,14,250,2025-12-09 00:00:00,380.00,95000.00,Shipped
121,2,50,2025-04-30 00:00:00,6800.00,340000.00,Shipped
122,9,1000,2025-07-20 00:00:00,250.00,250000.00,Delivered
123,5,1000,2025-01-16 00:00:00,2800.00,2800000.00,Shipped
124,5,500,2026-02-02 00:00:00,2800.00,1400000.00,Shipped
125,9,500,2026-01-06 00:00:00,250.00,125000.00,Delivered
126,1,100,2025-06-24 00:00:00,8500.00,850000.00,Pending
127,9,50,2026-02-11 00:00:00,250.00,12500.00,Delivered
128,6,1000,2025-09-10 00:00:00,3900.00,3900000.00,Pending
129,4,1000,2025-06-23 00:00:00,2400.00,2400000.00,Delivered
130,7,500,2025-08-12 00:00:00,1200.00,600000.00,Shipped
131,8,250,2025-01-21 00:00:00,450.00,112500.00,Pending
132,4,50,2025-08-19 00:00:00,2400.00,120000.00,Delivered
133,9,50,2026-03-11 00:00:00,250.00,12500.00,Delivered
134,12,50,2025-03-15 00:00:00,1500.00,75000.00,Delivered
135,12,500,2025-01-02 00:00:00,1500.00,750000.00,Pending
136,7,50,2025-07-16 00:00:00,1200.00,60000.00,Pending
137,7,250,2025-01-17 00:00:00,1200.00,300000.00,Shipped
138,4,100,2025-08-11 00:00:00,2400.00,240000.00,Shipped
139,5,500,2026-01-31 00:00:00,2800.00,1400000.00,Delivered
140,5,100,2025-04-05 00:00:00,2800.00,280000.00,Delivered
141,3,50,2025-12-08 00:00:00,4900.00,245000.00,Shipped
142,2,50,2026-01-01 00:00:00,6800.00,340000.00,Delivered
143,14,1000,2025-08-31 00:00:00,380.00,380000.00,Pending
144,5,250,2025-11-18 00:00:00,2800.00,700000.00,Delivered
145,14,500,2026-03-20 00:00:00,380.00,190000.00,Delivered
146,4,100,2025-12-14 00:00:00,2400.00,240000.00,Delivered
147,2,500,2025-11-01 00:00:00,6800.00,3400000.00,Shipped
148,2,100,2025-01-12 00:00:00,6800.00,680000.00,Shipped
149,11,1000,2025-05-08 00:00:00,800.00,800000.00,Shipped
150,14,250,2026-03-06 00:00:00,380.00,95000.00,Delivered
151,3,250,2025-02-16 00:00:00,4900.00,1225000.00,Shipped
152,12,500,2025-04-01 00:00:00,1500.00,750000.00,Delivered
153,4,1000,2025-09-14 00:00:00,2400.00,2400000.00,Delivered
154,13,250,2025-06-26 00:00:00,2200.00,550000.00,Shipped
155,12,50,2025-11-03 00:00:00,1500.00,75000.00,Pending
156,1,1000,2026-01-01 00:00:00,8500.00,8500000.00,Shipped
157,9,100,2025-10-22 00:00:00,250.00,25000.00,Shipped
158,11,50,2026-03-10 00:00:00,800.00,40000.00,Delivered
159,4,50,2025-05-03 00:00:00,2400.00,120000.00,Pending
160,12,50,2025-05-17 00:00:00,1500.00,75000.00,Shipped
161,12,1000,2025-10-01 00:00:00,1500.00,1500000.00,Delivered
162,10,500,2025-04-24 00:00:00,180.00,90000.00,Pending
163,12,250,2025-12-04 00:00:00,1500.00,375000.00,Shipped
164,11,1000,2025-09-14 00:00:00,800.00,800000.00,Pending
165,6,250,2025-09-07 00:00:00,3900.00,975000.00,Pending
166,12,1000,2025-07-28 00:00:00,1500.00,1500000.00,Pending
167,6,250,2025-09-14 00:00:00,3900.00,975000.00,Pending
168,13,100,2025-09-02 00:00:00,2200.00,220000.00,Pending
169,12,250,2025-07-26 00:00:00,1500.00,375000.00,Pending
170,10,1000,2025-04-29 00:00:00,180.00,180000.00,Shipped
171,11,500,2025-01-02 00:00:00,800.00,400000.00,Pending
172,4,50,2025-12-19 00:00:00,2400.00,120000.00,Delivered
173,13,1000,2025-03-03 00:00:00,2200.00,2200000.00,Pending
174,5,250,2025-07-07 00:00:00,2800.00,700000.00,Shipped
175,1,500,2025-06-26 00:00:00,8500.00,4250000.00,Pending
176,2,1000,2025-03-01 00:00:00,6800.00,6800000.00,Delivered
177,2,250,2025-11-30 00:00:00,6800.00,1700000.00,Pending
178,14,500,2026-02-09 00:00:00,380.00,190000.00,Delivered
179,8,250,2025-11-02 00:00:00,450.00,112500.00,Delivered
180,12,50,2026-01-17 00:00:00,1500.00,75000.00,Pending
181,1,1000,2025-10-04 00:00:00,8500.00,8500000.00,Delivered
182,4,50,2025-10-23 00:00:00,2400.00,120000.00,Shipped
183,4,50,2025-01-29 00:00:00,2400.00,120000.00,Shipped
184,12,1000,2026-03-03 00:00:00,1500.00,1500000.00,Pending
185,10,500,2025-10-05 00:00:00,180.00,90000.00,Delivered
186,3,50,2025-10-21 00:00:00,4900.00,245000.00,Delivered
187,12,50,2025-08-16 00:00:00,1500.00,75000.00,Delivered
188,5,250,2025-03-09 00:00:00,2800.00,700000.00,Pending
189,5,50,2025-12-15 00:00:00,2800.00,140000.00,Shipped
190,2,100,2025-04-20 00:00:00,6800.00,680000.00,Pending
191,6,50,2025-08-12 00:00:00,3900.00,195000.00,Delivered
192,9,500,2025-04-22 00:00:00,250.00,125000.00,Pending
193,9,50,2025-05-09 00:00:00,250.00,12500.00,Pending
194,12,50,2025-05-04 00:00:00,1500.00,75000.00,Delivered
195,6,250,2026-02-26 00:00:00,3900.00,975000.00,Shipped
196,1,1000,2025-04-19 00:00:00,8500.00,8500000.00,Pending
197,2,500,2026-01-02 00:00:00,6800.00,3400000.00,Shipped
198,3,250,2025-03-09 00:00:00,4900.00,1225000.00,Delivered
199,13,50,2025-08-23 00:00:00,2200.00,110000.00,Shipped
200,7,50,2025-11-02 00:00:00,1200.00,60000.00,Shipped
201,7,1000,2025-03-21 00:00:00,1200.00,1200000.00,Delivered
202,11,500,2025-07-12 00:00:00,800.00,400000.00,Delivered
203,12,500,2025-05-11 00:00:00,1500.00,750000.00,Delivered
204,11,500,2026-03-02 00:00:00,800.00,400000.00,Pending
205,5,50,2026-01-10 00:00:00,2800.00,140000.00,Shipped
206,3,50,2025-12-02 00:00:00,4900.00,245000.00,Delivered
207,11,50,2025-08-22 00:00:00,800.00,40000.00,Pending
208,7,100,2025-08-06 00:00:00,1200.00,120000.00,Shipped
209,10,100,2025-08-21 00:00:00,180.00,18000.00,Delivered
210,3,1000,2026-01-18 00:00:00,4900.00,4900000.00,Delivered
211,12,50,2026-02-02 00:00:00,1500.00,75000.00,Delivered
212,2,50,2026-03-05 00:00:00,6800.00,340000.00,Shipped
213,4,50,2026-01-20 00:00:00,2400.00,120000.00,Delivered
214,10,1000,2025-06-29 00:00:00,180.00,180000.00,Delivered
215,12,250,2026-01-08 00:00:00,1500.00,375000.00,Delivered
216,11,1000,2026-03-24 00:00:00,800.00,800000.00,Shipped
217,6,100,2026-03-06 00:00:00,3900.00,390000.00,Delivered
218,10,500,2025-02-21 00:00:00,180.00,90000.00,Shipped
219,2,100,2025-06-05 00:00:00,6800.00,680000.00,Delivered
220,6,50,2025-08-05 00:00:00,3900.00,195000.00,Delivered
221,2,50,2025-10-06 00:00:00,6800.00,340000.00,Pending
222,8,1000,2025-09-04 00:00:00,450.00,450000.00,Shipped
223,8,100,2025-11-27 00:00:00,450.00,45000.00,Shipped
224,2,50,2025-11-07 00:00:00,6800.00,340000.00,Shipped
225,5,100,2025-08-08 00:00:00,2800.00,280000.00,Shipped
226,10,250,2025-05-18 00:00:00,180.00,45000.00,Delivered
227,6,500,2025-02-15 00:00:00,3900.00,1950000.00,Delivered
228,14,100,2025-06-11 00:00:00,380.00,38000.00,Shipped
229,6,50,2025-12-29 00:00:00,3900.00,195000.00,Pending
230,11,1000,2025-07-17 00:00:00,800.00,800000.00,Delivered
231,13,500,2025-06-04 00:00:00,2200.00,1100000.00,Pending
232,14,500,2025-08-04 00:00:00,380.00,190000.00,Pending
233,14,50,2025-06-26 00:00:00,380.00,19000.00,Delivered
234,8,50,2025-03-08 00:00:00,450.00,22500.00,Delivered
235,10,500,2026-01-05 00:00:00,180.00,90000.00,Shipped
236,9,100,2025-02-16 00:00:00,250.00,25000.00,Delivered
237,2,1000,2025-05-12 00:00:00,6800.00,6800000.00,Delivered
238,4,500,2025-04-01 00:00:00,2400.00,1200000.00,Delivered
239,14,1000,2025-05-02 00:00:00,380.00,380000.00,Delivered
240,5,100,2026-02-10 00:00:00,2800.00,280000.00,Shipped
241,7,50,2026-02-14 00:00:00,1200.00,60000.00,Pending
242,1,50,2025-05-08 00:00:00,8500.00,425000.00,Delivered
243,5,500,2025-07-14 00:00:00,2800.00,1400000.00,Delivered
244,6,50,2025-05-25 00:00:00,3900.00,195000.00,Delivered
245,8,1000,2025-05-15 00:00:00,450.00,450000.00,Shipped
246,14,50,2025-12-11 00:00:00,380.00,19000.00,Pending
247,4,100,2025-06-28 00:00:00,2400.00,240000.00,Pending
248,12,500,2025-04-02 00:00:00,1500.00,750000.00,Delivered
249,11,250,2025-06-21 00:00:00,800.00,200000.00,Shipped
250,4,50,2026-03-04 00:00:00,2400.00,120000.00,Pending
251,4,50,2025-08-02 00:00:00,2400.00,120000.00,Delivered
252,7,100,2025-10-25 00:00:00,1200.00,120000.00,Pending
253,5,500,2025-12-27 00:00:00,2800.00,1400000.00,Delivered
254,13,50,2025-06-02 00:00:00,2200.00,110000.00,Shipped
255,5,250,2025-07-28 00:00:00,2800.00,700000.00,Shipped
256,4,250,2025-08-11 00:00:00,2400.00,600000.00,Delivered
257,13,100,2025-05-30 00:00:00,2200.00,220000.00,Delivered
258,4,100,2025-04-05 00:00:00,2400.00,240000.00,Pending
259,6,50,2025-01-01 00:00:00,3900.00,195000.00,Delivered
260,11,1000,2025-10-26 00:00:00,800.00,800000.00,Shipped
261,7,500,2025-10-22 00:00:00,1200.00,600000.00,Delivered
262,13,50,2025-05-09 00:00:00,2200.00,110000.00,Delivered
263,1,250,2025-09-18 00:00:00,8500.00,2125000.00,Shipped
264,8,100,2025-03-13 00:00:00,450.00,45000.00,Shipped
265,10,1000,2025-11-07 00:00:00,180.00,180000.00,Delivered
266,5,100,2025-09-30 00:00:00,2800.00,280000.00,Delivered
267,6,250,2026-01-15 00:00:00,3900.00,975000.00,Shipped
268,11,1000,2025-02-26 00:00:00,800.00,800000.00,Delivered
269,12,100,2025-05-28 00:00:00,1500.00,150000.00,Delivered
270,8,100,2025-01-24 00:00:00,450.00,45000.00,Delivered
271,7,500,2025-05-25 00:00:00,1200.00,600000.00,Delivered
272,14,1000,2025-06-21 00:00:00,380.00,380000.00,Delivered
273,12,1000,2025-02-09 00:00:00,1500.00,1500000.00,Shipped
274,11,250,2025-10-03 00:00:00,800.00,200000.00,Delivered
275,11,250,2026-01-18 00:00:00,800.00,200000.00,Delivered
276,2,100,2025-08-02 00:00:00,6800.00,680000.00,Delivered
277,2,500,2025-06-30 00:00:00,6800.00,3400000.00,Delivered
278,9,1000,2025-11-04 00:00:00,250.00,250000.00,Delivered
279,13,100,2025-11-02 00:00:00,2200.00,220000.00,Pending
280,4,100,2025-02-22 00:00:00,2400.00,240000.00,Shipped
281,14,100,2025-03-01 00:00:00,380.00,38000.00,Pending
282,1,250,2025-07-14 00:00:00,8500.00,2125000.00,Delivered
283,9,250,2025-02-01 00:00:00,250.00,62500.00,Delivered
284,10,500,2026-01-23 00:00:00,180.00,90000.00,Pending
285,4,100,2025-10-28 00:00:00,2400.00,240000.00,Delivered
286,8,1000,2025-06-07 00:00:00,450.00,450000.00,Pending
287,1,50,2025-05-30 00:00:00,8500.00,425000.00,Pending
288,2,1000,2025-05-08 00:00:00,6800.00,6800000.00,Shipped
289,2,1000,2025-04-25 00:00:00,6800.00,6800000.00,Delivered
290,8,100,2025-02-05 00:00:00,450.00,45000.00,Shipped
291,6,250,2026-03-22 00:00:00,3900.00,975000.00,Pending
292,12,250,2026-03-13 00:00:00,1500.00,375000.00,Delivered
293,11,500,2025-05-16 00:00:00,800.00,400000.00,Delivered
294,1,500,2025-01-15 00:00:00,8500.00,4250000.00,Delivered
295,1,1000,2025-02-04 00:00:00,8500.00,8500000.00,Pending
296,5,50,2026-01-13 00:00:00,2800.00,140000.00,Delivered
297,8,500,2025-05-08 00:00:00,450.00,225000.00,Shipped
298,5,250,2025-11-06 00:00:00,2800.00,700000.00,Delivered
299,12,100,2026-02-27 00:00:00,1500.00,150000.00,Delivered
300,6,250,2025-12-22 00:00:00,3900.00,975000.00,Delivered
301,8,500,2025-05-04 00:00:00,450.00,225000.00,Delivered
302,14,500,2026-03-05 00:00:00,380.00,190000.00,Shipped
303,10,250,2025-01-10 00:00:00,180.00,45000.00,Shipped
304,5,100,2025-09-05 00:00:00,2800.00,280000.00,Delivered
305,4,1000,2025-06-15 00:00:00,2400.00,2400000.00,Shipped
306,14,250,2025-12-05 00:00:00,380.00,95000.00,Pending
307,3,50,2026-03-26 00:00:00,4900.00,245000.00,Pending
308,7,100,2025-04-05 00:00:00,1200.00,120000.00,Pending
309,3,1000,2025-06-12 00:00:00,4900.00,4900000.00,Shipped
310,13,250,2025-11-29 00:00:00,2200.00,550000.00,Delivered
311,10,500,2025-09-15 00:00:00,180.00,90000.00,Delivered
312,9,500,2025-02-12 00:00:00,250.00,125000.00,Delivered
313,14,100,2025-02-06 00:00:00,380.00,38000.00,Pending
314,14,500,2025-08-19 00:00:00,380.00,190000.00,Delivered
315,13,100,2025-03-16 00:00:00,2200.00,220000.00,Shipped
316,3,250,2025-05-17 00:00:00,4900.00,1225000.00,Shipped
317,4,100,2025-06-13 00:00:00,2400.00,240000.00,Pending
318,5,50,2026-03-27 00:00:00,2800.00,140000.00,Delivered
319,14,50,2026-03-25 00:00:00,380.00,19000.00,Delivered
320,2,1000,2026-03-24 00:00:00,6800.00,6800000.00,Pending
321,7,500,2025-09-06 00:00:00,1200.00,600000.00,Pending
322,6,500,2025-04-12 00:00:00,3900.00,1950000.00,Pending
323,1,50,2026-01-17 00:00:00,8500.00,425000.00,Delivered
324,3,50,2025-06-17 00:00:00,4900.00,245000.00,Delivered
325,1,500,2025-01-21 00:00:00,8500.00,4250000.00,Delivered
326,11,500,2025-01-27 00:00:00,800.00,400000.00,Pending
327,9,250,2025-07-27 00:00:00,250.00,62500.00,Delivered
328,11,500,2025-09-30 00:00:00,800.00,400000.00,Delivered
329,11,1000,2026-03-05 00:00:00,800.00,800000.00,Delivered
330,13,1000,2025-03-17 00:00:00,2200.00,2200000.00,Pending
331,6,100,2025-04-18 00:00:00,3900.00,390000.00,Shipped
332,9,100,2025-04-25 00:00:00,250.00,25000.00,Delivered
333,10,250,2025-12-22 00:00:00,180.00,45000.00,Delivered
334,11,500,2025-05-30 00:00:00,800.00,400000.00,Shipped
335,6,250,2025-09-15 00:00:00,3900.00,975000.00,Delivered
336,1,100,2025-03-19 00:00:00,8500.00,850000.00,Pending
337,10,50,2025-03-05 00:00:00,180.00,9000.00,Pending
338,14,100,2025-04-11 00:00:00,380.00,38000.00,Delivered
339,3,50,2025-06-25 00:00:00,4900.00,245000.00,Delivered
340,9,250,2026-01-20 00:00:00,250.00,62500.00,Pending
341,10,100,2025-11-12 00:00:00,180.00,18000.00,Shipped
342,11,250,2025-06-28 00:00:00,800.00,200000.00,Delivered
343,9,250,2025-03-02 00:00:00,250.00,62500.00,Shipped
344,5,50,2025-04-08 00:00:00,2800.00,140000.00,Shipped
345,4,50,2025-11-18 00:00:00,2400.00,120000.00,Shipped
346,1,500,2026-03-03 00:00:00,8500.00,4250000.00,Delivered
347,6,250,2025-01-07 00:00:00,3900.00,975000.00,Delivered
348,1,100,2025-08-22 00:00:00,8500.00,850000.00,Delivered
349,8,250,2025-08-25 00:00:00,450.00,112500.00,Delivered
350,2,500,2025-12-31 00:00:00,6800.00,3400000.00,Shipped
351,3,50,2025-05-18 00:00:00,4900.00,245000.00,Delivered
352,12,1000,2026-01-19 00:00:00,1500.00,1500000.00,Pending
353,5,100,2025-10-06 00:00:00,2800.00,280000.00,Delivered
354,13,50,2025-02-19 00:00:00,2200.00,110000.00,Delivered
355,3,1000,2025-04-13 00:00:00,4900.00,4900000.00,Shipped
356,6,500,2025-05-04 00:00:00,3900.00,1950000.00,Delivered
357,4,1000,2025-05-25 00:00:00,2400.00,2400000.00,Delivered
358,8,50,2025-02-05 00:00:00,450.00,22500.00,Pending
359,4,1000,2026-03-13 00:00:00,2400.00,2400000.00,Pending
360,6,250,2025-07-17 00:00:00,3900.00,975000.00,Delivered
361,13,50,2026-03-24 00:00:00,2200.00,110000.00,Pending
362,6,1000,2025-02-11 00:00:00,3900.00,3900000.00,Delivered
363,13,250,2026-02-12 00:00:00,2200.00,550000.00,Pending
364,3,100,2025-07-31 00:00:00,4900.00,490000.00,Delivered
365,3,250,2025-04-05 00:00:00,4900.00,1225000.00,Delivered
366,11,250,2025-11-17 00:00:00,800.00,200000.00,Shipped
367,3,100,2025-10-02 00:00:00,4900.00,490000.00,Shipped
368,9,100,2025-10-24 00:00:00,250.00,25000.00,Delivered
369,10,100,2025-07-09 00:00:00,180.00,18000.00,Pending
370,12,500,2025-07-27 00:00:00,1500.00,750000.00,Shipped
371,12,1000,2025-06-28 00:00:00,1500.00,1500000.00,Shipped
372,5,50,2025-06-02 00:00:00,2800.00,140000.00,Delivered
373,1,500,2025-06-07 00:00:00,8500.00,4250000.00,Pending
374,10,250,2025-04-11 00:00:00,180.00,45000.00,Delivered
375,7,50,2025-02-03 00:00:00,1200.00,60000.00,Delivered
376,6,500,2026-03-19 00:00:00,3900.00,1950000.00,Delivered
377,13,500,2025-08-06 00:00:00,2200.00,1100000.00,Pending
378,11,50,2026-03-01 00:00:00,800.00,40000.00,Shipped
379,12,50,2025-11-29 00:00:00,1500.00,75000.00,Shipped
380,10,250,2025-09-09 00:00:00,180.00,45000.00,Delivered
381,11,250,2025-06-20 00:00:00,800.00,200000.00,Pending
382,11,100,2025-12-09 00:00:00,800.00,80000.00,Shipped
383,8,100,2026-02-19 00:00:00,450.00,45000.00,Shipped
384,9,50,2026-01-25 00:00:00,250.00,12500.00,Delivered
385,6,50,2025-12-21 00:00:00,3900.00,195000.00,Pending
386,14,1000,2025-08-27 00:00:00,380.00,380000.00,Delivered
387,6,500,2025-10-10 00:00:00,3900.00,1950000.00,Delivered
388,9,500,2025-08-21 00:00:00,250.00,125000.00,Shipped
389,7,250,2025-01-26 00:00:00,1200.00,300000.00,Delivered
390,2,1000,2025-03-02 00:00:00,6800.00,6800000.00,Delivered
391,1,1000,2025-09-25 00:00:00,8500.00,8500000.00,Delivered
392,2,50,2025-11-26 00:00:00,6800.00,340000.00,Pending
393,7,250,2025-03-30 00:00:00,1200.00,300000.00,Shipped
394,4,1000,2025-10-21 00:00:00,2400.00,2400000.00,Pending
395,9,250,2025-06-02 00:00:00,250.00,62500.00,Pending
396,3,50,2025-12-29 00:00:00,4900.00,245000.00,Shipped
397,5,1000,2025-03-14 00:00:00,2800.00,2800000.00,Delivered
398,13,500,2025-04-08 00:00:00,2200.00,1100000.00,Delivered
399,6,1000,2026-03-14 00:00:00,3900.00,3900000.00,Pending
400,13,250,2025-09-01 00:00:00,2200.00,550000.00,Pending
401,5,500,2026-03-10 00:00:00,2800.00,1400000.00,Delivered
402,8,50,2025-04-06 00:00:00,450.00,22500.00,Delivered
403,1,100,2025-07-06 00:00:00,8500.00,850000.00,Shipped
404,5,250,2025-07-03 00:00:00,2800.00,700000.00,Delivered
405,9,500,2025-09-27 00:00:00,250.00,125000.00,Delivered
406,6,50,2026-03-06 00:00:00,3900.00,195000.00,Delivered
407,12,500,2025-06-19 00:00:00,1500.00,750000.00,Delivered
408,1,500,2025-02-09 00:00:00,8500.00,4250000.00,Pending
409,8,500,2025-12-31 00:00:00,450.00,225000.00,Delivered
410,10,100,2025-08-31 00:00:00,180.00,18000.00,Delivered
411,6,500,2025-09-01 00:00:00,3900.00,1950000.00,Shipped
412,12,1000,2025-09-05 00:00:00,1500.00,1500000.00,Shipped
413,14,500,2025-05-08 00:00:00,380.00,190000.00,Pending
414,3,250,2025-09-01 00:00:00,4900.00,1225000.00,Shipped
415,6,50,2025-05-17 00:00:00,3900.00,195000.00,Shipped
416,2,500,2025-10-13 00:00:00,6800.00,3400000.00,Pending
417,3,500,2025-12-21 00:00:00,4900.00,2450000.00,Delivered
418,6,1000,2025-06-28 00:00:00,3900.00,3900000.00,Pending
419,3,1000,2025-12-22 00:00:00,4900.00,4900000.00,Shipped
420,10,1000,2025-03-31 00:00:00,180.00,180000.00,Delivered
421,4,500,2026-01-03 00:00:00,2400.00,1200000.00,Delivered
422,11,50,2025-10-09 00:00:00,800.00,40000.00,Shipped
423,5,100,2025-03-07 00:00:00,2800.00,280000.00,Delivered
424,1,250,2025-08-20 00:00:00,8500.00,2125000.00,Delivered
425,4,50,2025-07-02 00:00:00,2400.00,120000.00,Pending
426,12,100,2026-01-03 00:00:00,1500.00,150000.00,Delivered
427,2,100,2025-08-21 00:00:00,6800.00,680000.00,Shipped
428,5,1000,2025-07-12 00:00:00,2800.00,2800000.00,Delivered
429,11,250,2025-01-12 00:00:00,800.00,200000.00,Shipped
430,14,500,2025-01-03 00:00:00,380.00,190000.00,Delivered
431,2,50,2025-06-11 00:00:00,6800.00,340000.00,Delivered
432,9,100,2026-02-04 00:00:00,250.00,25000.00,Delivered
433,1,250,2025-11-10 00:00:00,8500.00,2125000.00,Delivered
434,14,1000,2025-11-21 00:00:00,380.00,380000.00,Pending
435,11,1000,2026-01-10 00:00:00,800.00,800000.00,Shipped
436,2,50,2025-03-01 00:00:00,6800.00,340000.00,Shipped
437,6,250,2026-01-26 00:00:00,3900.00,975000.00,Pending
438,8,250,2025-01-21 00:00:00,450.00,112500.00,Shipped
439,9,250,2025-12-13 00:00:00,250.00,62500.00,Delivered
440,8,50,2025-06-30 00:00:00,450.00,22500.00,Delivered
441,8,250,2025-11-09 00:00:00,450.00,112500.00,Delivered
442,2,500,2025-07-06 00:00:00,6800.00,3400000.00,Pending
443,1,50,2025-04-14 00:00:00,8500.00,425000.00,Pending
444,13,500,2025-12-15 00:00:00,2200.00,1100000.00,Delivered
445,10,250,2025-10-02 00:00:00,180.00,45000.00,Delivered
446,13,250,2026-03-06 00:00:00,2200.00,550000.00,Delivered
447,11,250,2025-08-27 00:00:00,800.00,200000.00,Delivered
448,14,100,2025-06-21 00:00:00,380.00,38000.00,Delivered
449,14,50,2025-11-30 00:00:00,380.00,19000.00,Pending
450,11,250,2025-04-16 00:00:00,800.00,200000.00,Delivered
451,3,500,2025-08-26 00:00:00,4900.00,2450000.00,Delivered
452,14,1000,2025-01-09 00:00:00,380.00,380000.00,Delivered
453,14,500,2025-03-23 00:00:00,380.00,190000.00,Pending
454,1,500,2025-03-05 00:00:00,8500.00,4250000.00,Delivered
455,10,1000,2026-01-14 00:00:00,180.00,180000.00,Shipped
456,14,50,2025-07-03 00:00:00,380.00,19000.00,Delivered
457,6,250,2025-05-01 00:00:00,3900.00,975000.00,Delivered
458,14,500,2025-12-07 00:00:00,380.00,190000.00,Delivered
459,5,250,2025-07-31 00:00:00,2800.00,700000.00,Shipped
460,14,500,2025-07-30 00:00:00,380.00,190000.00,Delivered
461,4,50,2025-09-18 00:00:00,2400.00,120000.00,Delivered
462,12,250,2025-12-24 00:00:00,1500.00,375000.00,Delivered
463,3,100,2025-08-25 00:00:00,4900.00,490000.00,Shipped
464,13,100,2025-07-11 00:00:00,2200.00,220000.00,Delivered
465,13,1000,2025-02-02 00:00:00,2200.00,2200000.00,Shipped
466,7,500,2026-02-28 00:00:00,1200.00,600000.00,Delivered
467,2,250,2025-07-01 00:00:00,6800.00,1700000.00,Pending
468,9,500,2025-11-08 00:00:00,250.00,125000.00,Delivered
469,13,1000,2026-01-15 00:00:00,2200.00,2200000.00,Delivered
470,7,500,2025-06-05 00:00:00,1200.00,600000.00,Delivered
471,7,50,2025-02-22 00:00:00,1200.00,60000.00,Shipped
472,11,50,2025-02-12 00:00:00,800.00,40000.00,Delivered
473,8,250,2025-02-02 00:00:00,450.00,112500.00,Delivered
474,7,1000,2025-05-26 00:00:00,1200.00,1200000.00,Shipped
475,10,500,2025-12-14 00:00:00,180.00,90000.00,Shipped
476,5,100,2025-05-13 00:00:00,2800.00,280000.00,Shipped
477,10,100,2025-05-08 00:00:00,180.00,18000.00,Delivered
478,3,250,2026-02-10 00:00:00,4900.00,1225000.00,Delivered
479,6,50,2026-02-12 00:00:00,3900.00,195000.00,Shipped
480,7,500,2025-05-17 00:00:00,1200.00,600000.00,Shipped
481,2,250,2025-05-09 00:00:00,6800.00,1700000.00,Shipped
482,14,1000,2025-10-23 00:00:00,380.00,380000.00,Shipped
483,11,250,2025-06-02 00:00:00,800.00,200000.00,Delivered
484,8,100,2025-10-27 00:00:00,450.00,45000.00,Delivered
485,12,50,2025-10-03 00:00:00,1500.00,75000.00,Shipped
486,2,250,2025-07-26 00:00:00,6800.00,1700000.00,Delivered
487,6,500,2025-11-06 00:00:00,3900.00,1950000.00,Shipped
488,2,100,2026-03-15 00:00:00,6800.00,680000.00,Delivered
489,9,1000,2025-01-07 00:00:00,250.00,250000.00,Shipped
490,1,1000,2025-02-23 00:00:00,8500.00,8500000.00,Delivered
491,12,1000,2025-09-07 00:00:00,1500.00,1500000.00,Pending
492,9,100,2025-01-16 00:00:00,250.00,25000.00,Delivered
493,12,1000,2025-03-14 00:00:00,1500.00,1500000.00,Shipped
494,3,1000,2025-06-23 00:00:00,4900.00,4900000.00,Pending
495,1,100,2025-05-29 00:00:00,8500.00,850000.00,Delivered
496,12,50,2025-03-10 00:00:00,1500.00,75000.00,Delivered
497,6,50,2025-05-22 00:00:00,3900.00,195000.00,Pending
498,14,250,2025-07-21 00:00:00,380.00,95000.00,Delivered
499,12,250,2025-02-08 00:00:00,1500.00,375000.00,Delivered
500,7,50,2025-12-06 00:00:00,1200.00,60000.00,Delivered
501,13,50,2025-12-25 00:00:00,2200.00,110000.00,Shipped
502,2,250,2025-12-13 00:00:00,6800.00,1700000.00,Delivered
503,14,500,2025-02-19 00:00:00,380.00,190000.00,Delivered
504,2,250,2025-03-17 00:00:00,6800.00,1700000.00,Delivered
505,6,1000,2025-01-31 00:00:00,3900.00,3900000.00,Pending
506,2,500,2025-03-20 00:00:00,6800.00,3400000.00,Delivered
507,11,500,2025-06-02 00:00:00,800.00,400000.00,Delivered
508,14,250,2025-01-17 00:00:00,380.00,95000.00,Delivered
509,7,100,2025-11-22 00:00:00,1200.00,120000.00,Delivered
510,13,500,2025-07-31 00:00:00,2200.00,1100000.00,Delivered
511,1,250,2025-08-31 00:00:00,8500.00,2125000.00,Pending
512,4,1000,2025-05-12 00:00:00,2400.00,2400000.00,Delivered
513,14,50,2025-12-02 00:00:00,380.00,19000.00,Shipped
514,5,1000,2025-02-07 00:00:00,2800.00,2800000.00,Pending
515,9,500,2025-07-27 00:00:00,250.00,125000.00,Delivered
516,3,250,2026-03-05 00:00:00,4900.00,1225000.00,Shipped
517,11,500,2025-05-06 00:00:00,800.00,400000.00,Pending
518,10,50,2025-08-08 00:00:00,180.00,9000.00,Delivered
519,9,250,2026-03-17 00:00:00,250.00,62500.00,Pending
520,4,1000,2026-02-23 00:00:00,2400.00,2400000.00,Shipped
521,13,100,2025-07-03 00:00:00,2200.00,220000.00,Delivered
522,4,100,2025-03-10 00:00:00,2400.00,240000.00,Delivered
523,8,100,2025-02-27 00:00:00,450.00,45000.00,Delivered
524,1,50,2025-04-29 00:00:00,8500.00,425000.00,Pending
525,5,250,2025-11-25 00:00:00,2800.00,700000.00,Delivered
526,2,1000,2025-07-16 00:00:00,6800.00,6800000.00,Pending
527,14,250,2026-03-24 00:00:00,380.00,95000.00,Delivered
528,11,1000,2025-03-20 00:00:00,800.00,800000.00,Shipped
529,5,50,2025-04-15 00:00:00,2800.00,140000.00,Shipped
530,7,1000,2025-08-17 00:00:00,1200.00,1200000.00,Delivered
531,5,500,2025-09-04 00:00:00,2800.00,1400000.00,Delivered
532,6,500,2025-12-01 00:00:00,3900.00,1950000.00,Shipped
533,11,1000,2025-06-16 00:00:00,800.00,800000.00,Delivered
534,3,100,2026-03-07 00:00:00,4900.00,490000.00,Shipped
535,9,250,2025-09-04 00:00:00,250.00,62500.00,Shipped
536,6,250,2025-01-17 00:00:00,3900.00,975000.00,Shipped
537,5,100,2025-02-02 00:00:00,2800.00,280000.00,Delivered
538,11,100,2025-02-28 00:00:00,800.00,80000.00,Delivered
539,10,100,2025-11-21 00:00:00,180.00,18000.00,Pending
540,9,100,2025-10-08 00:00:00,250.00,25000.00,Pending
541,13,100,2025-10-22 00:00:00,2200.00,220000.00,Pending
542,7,50,2025-08-16 00:00:00,1200.00,60000.00,Delivered
543,12,250,2025-01-10 00:00:00,1500.00,375000.00,Delivered
544,13,100,2026-02-18 00:00:00,2200.00,220000.00,Pending
545,9,500,2025-03-29 00:00:00,250.00,125000.00,Shipped
546,6,50,2025-07-23 00:00:00,3900.00,195000.00,Delivered
547,13,50,2025-07-04 00:00:00,2200.00,110000.00,Pending
548,4,1000,2026-03-16 00:00:00,2400.00,2400000.00,Shipped
549,14,250,2026-02-26 00:00:00,380.00,95000.00,Delivered
550,8,500,2025-01-23 00:00:00,450.00,225000.00,Shipped
551,6,500,2025-03-11 00:00:00,3900.00,1950000.00,Pending
552,1,500,2026-02-26 00:00:00,8500.00,4250000.00,Delivered
553,3,1000,2025-09-05 00:00:00,4900.00,4900000.00,Pending
554,9,100,2026-02-09 00:00:00,250.00,25000.00,Shipped
555,4,100,2026-03-24 00:00:00,2400.00,240000.00,Pending
556,12,100,2026-03-08 00:00:00,1500.00,150000.00,Pending
557,9,100,2025-05-08 00:00:00,250.00,25000.00,Delivered
558,14,500,2025-02-06 00:00:00,380.00,190000.00,Delivered
559,3,500,2025-09-13 00:00:00,4900.00,2450000.00,Delivered
560,3,500,2025-09-25 00:00:00,4900.00,2450000.00,Delivered
561,2,100,2025-10-23 00:00:00,6800.00,680000.00,Delivered
562,14,100,2026-03-09 00:00:00,380.00,38000.00,Pending
563,7,1000,2025-08-22 00:00:00,1200.00,1200000.00,Delivered
564,3,1000,2025-10-12 00:00:00,4900.00,4900000.00,Delivered
565,9,50,2025-10-26 00:00:00,250.00,12500.00,Pending
566,13,1000,2026-02-11 00:00:00,2200.00,2200000.00,Delivered
567,1,50,2026-02-03 00:00:00,8500.00,425000.00,Delivered
568,9,250,2025-12-31 00:00:00,250.00,62500.00,Delivered
569,11,500,2025-01-16 00:00:00,800.00,400000.00,Delivered
570,11,250,2025-10-26 00:00:00,800.00,200000.00,Delivered
571,7,250,2025-06-20 00:00:00,1200.00,300000.00,Pending
572,4,1000,2026-02-02 00:00:00,2400.00,2400000.00,Pending
573,8,50,2025-05-19 00:00:00,450.00,22500.00,Delivered
574,2,250,2025-06-28 00:00:00,6800.00,1700000.00,Delivered
575,14,50,2025-02-10 00:00:00,380.00,19000.00,Delivered
576,9,250,2025-10-25 00:00:00,250.00,62500.00,Pending
577,2,50,2025-04-16 00:00:00,6800.00,340000.00,Delivered
578,2,1000,2025-04-23 00:00:00,6800.00,6800000.00,Shipped
579,2,250,2025-02-26 00:00:00,6800.00,1700000.00,Pending
580,2,500,2025-07-20 00:00:00,6800.00,3400000.00,Delivered
581,9,250,2025-08-31 00:00:00,250.00,62500.00,Delivered
582,14,500,2025-01-21 00:00:00,380.00,190000.00,Pending
583,10,50,2025-12-06 00:00:00,180.00,9000.00,Pending
584,12,1000,2025-04-07 00:00:00,1500.00,1500000.00,Pending
585,1,50,2025-07-18 00:00:00,8500.00,425000.00,Delivered
586,8,100,2025-07-12 00:00:00,450.00,45000.00,Delivered
587,14,500,2025-09-16 00:00:00,380.00,190000.00,Pending
588,9,100,2026-01-05 00:00:00,250.00,25000.00,Pending
589,4,500,2025-07-27 00:00:00,2400.00,1200000.00,Pending
590,14,500,2025-06-29 00:00:00,380.00,190000.00,Delivered
591,7,100,2025-05-30 00:00:00,1200.00,120000.00,Delivered
592,4,50,2025-05-31 00:00:00,2400.00,120000.00,Pending
593,4,50,2025-12-26 00:00:00,2400.00,120000.00,Shipped
594,14,500,2025-02-18 00:00:00,380.00,190000.00,Delivered
595,1,500,2026-01-10 00:00:00,8500.00,4250000.00,Delivered
596,14,250,2026-02-04 00:00:00,380.00,95000.00,Shipped
597,11,1000,2025-11-21 00:00:00,800.00,800000.00,Shipped
598,13,250,2026-02-08 00:00:00,2200.00,550000.00,Shipped
599,14,250,2025-05-24 00:00:00,380.00,95000.00,Delivered
600,3,500,2025-04-27 00:00:00,4900.00,2450000.00,Delivered
601,4,500,2026-03-07 00:00:00,2400.00,1200000.00,Delivered
602,13,1000,2026-02-24 00:00:00,2200.00,2200000.00,Pending
603,2,250,2025-08-14 00:00:00,6800.00,1700000.00,Pending
604,6,50,2025-01-04 00:00:00,3900.00,195000.00,Delivered
605,3,1000,2025-05-21 00:00:00,4900.00,4900000.00,Delivered
606,8,250,2025-07-14 00:00:00,450.00,112500.00,Delivered
607,4,50,2025-08-06 00:00:00,2400.00,120000.00,Delivered
608,14,50,2025-02-10 00:00:00,380.00,19000.00,Shipped
609,9,100,2025-06-17 00:00:00,250.00,25000.00,Delivered
610,13,500,2025-05-29 00:00:00,2200.00,1100000.00,Delivered
611,14,100,2025-02-03 00:00:00,380.00,38000.00,Delivered
612,1,100,2025-06-15 00:00:00,8500.00,850000.00,Pending
613,8,250,2025-07-07 00:00:00,450.00,112500.00,Pending
614,13,1000,2025-05-23 00:00:00,2200.00,2200000.00,Shipped
615,1,250,2025-02-11 00:00:00,8500.00,2125000.00,Shipped
616,8,500,2025-10-19 00:00:00,450.00,225000.00,Pending
617,4,250,2025-09-03 00:00:00,2400.00,600000.00,Delivered
618,10,1000,2025-08-05 00:00:00,180.00,180000.00,Pending
619,10,250,2026-02-16 00:00:00,180.00,45000.00,Shipped
620,12,250,2025-05-16 00:00:00,1500.00,375000.00,Pending
621,9,100,2025-10-07 00:00:00,250.00,25000.00,Shipped
622,13,50,2025-06-21 00:00:00,2200.00,110000.00,Delivered
623,13,1000,2026-03-07 00:00:00,2200.00,2200000.00,Pending
624,2,50,2026-03-07 00:00:00,6800.00,340000.00,Delivered
625,2,250,2025-03-04 00:00:00,6800.00,1700000.00,Delivered
626,6,100,2025-02-14 00:00:00,3900.00,390000.00,Pending
627,5,50,2025-02-03 00:00:00,2800.00,140000.00,Delivered
628,7,1000,2025-09-14 00:00:00,1200.00,1200000.00,Delivered
629,8,500,2026-03-09 00:00:00,450.00,225000.00,Delivered
630,4,100,2025-05-18 00:00:00,2400.00,240000.00,Delivered
631,6,1000,2025-09-16 00:00:00,3900.00,3900000.00,Delivered
632,3,50,2025-03-06 00:00:00,4900.00,245000.00,Pending
633,14,500,2025-02-25 00:00:00,380.00,190000.00,Delivered
634,14,100,2026-02-11 00:00:00,380.00,38000.00,Delivered
635,6,250,2025-09-19 00:00:00,3900.00,975000.00,Pending
636,8,50,2025-03-01 00:00:00,450.00,22500.00,Delivered
637,6,1000,2025-06-04 00:00:00,3900.00,3900000.00,Delivered
638,13,50,2025-05-31 00:00:00,2200.00,110000.00,Delivered
639,12,250,2025-03-14 00:00:00,1500.00,375000.00,Delivered
640,1,1000,2025-06-09 00:00:00,8500.00,8500000.00,Shipped
641,4,1000,2026-03-14 00:00:00,2400.00,2400000.00,Shipped
642,2,250,2025-06-28 00:00:00,6800.00,1700000.00,Shipped
643,4,500,2025-11-20 00:00:00,2400.00,1200000.00,Delivered
644,8,1000,2025-08-21 00:00:00,450.00,450000.00,Delivered
645,10,250,2026-03-04 00:00:00,180.00,45000.00,Shipped
646,1,1000,2025-01-18 00:00:00,8500.00,8500000.00,Shipped
647,6,50,2025-12-05 00:00:00,3900.00,195000.00,Shipped
648,8,50,2025-06-24 00:00:00,450.00,22500.00,Pending
649,12,1000,2025-05-11 00:00:00,1500.00,1500000.00,Delivered
650,5,1000,2025-02-08 00:00:00,2800.00,2800000.00,Delivered
651,5,1000,2026-01-27 00:00:00,2800.00,2800000.00,Delivered
652,5,50,2026-01-02 00:00:00,2800.00,140000.00,Pending
653,13,250,2025-03-15 00:00:00,2200.00,550000.00,Delivered
654,14,500,2026-01-14 00:00:00,380.00,190000.00,Pending
655,7,50,2025-04-27 00:00:00,1200.00,60000.00,Pending
656,12,500,2025-02-21 00:00:00,1500.00,750000.00,Pending
657,7,250,2025-07-20 00:00:00,1200.00,300000.00,Delivered
658,9,500,2025-08-15 00:00:00,250.00,125000.00,Shipped
659,13,250,2025-06-15 00:00:00,2200.00,550000.00,Delivered
660,1,50,2025-08-10 00:00:00,8500.00,425000.00,Delivered
661,5,500,2026-02-03 00:00:00,2800.00,1400000.00,Delivered
662,2,100,2025-08-31 00:00:00,6800.00,680000.00,Shipped
663,3,250,2025-10-30 00:00:00,4900.00,1225000.00,Shipped
664,2,250,2025-05-03 00:00:00,6800.00,1700000.00,Shipped
665,6,250,2025-09-21 00:00:00,3900.00,975000.00,Delivered
666,1,500,2026-03-22 00:00:00,8500.00,4250000.00,Delivered
667,2,1000,2025-10-06 00:00:00,6800.00,6800000.00,Pending
668,7,500,2025-10-20 00:00:00,1200.00,600000.00,Shipped
669,2,250,2025-01-18 00:00:00,6800.00,1700000.00,Shipped
670,14,500,2025-05-09 00:00:00,380.00,190000.00,Shipped
671,12,250,2025-02-26 00:00:00,1500.00,375000.00,Delivered
672,14,50,2026-03-03 00:00:00,380.00,19000.00,Delivered
673,14,500,2025-02-20 00:00:00,380.00,190000.00,Delivered
674,2,100,2025-09-10 00:00:00,6800.00,680000.00,Pending
675,13,50,2025-11-27 00:00:00,2200.00,110000.00,Delivered
676,1,500,2025-07-20 00:00:00,8500.00,4250000.00,Shipped
677,11,250,2025-06-19 00:00:00,800.00,200000.00,Delivered
678,6,100,2025-04-29 00:00:00,3900.00,390000.00,Shipped
679,7,100,2026-01-28 00:00:00,1200.00,120000.00,Delivered
680,6,250,2025-11-30 00:00:00,3900.00,975000.00,Pending
681,11,100,2025-10-07 00:00:00,800.00,80000.00,Delivered
682,2,1000,2025-10-12 00:00:00,6800.00,6800000.00,Delivered
683,4,250,2025-07-31 00:00:00,2400.00,600000.00,Delivered
684,11,100,2025-04-13 00:00:00,800.00,80000.00,Delivered
685,5,100,2025-12-07 00:00:00,2800.00,280000.00,Delivered
686,13,250,2025-03-06 00:00:00,2200.00,550000.00,Shipped
687,7,250,2026-01-07 00:00:00,1200.00,300000.00,Delivered
688,5,1000,2025-03-08 00:00:00,2800.00,2800000.00,Delivered
689,14,100,2025-08-20 00:00:00,380.00,38000.00,Delivered
690,5,500,2025-12-26 00:00:00,2800.00,1400000.00,Shipped
691,9,100,2025-10-04 00:00:00,250.00,25000.00,Shipped
692,14,250,2026-01-23 00:00:00,380.00,95000.00,Delivered
693,8,500,2026-03-12 00:00:00,450.00,225000.00,Pending
694,8,1000,2026-03-10 00:00:00,450.00,450000.00,Shipped
695,2,1000,2025-12-13 00:00:00,6800.00,6800000.00,Delivered
696,11,250,2025-01-07 00:00:00,800.00,200000.00,Pending
697,1,1000,2026-02-08 00:00:00,8500.00,8500000.00,Delivered
698,7,1000,2025-03-22 00:00:00,1200.00,1200000.00,Delivered
699,6,1000,2025-10-28 00:00:00,3900.00,3900000.00,Delivered
700,5,500,2025-01-23 00:00:00,2800.00,1400000.00,Delivered
701,14,250,2025-05-07 00:00:00,380.00,95000.00,Pending
702,6,500,2025-01-02 00:00:00,3900.00,1950000.00,Delivered
703,14,100,2025-07-29 00:00:00,380.00,38000.00,Shipped
704,11,250,2025-09-23 00:00:00,800.00,200000.00,Pending
705,14,50,2025-09-22 00:00:00,380.00,19000.00,Pending
706,11,250,2025-07-03 00:00:00,800.00,200000.00,Shipped
707,10,1000,2025-09-18 00:00:00,180.00,180000.00,Pending
708,7,1000,2025-11-13 00:00:00,1200.00,1200000.00,Delivered
709,1,100,2025-03-30 00:00:00,8500.00,850000.00,Delivered
710,1,50,2025-10-19 00:00:00,8500.00,425000.00,Delivered
711,1,1000,2025-03-03 00:00:00,8500.00,8500000.00,Delivered
712,8,1000,2025-03-15 00:00:00,450.00,450000.00,Delivered
713,5,100,2025-11-04 00:00:00,2800.00,280000.00,Shipped
714,1,500,2025-05-06 00:00:00,8500.00,4250000.00,Pending
715,3,500,2025-06-16 00:00:00,4900.00,2450000.00,Delivered
716,7,1000,2025-03-06 00:00:00,1200.00,1200000.00,Shipped
717,3,250,2025-12-01 00:00:00,4900.00,1225000.00,Delivered
718,13,50,2025-07-26 00:00:00,2200.00,110000.00,Shipped
719,5,500,2025-08-12 00:00:00,2800.00,1400000.00,Delivered
720,6,250,2025-10-04 00:00:00,3900.00,975000.00,Delivered
721,12,100,2025-07-11 00:00:00,1500.00,150000.00,Delivered
722,12,50,2025-02-28 00:00:00,1500.00,75000.00,Shipped
723,14,50,2025-08-09 00:00:00,380.00,19000.00,Delivered
724,12,250,2025-09-10 00:00:00,1500.00,375000.00,Pending
725,1,1000,2025-04-21 00:00:00,8500.00,8500000.00,Delivered
726,10,250,2025-02-05 00:00:00,180.00,45000.00,Pending
727,7,500,2025-07-19 00:00:00,1200.00,600000.00,Shipped
728,14,1000,2026-02-14 00:00:00,380.00,380000.00,Delivered
729,13,100,2025-05-27 00:00:00,2200.00,220000.00,Shipped
730,3,500,2025-03-28 00:00:00,4900.00,2450000.00,Delivered
731,5,250,2025-11-18 00:00:00,2800.00,700000.00,Pending
732,14,1000,2026-02-09 00:00:00,380.00,380000.00,Delivered
733,3,1000,2025-03-15 00:00:00,4900.00,4900000.00,Pending
734,14,500,2025-03-24 00:00:00,380.00,190000.00,Pending
735,12,1000,2025-10-31 00:00:00,1500.00,1500000.00,Delivered
736,11,500,2025-07-07 00:00:00,800.00,400000.00,Pending
737,14,250,2025-02-13 00:00:00,380.00,95000.00,Pending
738,4,250,2025-11-05 00:00:00,2400.00,600000.00,Delivered
739,7,500,2025-05-28 00:00:00,1200.00,600000.00,Pending
740,11,500,2025-01-04 00:00:00,800.00,400000.00,Delivered
741,9,50,2025-08-25 00:00:00,250.00,12500.00,Delivered
742,4,1000,2025-08-23 00:00:00,2400.00,2400000.00,Shipped
743,12,250,2026-03-02 00:00:00,1500.00,375000.00,Pending
744,3,100,2025-09-06 00:00:00,4900.00,490000.00,Delivered
745,14,250,2025-08-08 00:00:00,380.00,95000.00,Pending
746,14,250,2025-03-31 00:00:00,380.00,95000.00,Pending
747,1,500,2025-03-09 00:00:00,8500.00,4250000.00,Delivered
748,1,250,2025-03-21 00:00:00,8500.00,2125000.00,Pending
749,1,50,2026-02-23 00:00:00,8500.00,425000.00,Delivered
750,8,50,2025-12-28 00:00:00,450.00,22500.00,Delivered
751,10,100,2025-03-15 00:00:00,180.00,18000.00,Delivered
752,8,50,2025-01-26 00:00:00,450.00,22500.00,Delivered
753,9,50,2025-03-04 00:00:00,250.00,12500.00,Delivered
754,9,250,2025-05-09 00:00:00,250.00,62500.00,Shipped
755,10,250,2025-07-31 00:00:00,180.00,45000.00,Pending
756,2,250,2025-08-05 00:00:00,6800.00,1700000.00,Delivered
757,7,500,2025-12-16 00:00:00,1200.00,600000.00,Pending
758,9,100,2025-09-16 00:00:00,250.00,25000.00,Delivered
759,8,1000,2025-05-14 00:00:00,450.00,450000.00,Delivered
760,10,50,2026-02-27 00:00:00,180.00,9000.00,Pending
761,12,1000,2025-10-23 00:00:00,1500.00,1500000.00,Delivered
762,13,1000,2025-09-24 00:00:00,2200.00,2200000.00,Pending
763,3,500,2025-05-27 00:00:00,4900.00,2450000.00,Delivered
764,8,500,2026-01-04 00:00:00,450.00,225000.00,Delivered
765,7,500,2025-10-28 00:00:00,1200.00,600000.00,Pending
766,11,100,2026-03-03 00:00:00,800.00,80000.00,Pending
767,4,250,2025-10-11 00:00:00,2400.00,600000.00,Delivered
768,9,1000,2025-01-02 00:00:00,250.00,250000.00,Shipped
769,12,50,2025-02-19 00:00:00,1500.00,75000.00,Delivered
770,14,1000,2025-10-21 00:00:00,380.00,380000.00,Shipped
771,13,500,2025-12-03 00:00:00,2200.00,1100000.00,Delivered
772,10,100,2025-02-02 00:00:00,180.00,18000.00,Shipped
773,5,500,2025-10-29 00:00:00,2800.00,1400000.00,Pending
774,14,50,2026-03-24 00:00:00,380.00,19000.00,Delivered
775,1,50,2025-02-18 00:00:00,8500.00,425000.00,Delivered
776,4,1000,2025-10-13 00:00:00,2400.00,2400000.00,Delivered
777,14,100,2025-01-22 00:00:00,380.00,38000.00,Delivered
778,2,1000,2026-01-21 00:00:00,6800.00,6800000.00,Pending
779,3,50,2025-08-20 00:00:00,4900.00,245000.00,Delivered
780,8,1000,2025-07-20 00:00:00,450.00,450000.00,Pending
781,6,1000,2025-03-11 00:00:00,3900.00,3900000.00,Pending
782,5,50,2025-03-05 00:00:00,2800.00,140000.00,Shipped
783,13,1000,2025-03-27 00:00:00,2200.00,2200000.00,Shipped
784,1,50,2025-02-19 00:00:00,8500.00,425000.00,Pending
785,7,50,2025-06-18 00:00:00,1200.00,60000.00,Delivered
786,1,250,2025-04-02 00:00:00,8500.00,2125000.00,Pending
787,9,500,2025-08-22 00:00:00,250.00,125000.00,Shipped
788,9,1000,2025-11-10 00:00:00,250.00,250000.00,Pending
789,5,1000,2025-06-22 00:00:00,2800.00,2800000.00,Shipped
790,14,500,2025-01-04 00:00:00,380.00,190000.00,Delivered
791,6,50,2025-11-10 00:00:00,3900.00,195000.00,Delivered
792,9,500,2025-04-19 00:00:00,250.00,125000.00,Delivered
793,6,500,2025-11-27 00:00:00,3900.00,1950000.00,Delivered
794,14,250,2025-05-08 00:00:00,380.00,95000.00,Delivered
795,13,100,2025-01-20 00:00:00,2200.00,220000.00,Pending
796,11,50,2025-04-20 00:00:00,800.00,40000.00,Delivered
797,9,100,2025-08-11 00:00:00,250.00,25000.00,Delivered
798,13,1000,2025-03-14 00:00:00,2200.00,2200000.00,Delivered
799,5,500,2025-04-29 00:00:00,2800.00,1400000.00,Delivered
800,3,500,2025-12-12 00:00:00,4900.00,2450000.00,Shipped
801,2,1000,2025-02-11 00:00:00,6800.00,6800000.00,Shipped
802,6,50,2025-03-28 00:00:00,3900.00,195000.00,Shipped
803,10,500,2025-11-10 00:00:00,180.00,90000.00,Delivered
804,1,1000,2025-04-18 00:00:00,8500.00,8500000.00,Pending
805,3,250,2025-08-15 00:00:00,4900.00,1225000.00,Shipped
806,4,250,2025-06-06 00:00:00,2400.00,600000.00,Delivered
807,11,250,2026-01-27 00:00:00,800.00,200000.00,Delivered
808,3,1000,2025-12-12 00:00:00,4900.00,4900000.00,Shipped
809,2,100,2025-05-04 00:00:00,6800.00,680000.00,Delivered
810,12,100,2025-01-30 00:00:00,1500.00,150000.00,Pending
811,9,500,2025-07-06 00:00:00,250.00,125000.00,Pending
812,4,1000,2026-02-27 00:00:00,2400.00,2400000.00,Delivered
813,5,1000,2025-08-28 00:00:00,2800.00,2800000.00,Delivered
814,10,500,2025-11-28 00:00:00,180.00,90000.00,Delivered
815,12,100,2025-03-07 00:00:00,1500.00,150000.00,Delivered
816,4,250,2025-02-22 00:00:00,2400.00,600000.00,Pending
817,3,1000,2025-04-21 00:00:00,4900.00,4900000.00,Pending
818,8,500,2025-02-09 00:00:00,450.00,225000.00,Delivered
819,9,100,2025-01-02 00:00:00,250.00,25000.00,Shipped
820,5,50,2025-10-11 00:00:00,2800.00,140000.00,Pending
821,9,100,2025-07-24 00:00:00,250.00,25000.00,Delivered
822,13,500,2025-12-10 00:00:00,2200.00,1100000.00,Pending
823,10,1000,2025-06-14 00:00:00,180.00,180000.00,Delivered
824,5,250,2025-03-16 00:00:00,2800.00,700000.00,Delivered
825,7,250,2025-05-07 00:00:00,1200.00,300000.00,Pending
826,8,250,2025-05-31 00:00:00,450.00,112500.00,Delivered
827,13,100,2025-07-08 00:00:00,2200.00,220000.00,Delivered
828,8,1000,2026-03-17 00:00:00,450.00,450000.00,Shipped
829,11,1000,2025-10-21 00:00:00,800.00,800000.00,Delivered
830,6,50,2025-12-23 00:00:00,3900.00,195000.00,Delivered
831,14,250,2025-08-15 00:00:00,380.00,95000.00,Shipped
832,9,500,2026-03-21 00:00:00,250.00,125000.00,Pending
833,10,50,2025-10-22 00:00:00,180.00,9000.00,Shipped
834,3,100,2025-06-03 00:00:00,4900.00,490000.00,Shipped
835,5,250,2026-03-27 00:00:00,2800.00,700000.00,Delivered
836,8,250,2025-06-26 00:00:00,450.00,112500.00,Delivered
837,5,100,2025-08-15 00:00:00,2800.00,280000.00,Shipped
838,13,250,2025-11-20 00:00:00,2200.00,550000.00,Pending
839,9,250,2025-06-03 00:00:00,250.00,62500.00,Shipped
840,6,250,2025-01-01 00:00:00,3900.00,975000.00,Pending
841,13,250,2025-03-27 00:00:00,2200.00,550000.00,Delivered
842,2,50,2025-11-26 00:00:00,6800.00,340000.00,Delivered
843,5,100,2025-03-07 00:00:00,2800.00,280000.00,Pending
844,5,50,2025-03-28 00:00:00,2800.00,140000.00,Shipped
845,12,250,2025-11-22 00:00:00,1500.00,375000.00,Shipped
846,10,50,2025-05-18 00:00:00,180.00,9000.00,Pending
847,12,50,2025-05-15 00:00:00,1500.00,75000.00,Shipped
848,5,50,2026-03-23 00:00:00,2800.00,140000.00,Pending
849,8,500,2025-09-28 00:00:00,450.00,225000.00,Delivered
850,4,500,2025-09-23 00:00:00,2400.00,1200000.00,Shipped
851,13,250,2025-03-28 00:00:00,2200.00,550000.00,Delivered
852,4,250,2025-12-22 00:00:00,2400.00,600000.00,Delivered
853,8,500,2025-04-10 00:00:00,450.00,225000.00,Delivered
854,1,1000,2025-10-03 00:00:00,8500.00,8500000.00,Delivered
855,11,100,2025-06-01 00:00:00,800.00,80000.00,Delivered
856,6,50,2026-03-16 00:00:00,3900.00,195000.00,Delivered
857,5,100,2025-05-13 00:00:00,2800.00,280000.00,Shipped
858,9,50,2025-06-05 00:00:00,250.00,12500.00,Delivered
859,11,250,2025-12-25 00:00:00,800.00,200000.00,Shipped
860,3,250,2025-02-21 00:00:00,4900.00,1225000.00,Delivered
861,9,100,2025-04-01 00:00:00,250.00,25000.00,Delivered
862,10,1000,2025-12-30 00:00:00,180.00,180000.00,Shipped
863,9,1000,2025-02-17 00:00:00,250.00,250000.00,Shipped
864,6,1000,2025-10-17 00:00:00,3900.00,3900000.00,Delivered
865,10,100,2025-04-02 00:00:00,180.00,18000.00,Delivered
866,10,50,2025-12-31 00:00:00,180.00,9000.00,Delivered
867,1,500,2025-02-13 00:00:00,8500.00,4250000.00,Pending
868,10,500,2025-10-04 00:00:00,180.00,90000.00,Delivered
869,14,50,2026-03-15 00:00:00,380.00,19000.00,Shipped
870,14,50,2025-03-01 00:00:00,380.00,19000.00,Shipped
871,12,1000,2026-03-25 00:00:00,1500.00,1500000.00,Pending
872,12,50,2025-10-30 00:00:00,1500.00,75000.00,Delivered
873,4,500,2025-03-24 00:00:00,2400.00,1200000.00,Delivered
874,11,100,2025-12-29 00:00:00,800.00,80000.00,Shipped
875,2,50,2025-11-07 00:00:00,6800.00,340000.00,Delivered
876,1,100,2026-01-04 00:00:00,8500.00,850000.00,Delivered
877,2,500,2025-02-22 00:00:00,6800.00,3400000.00,Pending
878,1,1000,2025-02-11 00:00:00,8500.00,8500000.00,Delivered
879,1,500,2025-08-08 00:00:00,8500.00,4250000.00,Pending
880,2,1000,2026-02-17 00:00:00,6800.00,6800000.00,Pending
881,8,250,2025-06-20 00:00:00,450.00,112500.00,Shipped
882,7,50,2025-07-25 00:00:00,1200.00,60000.00,Delivered
883,14,50,2025-03-01 00:00:00,380.00,19000.00,Delivered
884,9,500,2025-03-13 00:00:00,250.00,125000.00,Pending
885,11,50,2025-01-08 00:00:00,800.00,40000.00,Shipped
886,4,100,2025-12-15 00:00:00,2400.00,240000.00,Delivered
887,4,250,2026-01-16 00:00:00,2400.00,600000.00,Shipped
888,3,500,2026-02-02 00:00:00,4900.00,2450000.00,Delivered
889,1,50,2025-03-12 00:00:00,8500.00,425000.00,Delivered
890,14,500,2025-11-21 00:00:00,380.00,190000.00,Pending
891,10,1000,2026-02-22 00:00:00,180.00,180000.00,Delivered
892,3,100,2025-05-07 00:00:00,4900.00,490000.00,Pending
893,3,500,2025-09-19 00:00:00,4900.00,2450000.00,Delivered
894,14,500,2025-04-27 00:00:00,380.00,190000.00,Delivered
895,5,250,2025-03-08 00:00:00,2800.00,700000.00,Pending
896,13,250,2026-02-26 00:00:00,2200.00,550000.00,Delivered
897,2,250,2025-05-04 00:00:00,6800.00,1700000.00,Delivered
898,1,500,2025-01-04 00:00:00,8500.00,4250000.00,Delivered
899,8,250,2026-03-02 00:00:00,450.00,112500.00,Delivered
900,14,1000,2025-02-26 00:00:00,380.00,380000.00,Delivered
901,9,50,2025-06-03 00:00:00,250.00,12500.00,Delivered
902,7,100,2026-01-30 00:00:00,1200.00,120000.00,Delivered
903,11,500,2025-09-21 00:00:00,800.00,400000.00,Pending
904,11,500,2025-08-19 00:00:00,800.00,400000.00,Delivered
905,5,100,2025-12-20 00:00:00,2800.00,280000.00,Delivered
906,8,100,2026-02-11 00:00:00,450.00,45000.00,Delivered
907,12,100,2025-04-13 00:00:00,1500.00,150000.00,Delivered
908,11,50,2025-05-08 00:00:00,800.00,40000.00,Pending
909,12,250,2025-12-03 00:00:00,1500.00,375000.00,Delivered
910,14,500,2025-05-19 00:00:00,380.00,190000.00,Delivered
911,1,50,2025-08-18 00:00:00,8500.00,425000.00,Pending
912,4,1000,2026-03-07 00:00:00,2400.00,2400000.00,Delivered
913,4,50,2026-02-07 00:00:00,2400.00,120000.00,Shipped
914,1,1000,2025-11-14 00:00:00,8500.00,8500000.00,Pending
915,10,500,2025-08-16 00:00:00,180.00,90000.00,Pending
916,11,50,2025-01-11 00:00:00,800.00,40000.00,Shipped
917,4,1000,2025-11-17 00:00:00,2400.00,2400000.00,Pending
918,2,1000,2026-01-01 00:00:00,6800.00,6800000.00,Delivered
919,4,500,2025-02-06 00:00:00,2400.00,1200000.00,Delivered
920,14,100,2025-04-27 00:00:00,380.00,38000.00,Delivered
921,11,500,2025-12-25 00:00:00,800.00,400000.00,Shipped
922,1,500,2025-05-09 00:00:00,8500.00,4250000.00,Delivered
923,11,100,2026-02-02 00:00:00,800.00,80000.00,Delivered
924,3,50,2025-02-06 00:00:00,4900.00,245000.00,Shipped
925,6,1000,2026-01-05 00:00:00,3900.00,3900000.00,Delivered
926,12,100,2026-02-23 00:00:00,1500.00,150000.00,Delivered
927,12,500,2025-04-09 00:00:00,1500.00,750000.00,Delivered
928,10,250,2025-11-14 00:00:00,180.00,45000.00,Pending
929,10,1000,2026-02-09 00:00:00,180.00,180000.00,Pending
930,6,100,2026-02-08 00:00:00,3900.00,390000.00,Delivered
931,14,250,2025-08-05 00:00:00,380.00,95000.00,Delivered
932,12,50,2025-10-31 00:00:00,1500.00,75000.00,Delivered
933,7,250,2025-03-16 00:00:00,1200.00,300000.00,Delivered
934,4,500,2025-10-04 00:00:00,2400.00,1200000.00,Delivered
935,6,50,2026-01-04 00:00:00,3900.00,195000.00,Shipped
936,5,500,2025-01-02 00:00:00,2800.00,1400000.00,Shipped
937,8,100,2025-01-05 00:00:00,450.00,45000.00,Delivered
938,6,100,2025-01-31 00:00:00,3900.00,390000.00,Delivered
939,11,250,2026-01-07 00:00:00,800.00,200000.00,Delivered
940,9,1000,2025-10-05 00:00:00,250.00,250000.00,Pending
941,5,50,2025-11-17 00:00:00,2800.00,140000.00,Pending
942,9,250,2025-05-09 00:00:00,250.00,62500.00,Delivered
943,3,100,2026-01-21 00:00:00,4900.00,490000.00,Delivered
944,14,1000,2026-03-10 00:00:00,380.00,380000.00,Shipped
945,14,500,2025-04-24 00:00:00,380.00,190000.00,Shipped
946,4,500,2025-10-20 00:00:00,2400.00,1200000.00,Delivered
947,9,500,2025-08-04 00:00:00,250.00,125000.00,Delivered
948,10,1000,2025-12-20 00:00:00,180.00,180000.00,Pending
949,2,1000,2025-07-03 00:00:00,6800.00,6800000.00,Shipped
950,3,100,2025-09-19 00:00:00,4900.00,490000.00,Pending
951,11,250,2026-03-09 00:00:00,800.00,200000.00,Delivered
952,7,100,2025-10-06 00:00:00,1200.00,120000.00,Delivered
953,14,100,2025-01-30 00:00:00,380.00,38000.00,Delivered
954,8,500,2025-01-17 00:00:00,450.00,225000.00,Pending
955,6,100,2025-11-01 00:00:00,3900.00,390000.00,Shipped
956,9,1000,2026-02-04 00:00:00,250.00,250000.00,Pending
957,5,500,2026-03-12 00:00:00,2800.00,1400000.00,Shipped
958,6,50,2026-01-23 00:00:00,3900.00,195000.00,Delivered
959,10,50,2025-03-17 00:00:00,180.00,9000.00,Delivered
960,14,50,2025-06-10 00:00:00,380.00,19000.00,Delivered
961,14,50,2025-02-21 00:00:00,380.00,19000.00,Delivered
962,14,100,2026-02-17 00:00:00,380.00,38000.00,Delivered
963,7,50,2026-02-19 00:00:00,1200.00,60000.00,Delivered
964,8,500,2025-03-15 00:00:00,450.00,225000.00,Delivered
965,12,100,2025-05-12 00:00:00,1500.00,150000.00,Delivered
966,6,500,2025-12-01 00:00:00,3900.00,1950000.00,Shipped
967,6,50,2025-09-05 00:00:00,3900.00,195000.00,Shipped
968,2,50,2025-02-10 00:00:00,6800.00,340000.00,Delivered
969,8,50,2025-06-09 00:00:00,450.00,22500.00,Shipped
970,6,50,2025-08-20 00:00:00,3900.00,195000.00,Delivered
971,6,100,2025-07-18 00:00:00,3900.00,390000.00,Delivered
972,13,1000,2025-01-25 00:00:00,2200.00,2200000.00,Delivered
973,2,250,2025-01-12 00:00:00,6800.00,1700000.00,Delivered
974,8,1000,2025-10-02 00:00:00,450.00,450000.00,Delivered
975,11,250,2025-11-29 00:00:00,800.00,200000.00,Delivered
976,7,500,2025-11-02 00:00:00,1200.00,600000.00,Shipped
977,1,250,2025-02-21 00:00:00,8500.00,2125000.00,Delivered
978,12,50,2026-01-05 00:00:00,1500.00,75000.00,Pending
979,13,1000,2026-02-15 00:00:00,2200.00,2200000.00,Shipped
980,6,50,2025-08-15 00:00:00,3900.00,195000.00,Shipped
981,3,1000,2025-06-24 00:00:00,4900.00,4900000.00,Pending
982,11,500,2025-05-14 00:00:00,800.00,400000.00,Shipped
983,1,1000,2025-03-27 00:00:00,8500.00,8500000.00,Pending
984,13,100,2025-01-23 00:00:00,2200.00,220000.00,Shipped
985,9,50,2026-02-11 00:00:00,250.00,12500.00,Pending
986,7,500,2025-12-25 00:00:00,1200.00,600000.00,Delivered
987,14,100,2025-08-30 00:00:00,380.00,38000.00,Shipped
988,3,1000,2025-02-05 00:00:00,4900.00,4900000.00,Pending
989,7,100,2025-03-07 00:00:00,1200.00,120000.00,Delivered
990,3,500,2026-01-28 00:00:00,4900.00,2450000.00,Delivered
991,5,100,2025-01-03 00:00:00,2800.00,280000.00,Delivered
992,8,100,2025-01-25 00:00:00,450.00,45000.00,Delivered
993,3,100,2025-06-02 00:00:00,4900.00,490000.00,Pending
994,11,1000,2025-01-23 00:00:00,800.00,800000.00,Pending
995,12,1000,2025-03-02 00:00:00,1500.00,1500000.00,Delivered
996,14,250,2025-03-06 00:00:00,380.00,95000.00,Pending
997,4,500,2025-08-01 00:00:00,2400.00,1200000.00,Pending
998,13,250,2026-01-07 00:00:00,2200.00,550000.00,Shipped
999,9,50,2025-08-23 00:00:00,250.00,12500.00,Delivered
1000,5,500,2026-01-24 00:00:00,2800.00,1400000.00,Shipped
1001,11,1000,2026-01-20 00:00:00,800.00,800000.00,Pending
1002,13,100,2026-03-18 00:00:00,2200.00,220000.00,Delivered
1003,3,100,2026-03-01 00:00:00,4900.00,490000.00,Delivered
1004,12,1000,2025-09-17 00:00:00,1500.00,1500000.00,Pending
1005,11,1000,2026-03-16 00:00:00,800.00,800000.00,Shipped
1006,11,100,2026-02-15 00:00:00,800.00,80000.00,Delivered
1007,6,50,2025-08-01 00:00:00,3900.00,195000.00,Pending
1008,2,500,2025-04-14 00:00:00,6800.00,3400000.00,Delivered
1009,2,500,2025-07-01 00:00:00,6800.00,3400000.00,Pending
1010,12,250,2025-06-06 00:00:00,1500.00,375000.00,Shipped
1011,3,50,2025-03-21 00:00:00,4900.00,245000.00,Shipped
1012,12,500,2025-12-06 00:00:00,1500.00,750000.00,Pending
1013,14,50,2025-04-13 00:00:00,380.00,19000.00,Delivered
1014,3,1000,2025-10-09 00:00:00,4900.00,4900000.00,Pending
1015,14,50,2025-01-26 00:00:00,380.00,19000.00,Shipped
1016,1,500,2025-04-14 00:00:00,8500.00,4250000.00,Delivered
1017,13,50,2025-08-07 00:00:00,2200.00,110000.00,Delivered
1018,12,50,2025-08-09 00:00:00,1500.00,75000.00,Pending
1019,7,1000,2025-09-27 00:00:00,1200.00,1200000.00,Delivered
1020,13,50,2025-06-15 00:00:00,2200.00,110000.00,Delivered
1021,6,50,2025-01-06 00:00:00,3900.00,195000.00,Delivered
1022,12,500,2025-11-02 00:00:00,1500.00,750000.00,Shipped
1023,6,500,2025-06-23 00:00:00,3900.00,1950000.00,Shipped
1024,5,50,2025-02-17 00:00:00,2800.00,140000.00,Delivered
1025,5,500,2025-08-01 00:00:00,2800.00,1400000.00,Delivered
1026,3,250,2026-02-01 00:00:00,4900.00,1225000.00,Delivered
1027,14,250,2026-02-08 00:00:00,380.00,95000.00,Pending
1028,11,100,2026-01-27 00:00:00,800.00,80000.00,Delivered
1029,14,500,2025-03-07 00:00:00,380.00,190000.00,Delivered
1030,8,250,2025-04-05 00:00:00,450.00,112500.00,Pending
1031,12,50,2025-02-27 00:00:00,1500.00,75000.00,Delivered
1032,4,1000,2026-01-26 00:00:00,2400.00,2400000.00,Delivered
1033,11,250,2025-02-20 00:00:00,800.00,200000.00,Delivered
1034,3,50,2025-12-07 00:00:00,4900.00,245000.00,Shipped
1035,13,250,2025-06-28 00:00:00,2200.00,550000.00,Delivered
1036,3,100,2025-09-21 00:00:00,4900.00,490000.00,Delivered
1037,8,1000,2025-07-21 00:00:00,450.00,450000.00,Shipped
1038,3,100,2025-01-21 00:00:00,4900.00,490000.00,Shipped
1039,4,250,2025-05-14 00:00:00,2400.00,600000.00,Delivered
1040,13,1000,2025-04-01 00:00:00,2200.00,2200000.00,Shipped
1041,10,100,2025-03-17 00:00:00,180.00,18000.00,Delivered
1042,14,50,2025-07-04 00:00:00,380.00,19000.00,Delivered
1043,13,500,2025-06-15 00:00:00,2200.00,1100000.00,Pending
1044,1,50,2025-09-07 00:00:00,8500.00,425000.00,Pending
1045,10,50,2025-12-31 00:00:00,180.00,9000.00,Delivered
1046,3,250,2025-04-06 00:00:00,4900.00,1225000.00,Delivered
1047,2,500,2025-01-28 00:00:00,6800.00,3400000.00,Pending
1048,6,50,2025-07-25 00:00:00,3900.00,195000.00,Shipped
1049,9,1000,2025-12-20 00:00:00,250.00,250000.00,Delivered
1050,3,100,2025-08-27 00:00:00,4900.00,490000.00,Pending
1051,8,100,2025-02-03 00:00:00,450.00,45000.00,Pending
1052,13,100,2025-12-28 00:00:00,2200.00,220000.00,Delivered
1053,10,500,2025-10-01 00:00:00,180.00,90000.00,Delivered
1054,2,1000,2026-02-20 00:00:00,6800.00,6800000.00,Delivered
1055,12,100,2025-11-06 00:00:00,1500.00,150000.00,Pending
1056,6,1000,2026-02-03 00:00:00,3900.00,3900000.00,Delivered
1057,8,50,2025-12-30 00:00:00,450.00,22500.00,Pending
1058,6,500,2025-02-04 00:00:00,3900.00,1950000.00,Pending
1059,12,250,2025-07-04 00:00:00,1500.00,375000.00,Delivered
1060,11,250,2026-02-02 00:00:00,800.00,200000.00,Pending
1061,1,100,2025-02-15 00:00:00,8500.00,850000.00,Pending
1062,3,500,2025-10-20 00:00:00,4900.00,2450000.00,Delivered
1063,12,50,2025-01-02 00:00:00,1500.00,75000.00,Delivered
1064,13,500,2025-01-17 00:00:00,2200.00,1100000.00,Delivered
1065,13,100,2025-07-29 00:00:00,2200.00,220000.00,Pending
1066,7,50,2025-02-17 00:00:00,1200.00,60000.00,Pending
1067,6,250,2025-10-12 00:00:00,3900.00,975000.00,Delivered
1068,6,50,2025-07-23 00:00:00,3900.00,195000.00,Delivered
1069,8,100,2025-08-25 00:00:00,450.00,45000.00,Delivered
1070,12,500,2025-10-24 00:00:00,1500.00,750000.00,Delivered
1071,6,1000,2026-03-15 00:00:00,3900.00,3900000.00,Pending
1072,2,500,2025-02-23 00:00:00,6800.00,3400000.00,Delivered
1073,7,250,2025-07-05 00:00:00,1200.00,300000.00,Pending
1074,2,50,2025-04-02 00:00:00,6800.00,340000.00,Delivered
1075,2,1000,2025-08-06 00:00:00,6800.00,6800000.00,Delivered
1076,12,50,2025-03-18 00:00:00,1500.00,75000.00,Delivered
1077,10,1000,2026-01-26 00:00:00,180.00,180000.00,Shipped
1078,4,250,2025-04-18 00:00:00,2400.00,600000.00,Delivered
1079,13,500,2026-01-14 00:00:00,2200.00,1100000.00,Pending
1080,8,50,2026-03-04 00:00:00,450.00,22500.00,Delivered
1081,9,100,2025-04-24 00:00:00,250.00,25000.00,Delivered
1082,6,1000,2026-01-20 00:00:00,3900.00,3900000.00,Delivered
1083,11,250,2025-06-15 00:00:00,800.00,200000.00,Shipped
1084,10,100,2025-05-30 00:00:00,180.00,18000.00,Pending
1085,6,100,2025-07-31 00:00:00,3900.00,390000.00,Delivered
1086,8,100,2026-01-07 00:00:00,450.00,45000.00,Pending
1087,14,500,2025-04-08 00:00:00,380.00,190000.00,Delivered
1088,7,500,2025-08-20 00:00:00,1200.00,600000.00,Pending
1089,1,500,2025-11-22 00:00:00,8500.00,4250000.00,Delivered
1090,12,500,2025-10-09 00:00:00,1500.00,750000.00,Shipped
1091,7,1000,2025-05-11 00:00:00,1200.00,1200000.00,Delivered
1092,4,100,2026-03-14 00:00:00,2400.00,240000.00,Delivered
1093,5,250,2025-11-12 00:00:00,2800.00,700000.00,Delivered
1094,1,250,2025-02-18 00:00:00,8500.00,2125000.00,Pending
1095,10,100,2025-10-12 00:00:00,180.00,18000.00,Shipped
1096,7,100,2025-08-01 00:00:00,1200.00,120000.00,Delivered
1097,11,250,2025-02-07 00:00:00,800.00,200000.00,Shipped
1098,7,50,2025-11-23 00:00:00,1200.00,60000.00,Delivered
1099,2,1000,2026-01-12 00:00:00,6800.00,6800000.00,Delivered
1100,11,500,2025-02-20 00:00:00,800.00,400000.00,Delivered
1101,7,100,2025-08-12 00:00:00,1200.00,120000.00,Pending
1102,3,50,2025-08-08 00:00:00,4900.00,245000.00,Shipped
1103,9,250,2025-07-17 00:00:00,250.00,62500.00,Delivered
1104,11,50,2025-11-16 00:00:00,800.00,40000.00,Delivered
1105,3,500,2026-02-19 00:00:00,4900.00,2450000.00,Pending
1106,5,100,2025-12-07 00:00:00,2800.00,280000.00,Pending
1107,13,50,2025-07-11 00:00:00,2200.00,110000.00,Pending
1108,3,500,2025-08-16 00:00:00,4900.00,2450000.00,Pending
1109,8,1000,2025-09-08 00:00:00,450.00,450000.00,Delivered
1110,9,500,2025-02-04 00:00:00,250.00,125000.00,Shipped
1111,1,100,2026-02-19 00:00:00,8500.00,850000.00,Delivered
1112,7,50,2026-01-10 00:00:00,1200.00,60000.00,Shipped
1113,11,250,2025-01-31 00:00:00,800.00,200000.00,Delivered
1114,2,500,2026-02-03 00:00:00,6800.00,3400000.00,Delivered
1115,3,50,2025-04-30 00:00:00,4900.00,245000.00,Delivered
1116,10,100,2025-05-12 00:00:00,180.00,18000.00,Delivered
1117,11,250,2025-09-08 00:00:00,800.00,200000.00,Shipped
1118,3,500,2025-07-01 00:00:00,4900.00,2450000.00,Delivered
1119,12,1000,2025-05-21 00:00:00,1500.00,1500000.00,Pending
1120,10,500,2026-03-03 00:00:00,180.00,90000.00,Pending
1121,6,500,2025-06-28 00:00:00,3900.00,1950000.00,Pending
1122,10,250,2025-04-27 00:00:00,180.00,45000.00,Shipped
1123,3,500,2025-04-03 00:00:00,4900.00,2450000.00,Pending
1124,3,500,2025-04-15 00:00:00,4900.00,2450000.00,Shipped
1125,13,500,2025-08-18 00:00:00,2200.00,1100000.00,Shipped
1126,2,1000,2025-08-02 00:00:00,6800.00,6800000.00,Shipped
1127,7,50,2025-08-04 00:00:00,1200.00,60000.00,Pending
1128,3,1000,2025-06-30 00:00:00,4900.00,4900000.00,Delivered
1129,9,50,2025-04-30 00:00:00,250.00,12500.00,Delivered
1130,4,100,2025-08-14 00:00:00,2400.00,240000.00,Delivered
1131,7,1000,2026-01-23 00:00:00,1200.00,1200000.00,Delivered
1132,3,50,2026-03-03 00:00:00,4900.00,245000.00,Delivered
1133,12,50,2025-01-24 00:00:00,1500.00,75000.00,Shipped
1134,11,500,2025-07-29 00:00:00,800.00,400000.00,Pending
1135,8,500,2025-09-26 00:00:00,450.00,225000.00,Pending
1136,6,500,2025-01-06 00:00:00,3900.00,1950000.00,Delivered
1137,6,1000,2025-11-05 00:00:00,3900.00,3900000.00,Delivered
1138,1,250,2026-03-01 00:00:00,8500.00,2125000.00,Pending
1139,5,500,2025-11-13 00:00:00,2800.00,1400000.00,Delivered
1140,12,50,2025-07-18 00:00:00,1500.00,75000.00,Pending
1141,4,250,2026-02-22 00:00:00,2400.00,600000.00,Pending
1142,13,50,2025-11-14 00:00:00,2200.00,110000.00,Shipped
1143,9,50,2025-04-16 00:00:00,250.00,12500.00,Pending
1144,9,1000,2026-01-18 00:00:00,250.00,250000.00,Delivered
1145,7,500,2026-02-28 00:00:00,1200.00,600000.00,Delivered
1146,5,50,2025-04-01 00:00:00,2800.00,140000.00,Shipped
1147,7,250,2025-12-22 00:00:00,1200.00,300000.00,Shipped
1148,10,100,2026-02-03 00:00:00,180.00,18000.00,Pending
1149,12,1000,2025-06-11 00:00:00,1500.00,1500000.00,Delivered
1150,2,1000,2025-11-28 00:00:00,6800.00,6800000.00,Shipped
1151,5,500,2025-08-15 00:00:00,2800.00,1400000.00,Delivered
1152,7,100,2026-02-05 00:00:00,1200.00,120000.00,Delivered
1153,8,1000,2025-06-13 00:00:00,450.00,450000.00,Delivered
1154,9,100,2025-09-09 00:00:00,250.00,25000.00,Pending
1155,2,50,2025-02-06 00:00:00,6800.00,340000.00,Shipped
1156,12,250,2026-01-03 00:00:00,1500.00,375000.00,Pending
1157,10,500,2025-01-18 00:00:00,180.00,90000.00,Pending
1158,3,250,2025-05-11 00:00:00,4900.00,1225000.00,Shipped
1159,4,1000,2025-02-18 00:00:00,2400.00,2400000.00,Shipped
1160,9,500,2025-11-06 00:00:00,250.00,125000.00,Delivered
1161,4,1000,2025-07-12 00:00:00,2400.00,2400000.00,Delivered
1162,11,1000,2025-01-22 00:00:00,800.00,800000.00,Shipped
1163,2,1000,2025-04-21 00:00:00,6800.00,6800000.00,Delivered
1164,6,100,2026-03-22 00:00:00,3900.00,390000.00,Pending
1165,5,500,2025-07-06 00:00:00,2800.00,1400000.00,Shipped
1166,4,250,2025-12-10 00:00:00,2400.00,600000.00,Delivered
1167,7,1000,2025-07-02 00:00:00,1200.00,1200000.00,Shipped
1168,7,50,2025-09-21 00:00:00,1200.00,60000.00,Shipped
1169,11,100,2025-10-31 00:00:00,800.00,80000.00,Delivered
1170,8,50,2025-09-10 00:00:00,450.00,22500.00,Delivered
1171,4,100,2025-11-15 00:00:00,2400.00,240000.00,Shipped
1172,12,500,2025-04-19 00:00:00,1500.00,750000.00,Shipped
1173,13,50,2025-04-30 00:00:00,2200.00,110000.00,Delivered
1174,5,500,2025-10-07 00:00:00,2800.00,1400000.00,Pending
1175,8,500,2025-09-22 00:00:00,450.00,225000.00,Shipped
1176,14,1000,2025-01-16 00:00:00,380.00,380000.00,Pending
1177,11,1000,2025-06-03 00:00:00,800.00,800000.00,Pending
1178,1,50,2025-01-03 00:00:00,8500.00,425000.00,Delivered
1179,7,100,2025-05-12 00:00:00,1200.00,120000.00,Delivered
1180,12,100,2026-03-04 00:00:00,1500.00,150000.00,Shipped
1181,5,100,2026-03-14 00:00:00,2800.00,280000.00,Delivered
1182,8,100,2025-06-21 00:00:00,450.00,45000.00,Delivered
1183,1,100,2025-02-06 00:00:00,8500.00,850000.00,Delivered
1184,5,100,2025-04-21 00:00:00,2800.00,280000.00,Shipped
1185,7,50,2025-05-16 00:00:00,1200.00,60000.00,Delivered
1186,9,100,2025-11-05 00:00:00,250.00,25000.00,Delivered
1187,5,500,2025-02-20 00:00:00,2800.00,1400000.00,Pending
1188,14,50,2025-06-06 00:00:00,380.00,19000.00,Delivered
1189,13,250,2025-06-28 00:00:00,2200.00,550000.00,Delivered
1190,2,100,2026-02-24 00:00:00,6800.00,680000.00,Shipped
1191,4,250,2025-01-25 00:00:00,2400.00,600000.00,Pending
1192,1,1000,2025-08-08 00:00:00,8500.00,8500000.00,Delivered
1193,5,100,2025-02-08 00:00:00,2800.00,280000.00,Delivered
1194,4,1000,2025-07-22 00:00:00,2400.00,2400000.00,Shipped
1195,7,100,2025-12-25 00:00:00,1200.00,120000.00,Shipped
1196,9,500,2025-12-21 00:00:00,250.00,125000.00,Delivered
1197,7,100,2025-03-14 00:00:00,1200.00,120000.00,Pending
1198,11,500,2025-10-10 00:00:00,800.00,400000.00,Delivered
1199,9,100,2025-10-06 00:00:00,250.00,25000.00,Pending
1200,1,50,2025-05-19 00:00:00,8500.00,425000.00,Delivered
1201,13,500,2026-02-22 00:00:00,2200.00,1100000.00,Delivered
1202,8,50,2025-06-12 00:00:00,450.00,22500.00,Delivered
1203,11,50,2026-03-10 00:00:00,800.00,40000.00,Shipped
1204,7,1000,2025-12-30 00:00:00,1200.00,1200000.00,Delivered
1205,3,1000,2025-09-02 00:00:00,4900.00,4900000.00,Shipped
1206,2,1000,2025-03-19 00:00:00,6800.00,6800000.00,Delivered
1207,10,500,2025-06-24 00:00:00,180.00,90000.00,Shipped
1208,14,1000,2025-09-27 00:00:00,380.00,380000.00,Delivered
1209,7,100,2025-02-23 00:00:00,1200.00,120000.00,Pending
1210,4,250,2025-11-10 00:00:00,2400.00,600000.00,Pending
1211,7,250,2025-01-14 00:00:00,1200.00,300000.00,Shipped
1212,6,250,2025-01-24 00:00:00,3900.00,975000.00,Shipped
1213,4,500,2025-10-23 00:00:00,2400.00,1200000.00,Delivered
1214,4,500,2025-10-10 00:00:00,2400.00,1200000.00,Delivered
1215,12,1000,2025-01-12 00:00:00,1500.00,1500000.00,Pending
1216,8,500,2025-05-11 00:00:00,450.00,225000.00,Delivered
1217,11,500,2026-02-02 00:00:00,800.00,400000.00,Shipped
1218,1,1000,2025-06-19 00:00:00,8500.00,8500000.00,Delivered
1219,8,250,2025-05-04 00:00:00,450.00,112500.00,Shipped
1220,6,1000,2025-09-05 00:00:00,3900.00,3900000.00,Pending
1221,2,50,2025-09-25 00:00:00,6800.00,340000.00,Delivered
1222,4,250,2025-06-01 00:00:00,2400.00,600000.00,Shipped
1223,6,250,2025-03-25 00:00:00,3900.00,975000.00,Pending
1224,2,100,2025-12-26 00:00:00,6800.00,680000.00,Delivered
1225,7,50,2025-11-08 00:00:00,1200.00,60000.00,Delivered
1226,13,1000,2025-09-28 00:00:00,2200.00,2200000.00,Shipped
1227,4,500,2025-04-17 00:00:00,2400.00,1200000.00,Delivered
1228,13,50,2025-04-14 00:00:00,2200.00,110000.00,Shipped
1229,3,50,2025-04-22 00:00:00,4900.00,245000.00,Delivered
1230,7,250,2025-06-17 00:00:00,1200.00,300000.00,Shipped
1231,6,100,2025-05-31 00:00:00,3900.00,390000.00,Shipped
1232,4,250,2026-03-25 00:00:00,2400.00,600000.00,Delivered
1233,6,250,2025-03-02 00:00:00,3900.00,975000.00,Shipped
1234,2,250,2025-07-03 00:00:00,6800.00,1700000.00,Delivered
1235,7,500,2025-04-03 00:00:00,1200.00,600000.00,Shipped
1236,2,100,2026-03-03 00:00:00,6800.00,680000.00,Pending
1237,6,500,2025-08-02 00:00:00,3900.00,1950000.00,Delivered
1238,10,50,2025-12-02 00:00:00,180.00,9000.00,Pending
1239,10,100,2026-02-20 00:00:00,180.00,18000.00,Delivered
1240,14,100,2025-11-14 00:00:00,380.00,38000.00,Delivered
1241,1,1000,2025-11-02 00:00:00,8500.00,8500000.00,Shipped
1242,12,500,2026-02-21 00:00:00,1500.00,750000.00,Delivered
1243,13,250,2025-07-02 00:00:00,2200.00,550000.00,Pending
1244,6,50,2025-10-04 00:00:00,3900.00,195000.00,Shipped
1245,12,1000,2025-06-05 00:00:00,1500.00,1500000.00,Delivered
1246,11,250,2025-04-08 00:00:00,800.00,200000.00,Pending
1247,9,500,2025-10-02 00:00:00,250.00,125000.00,Shipped
1248,14,500,2025-07-27 00:00:00,380.00,190000.00,Delivered
1249,13,500,2025-07-03 00:00:00,2200.00,1100000.00,Shipped
1250,2,500,2026-02-09 00:00:00,6800.00,3400000.00,Shipped
1251,4,50,2026-02-20 00:00:00,2400.00,120000.00,Pending
1252,13,100,2025-06-15 00:00:00,2200.00,220000.00,Shipped
1253,13,50,2025-03-06 00:00:00,2200.00,110000.00,Shipped
1254,7,1000,2025-11-11 00:00:00,1200.00,1200000.00,Delivered
1255,8,1000,2025-05-30 00:00:00,450.00,450000.00,Shipped
1256,14,100,2026-01-28 00:00:00,380.00,38000.00,Delivered
1257,4,50,2025-11-24 00:00:00,2400.00,120000.00,Delivered
1258,9,50,2025-11-24 00:00:00,250.00,12500.00,Shipped
1259,11,50,2025-03-21 00:00:00,800.00,40000.00,Pending
1260,5,250,2025-01-20 00:00:00,2800.00,700000.00,Shipped
1261,2,100,2026-03-23 00:00:00,6800.00,680000.00,Shipped
1262,13,50,2025-07-15 00:00:00,2200.00,110000.00,Shipped
1263,14,100,2025-03-14 00:00:00,380.00,38000.00,Pending
1264,13,50,2026-02-15 00:00:00,2200.00,110000.00,Delivered
1265,8,250,2025-06-05 00:00:00,450.00,112500.00,Shipped
1266,13,1000,2025-06-05 00:00:00,2200.00,2200000.00,Delivered
1267,2,100,2025-05-31 00:00:00,6800.00,680000.00,Delivered
1268,14,1000,2025-10-05 00:00:00,380.00,380000.00,Delivered
1269,2,100,2025-09-18 00:00:00,6800.00,680000.00,Delivered
1270,14,100,2026-02-20 00:00:00,380.00,38000.00,Pending
1271,14,250,2025-02-15 00:00:00,380.00,95000.00,Shipped
1272,10,1000,2025-08-11 00:00:00,180.00,180000.00,Shipped
1273,8,1000,2025-02-25 00:00:00,450.00,450000.00,Shipped
1274,13,100,2025-01-11 00:00:00,2200.00,220000.00,Delivered
1275,1,500,2026-03-01 00:00:00,8500.00,4250000.00,Shipped
1276,1,250,2025-05-10 00:00:00,8500.00,2125000.00,Shipped
1277,13,100,2025-04-24 00:00:00,2200.00,220000.00,Delivered
1278,1,250,2026-03-20 00:00:00,8500.00,2125000.00,Shipped
1279,13,100,2025-08-27 00:00:00,2200.00,220000.00,Delivered
1280,9,250,2025-09-11 00:00:00,250.00,62500.00,Shipped
1281,7,100,2025-06-26 00:00:00,1200.00,120000.00,Shipped
1282,5,50,2025-12-02 00:00:00,2800.00,140000.00,Delivered
1283,8,50,2025-02-09 00:00:00,450.00,22500.00,Delivered
1284,11,50,2025-07-02 00:00:00,800.00,40000.00,Shipped
1285,6,1000,2025-07-30 00:00:00,3900.00,3900000.00,Delivered
1286,13,1000,2025-10-27 00:00:00,2200.00,2200000.00,Delivered
1287,1,250,2025-10-25 00:00:00,8500.00,2125000.00,Pending
1288,12,250,2025-08-04 00:00:00,1500.00,375000.00,Shipped
1289,12,100,2025-09-25 00:00:00,1500.00,150000.00,Delivered
1290,6,1000,2025-10-04 00:00:00,3900.00,3900000.00,Delivered
1291,10,250,2025-12-28 00:00:00,180.00,45000.00,Delivered
1292,11,50,2026-03-25 00:00:00,800.00,40000.00,Delivered
1293,12,250,2026-03-05 00:00:00,1500.00,375000.00,Delivered
1294,14,250,2025-04-20 00:00:00,380.00,95000.00,Pending
1295,10,500,2025-03-25 00:00:00,180.00,90000.00,Pending
1296,11,1000,2026-01-07 00:00:00,800.00,800000.00,Pending
1297,5,100,2026-03-03 00:00:00,2800.00,280000.00,Delivered
1298,13,500,2025-06-20 00:00:00,2200.00,1100000.00,Delivered
1299,11,1000,2026-03-21 00:00:00,800.00,800000.00,Shipped
1300,8,1000,2025-02-13 00:00:00,450.00,450000.00,Pending
1301,6,100,2025-10-09 00:00:00,3900.00,390000.00,Shipped
1302,10,50,2025-03-05 00:00:00,180.00,9000.00,Shipped
1303,1,100,2025-07-02 00:00:00,8500.00,850000.00,Shipped
1304,14,250,2025-01-15 00:00:00,380.00,95000.00,Delivered
1305,4,1000,2025-01-06 00:00:00,2400.00,2400000.00,Pending
1306,1,100,2025-07-08 00:00:00,8500.00,850000.00,Delivered
1307,9,50,2025-01-26 00:00:00,250.00,12500.00,Pending
1308,1,100,2025-06-15 00:00:00,8500.00,850000.00,Delivered
1309,5,1000,2025-02-20 00:00:00,2800.00,2800000.00,Delivered
1310,2,100,2025-03-04 00:00:00,6800.00,680000.00,Pending
1311,9,50,2025-07-26 00:00:00,250.00,12500.00,Pending
1312,14,250,2025-02-15 00:00:00,380.00,95000.00,Shipped
1313,14,500,2025-02-02 00:00:00,380.00,190000.00,Shipped
1314,4,50,2025-11-29 00:00:00,2400.00,120000.00,Shipped
1315,14,500,2025-01-12 00:00:00,380.00,190000.00,Delivered
1316,9,500,2025-01-23 00:00:00,250.00,125000.00,Delivered
1317,8,500,2025-04-01 00:00:00,450.00,225000.00,Delivered
1318,12,50,2025-11-21 00:00:00,1500.00,75000.00,Delivered
1319,11,250,2025-10-24 00:00:00,800.00,200000.00,Pending
1320,7,500,2025-04-12 00:00:00,1200.00,600000.00,Pending
1321,2,1000,2026-01-04 00:00:00,6800.00,6800000.00,Delivered
1322,2,500,2025-04-17 00:00:00,6800.00,3400000.00,Shipped
1323,7,1000,2025-12-13 00:00:00,1200.00,1200000.00,Shipped
1324,10,50,2025-02-07 00:00:00,180.00,9000.00,Delivered
1325,3,500,2025-09-02 00:00:00,4900.00,2450000.00,Shipped
1326,9,100,2026-02-28 00:00:00,250.00,25000.00,Delivered
1327,13,500,2025-01-01 00:00:00,2200.00,1100000.00,Shipped
1328,12,250,2025-02-09 00:00:00,1500.00,375000.00,Delivered
1329,2,1000,2025-04-12 00:00:00,6800.00,6800000.00,Delivered
1330,1,100,2025-08-18 00:00:00,8500.00,850000.00,Delivered
1331,2,50,2025-11-12 00:00:00,6800.00,340000.00,Shipped
1332,10,1000,2025-05-15 00:00:00,180.00,180000.00,Pending
1333,2,100,2025-07-02 00:00:00,6800.00,680000.00,Delivered
1334,7,500,2025-06-05 00:00:00,1200.00,600000.00,Delivered
1335,9,250,2025-09-15 00:00:00,250.00,62500.00,Shipped
1336,8,500,2025-08-12 00:00:00,450.00,225000.00,Pending
1337,9,1000,2026-02-21 00:00:00,250.00,250000.00,Delivered
1338,8,250,2026-03-16 00:00:00,450.00,112500.00,Shipped
1339,3,100,2025-04-06 00:00:00,4900.00,490000.00,Delivered
1340,5,100,2025-02-03 00:00:00,2800.00,280000.00,Shipped
1341,10,500,2025-05-28 00:00:00,180.00,90000.00,Delivered
1342,4,250,2026-02-20 00:00:00,2400.00,600000.00,Pending
1343,3,50,2025-01-14 00:00:00,4900.00,245000.00,Delivered
1344,11,250,2025-08-09 00:00:00,800.00,200000.00,Delivered
1345,7,1000,2025-04-04 00:00:00,1200.00,1200000.00,Delivered
1346,12,50,2025-04-21 00:00:00,1500.00,75000.00,Delivered
1347,7,50,2025-08-19 00:00:00,1200.00,60000.00,Delivered
1348,6,500,2025-04-01 00:00:00,3900.00,1950000.00,Delivered
1349,1,500,2025-05-01 00:00:00,8500.00,4250000.00,Delivered
1350,7,250,2025-09-12 00:00:00,1200.00,300000.00,Pending
1351,1,250,2026-01-06 00:00:00,8500.00,2125000.00,Shipped
1352,7,250,2025-09-23 00:00:00,1200.00,300000.00,Pending
1353,3,1000,2025-05-22 00:00:00,4900.00,4900000.00,Pending
1354,2,250,2025-07-30 00:00:00,6800.00,1700000.00,Delivered
1355,2,1000,2025-04-29 00:00:00,6800.00,6800000.00,Shipped
1356,7,500,2025-11-15 00:00:00,1200.00,600000.00,Delivered
1357,13,100,2025-03-24 00:00:00,2200.00,220000.00,Delivered
1358,1,1000,2025-10-03 00:00:00,8500.00,8500000.00,Shipped
1359,8,1000,2025-06-29 00:00:00,450.00,450000.00,Delivered
1360,8,100,2025-06-01 00:00:00,450.00,45000.00,Shipped
1361,6,100,2025-04-14 00:00:00,3900.00,390000.00,Delivered
1362,8,1000,2025-12-26 00:00:00,450.00,450000.00,Pending
1363,1,1000,2025-11-13 00:00:00,8500.00,8500000.00,Delivered
1364,4,100,2026-02-13 00:00:00,2400.00,240000.00,Delivered
1365,3,250,2025-10-17 00:00:00,4900.00,1225000.00,Shipped
1366,9,1000,2025-03-10 00:00:00,250.00,250000.00,Pending
1367,10,100,2025-12-18 00:00:00,180.00,18000.00,Shipped
1368,6,500,2025-07-25 00:00:00,3900.00,1950000.00,Pending
1369,8,500,2026-02-23 00:00:00,450.00,225000.00,Shipped
1370,2,250,2026-02-01 00:00:00,6800.00,1700000.00,Shipped
1371,3,500,2025-01-26 00:00:00,4900.00,2450000.00,Delivered
1372,2,250,2026-01-31 00:00:00,6800.00,1700000.00,Delivered
1373,3,250,2025-05-26 00:00:00,4900.00,1225000.00,Delivered
1374,6,500,2025-03-31 00:00:00,3900.00,1950000.00,Pending
1375,5,500,2025-09-29 00:00:00,2800.00,1400000.00,Delivered
1376,11,1000,2025-03-26 00:00:00,800.00,800000.00,Delivered
1377,2,1000,2025-12-26 00:00:00,6800.00,6800000.00,Pending
1378,6,500,2025-05-09 00:00:00,3900.00,1950000.00,Shipped
1379,6,250,2025-08-01 00:00:00,3900.00,975000.00,Shipped
1380,11,250,2025-02-27 00:00:00,800.00,200000.00,Pending
1381,1,250,2025-01-26 00:00:00,8500.00,2125000.00,Pending
1382,5,250,2026-03-14 00:00:00,2800.00,700000.00,Delivered
1383,2,50,2025-06-19 00:00:00,6800.00,340000.00,Delivered
1384,2,100,2025-06-13 00:00:00,6800.00,680000.00,Delivered
1385,2,100,2025-08-19 00:00:00,6800.00,680000.00,Delivered
1386,10,50,2025-02-16 00:00:00,180.00,9000.00,Delivered
1387,3,500,2025-03-27 00:00:00,4900.00,2450000.00,Delivered
1388,12,1000,2025-11-09 00:00:00,1500.00,1500000.00,Pending
1389,11,50,2025-12-24 00:00:00,800.00,40000.00,Pending
1390,8,1000,2026-01-19 00:00:00,450.00,450000.00,Pending
1391,12,250,2025-11-18 00:00:00,1500.00,375000.00,Shipped
1392,2,500,2025-08-08 00:00:00,6800.00,3400000.00,Pending
1393,11,100,2025-02-06 00:00:00,800.00,80000.00,Delivered
1394,6,250,2025-01-12 00:00:00,3900.00,975000.00,Pending
1395,11,1000,2026-03-21 00:00:00,800.00,800000.00,Pending
1396,12,50,2025-03-25 00:00:00,1500.00,75000.00,Delivered
1397,1,50,2025-07-09 00:00:00,8500.00,425000.00,Delivered
1398,2,250,2025-08-06 00:00:00,6800.00,1700000.00,Delivered
1399,6,1000,2026-03-25 00:00:00,3900.00,3900000.00,Shipped
1400,7,500,2025-10-07 00:00:00,1200.00,600000.00,Pending
1401,3,500,2025-11-27 00:00:00,4900.00,2450000.00,Shipped
1402,6,250,2026-02-17 00:00:00,3900.00,975000.00,Delivered
1403,12,500,2026-02-05 00:00:00,1500.00,750000.00,Delivered
1404,3,50,2025-07-16 00:00:00,4900.00,245000.00,Delivered
1405,2,250,2025-01-05 00:00:00,6800.00,1700000.00,Pending
1406,12,500,2025-08-31 00:00:00,1500.00,750000.00,Delivered
1407,9,1000,2025-03-17 00:00:00,250.00,250000.00,Pending
1408,6,50,2025-10-07 00:00:00,3900.00,195000.00,Pending
1409,2,50,2026-01-01 00:00:00,6800.00,340000.00,Delivered
1410,12,500,2026-01-26 00:00:00,1500.00,750000.00,Shipped
1411,12,100,2025-02-17 00:00:00,1500.00,150000.00,Pending
1412,10,50,2025-07-23 00:00:00,180.00,9000.00,Delivered
1413,6,50,2025-02-13 00:00:00,3900.00,195000.00,Delivered
1414,14,100,2026-02-28 00:00:00,380.00,38000.00,Delivered
1415,8,500,2025-01-05 00:00:00,450.00,225000.00,Pending
1416,12,100,2026-03-27 00:00:00,1500.00,150000.00,Pending
1417,1,250,2025-02-04 00:00:00,8500.00,2125000.00,Shipped
1418,8,50,2026-01-20 00:00:00,450.00,22500.00,Pending
1419,1,50,2025-03-29 00:00:00,8500.00,425000.00,Delivered
1420,7,250,2026-02-26 00:00:00,1200.00,300000.00,Delivered
1421,5,1000,2025-11-16 00:00:00,2800.00,2800000.00,Delivered
1422,10,500,2026-02-07 00:00:00,180.00,90000.00,Pending
1423,7,50,2025-09-22 00:00:00,1200.00,60000.00,Shipped
1424,14,100,2025-01-21 00:00:00,380.00,38000.00,Shipped
1425,2,50,2025-09-10 00:00:00,6800.00,340000.00,Shipped
1426,14,1000,2025-08-04 00:00:00,380.00,380000.00,Shipped
1427,14,500,2025-04-27 00:00:00,380.00,190000.00,Shipped
1428,9,100,2025-10-08 00:00:00,250.00,25000.00,Shipped
1429,7,250,2025-07-04 00:00:00,1200.00,300000.00,Delivered
1430,3,1000,2026-03-21 00:00:00,4900.00,4900000.00,Shipped
1431,9,500,2025-08-07 00:00:00,250.00,125000.00,Delivered
1432,1,1000,2025-02-07 00:00:00,8500.00,8500000.00,Delivered
1433,2,250,2026-01-24 00:00:00,6800.00,1700000.00,Pending
1434,9,50,2026-01-09 00:00:00,250.00,12500.00,Pending
1435,7,500,2025-04-07 00:00:00,1200.00,600000.00,Delivered
1436,2,50,2026-01-31 00:00:00,6800.00,340000.00,Delivered
1437,6,250,2026-03-11 00:00:00,3900.00,975000.00,Shipped
1438,4,100,2025-03-31 00:00:00,2400.00,240000.00,Shipped
1439,14,250,2025-08-26 00:00:00,380.00,95000.00,Shipped
1440,6,50,2025-02-08 00:00:00,3900.00,195000.00,Delivered
1441,1,250,2025-04-05 00:00:00,8500.00,2125000.00,Shipped
1442,11,1000,2026-02-23 00:00:00,800.00,800000.00,Delivered
1443,7,100,2025-07-14 00:00:00,1200.00,120000.00,Shipped
1444,2,250,2026-01-24 00:00:00,6800.00,1700000.00,Pending
1445,1,100,2025-01-20 00:00:00,8500.00,850000.00,Delivered
1446,2,50,2025-10-22 00:00:00,6800.00,340000.00,Shipped
1447,6,500,2025-11-08 00:00:00,3900.00,1950000.00,Delivered
1448,3,500,2025-09-28 00:00:00,4900.00,2450000.00,Shipped
1449,7,50,2025-11-25 00:00:00,1200.00,60000.00,Delivered
1450,12,250,2025-11-17 00:00:00,1500.00,375000.00,Delivered
1451,6,500,2025-01-19 00:00:00,3900.00,1950000.00,Pending
1452,13,100,2025-12-02 00:00:00,2200.00,220000.00,Pending
1453,4,250,2025-03-03 00:00:00,2400.00,600000.00,Shipped
1454,13,50,2025-05-25 00:00:00,2200.00,110000.00,Delivered
1455,4,250,2025-05-16 00:00:00,2400.00,600000.00,Delivered
1456,9,100,2025-10-16 00:00:00,250.00,25000.00,Shipped
1457,4,100,2025-05-17 00:00:00,2400.00,240000.00,Shipped
1458,5,1000,2025-03-31 00:00:00,2800.00,2800000.00,Delivered
1459,12,50,2025-06-11 00:00:00,1500.00,75000.00,Delivered
1460,14,500,2026-02-20 00:00:00,380.00,190000.00,Shipped
1461,7,250,2025-02-28 00:00:00,1200.00,300000.00,Delivered
1462,8,100,2025-01-02 00:00:00,450.00,45000.00,Shipped
1463,11,1000,2025-05-19 00:00:00,800.00,800000.00,Delivered
1464,11,1000,2025-06-18 00:00:00,800.00,800000.00,Shipped
1465,2,50,2025-02-09 00:00:00,6800.00,340000.00,Shipped
1466,7,50,2025-05-08 00:00:00,1200.00,60000.00,Delivered
1467,13,500,2025-11-16 00:00:00,2200.00,1100000.00,Pending
1468,14,250,2025-09-03 00:00:00,380.00,95000.00,Delivered
1469,7,1000,2025-04-13 00:00:00,1200.00,1200000.00,Shipped
1470,2,500,2025-01-05 00:00:00,6800.00,3400000.00,Pending
1471,5,1000,2025-06-10 00:00:00,2800.00,2800000.00,Delivered
1472,4,50,2026-02-14 00:00:00,2400.00,120000.00,Delivered
1473,8,100,2025-05-05 00:00:00,450.00,45000.00,Pending
1474,14,50,2025-09-02 00:00:00,380.00,19000.00,Delivered
1475,5,100,2025-10-27 00:00:00,2800.00,280000.00,Shipped
1476,3,100,2025-04-20 00:00:00,4900.00,490000.00,Shipped
1477,5,50,2025-02-15 00:00:00,2800.00,140000.00,Delivered
1478,5,1000,2025-05-07 00:00:00,2800.00,2800000.00,Shipped
1479,3,50,2025-03-10 00:00:00,4900.00,245000.00,Delivered
1480,5,1000,2026-02-21 00:00:00,2800.00,2800000.00,Pending
1481,13,100,2025-04-25 00:00:00,2200.00,220000.00,Delivered
1482,14,100,2025-05-04 00:00:00,380.00,38000.00,Pending
1483,13,500,2026-03-18 00:00:00,2200.00,1100000.00,Delivered
1484,13,500,2025-10-20 00:00:00,2200.00,1100000.00,Pending
1485,2,50,2025-10-26 00:00:00,6800.00,340000.00,Delivered
1486,14,250,2025-02-20 00:00:00,380.00,95000.00,Shipped
1487,4,100,2026-02-02 00:00:00,2400.00,240000.00,Pending
1488,13,1000,2025-08-03 00:00:00,2200.00,2200000.00,Delivered
1489,12,1000,2025-09-20 00:00:00,1500.00,1500000.00,Shipped
1490,7,1000,2025-01-13 00:00:00,1200.00,1200000.00,Pending
1491,10,1000,2025-11-03 00:00:00,180.00,180000.00,Pending
1492,11,500,2025-12-05 00:00:00,800.00,400000.00,Pending
1493,14,1000,2025-05-10 00:00:00,380.00,380000.00,Pending
1494,5,250,2025-11-30 00:00:00,2800.00,700000.00,Delivered
1495,11,50,2026-02-11 00:00:00,800.00,40000.00,Pending
1496,5,500,2025-07-12 00:00:00,2800.00,1400000.00,Delivered
1497,4,500,2025-01-05 00:00:00,2400.00,1200000.00,Shipped
1498,2,500,2025-01-09 00:00:00,6800.00,3400000.00,Pending
1499,9,500,2025-04-27 00:00:00,250.00,125000.00,Delivered
1500,3,100,2025-09-09 00:00:00,4900.00,490000.00,Delivered
1501,5,50,2025-12-20 00:00:00,2800.00,140000.00,Pending
1502,4,100,2025-03-13 00:00:00,2400.00,240000.00,Pending
1503,11,1000,2025-01-31 00:00:00,800.00,800000.00,Delivered
1504,11,100,2026-02-19 00:00:00,800.00,80000.00,Pending
1505,8,50,2025-02-07 00:00:00,450.00,22500.00,Pending
1506,4,250,2025-01-19 00:00:00,2400.00,600000.00,Delivered
1507,6,50,2025-05-09 00:00:00,3900.00,195000.00,Delivered
1508,9,1000,2026-02-13 00:00:00,250.00,250000.00,Delivered
1509,5,500,2025-07-31 00:00:00,2800.00,1400000.00,Shipped
1510,9,1000,2025-07-27 00:00:00,250.00,250000.00,Shipped
1511,10,500,2025-07-04 00:00:00,180.00,90000.00,Shipped
1512,7,50,2025-05-06 00:00:00,1200.00,60000.00,Pending
1513,8,250,2025-11-15 00:00:00,450.00,112500.00,Shipped
1514,2,250,2025-07-06 00:00:00,6800.00,1700000.00,Delivered
1515,8,250,2025-06-28 00:00:00,450.00,112500.00,Delivered
1516,9,1000,2025-07-31 00:00:00,250.00,250000.00,Shipped
1517,13,250,2025-09-23 00:00:00,2200.00,550000.00,Pending
1518,12,100,2025-01-21 00:00:00,1500.00,150000.00,Pending
1519,14,50,2025-10-08 00:00:00,380.00,19000.00,Shipped
1520,1,1000,2026-03-25 00:00:00,8500.00,8500000.00,Delivered
1521,3,1000,2025-06-03 00:00:00,4900.00,4900000.00,Delivered
1522,14,1000,2025-06-02 00:00:00,380.00,380000.00,Delivered
1523,7,50,2026-01-31 00:00:00,1200.00,60000.00,Delivered
1524,7,100,2025-05-09 00:00:00,1200.00,120000.00,Shipped
1525,13,50,2025-06-13 00:00:00,2200.00,110000.00,Shipped
1526,12,50,2025-08-18 00:00:00,1500.00,75000.00,Delivered
1527,12,250,2026-02-26 00:00:00,1500.00,375000.00,Delivered
1528,1,50,2025-01-15 00:00:00,8500.00,425000.00,Shipped
1529,3,1000,2025-07-10 00:00:00,4900.00,4900000.00,Delivered
1530,11,100,2025-11-26 00:00:00,800.00,80000.00,Pending
1531,1,100,2026-02-23 00:00:00,8500.00,850000.00,Delivered
1532,14,500,2025-05-28 00:00:00,380.00,190000.00,Shipped
1533,2,100,2025-12-24 00:00:00,6800.00,680000.00,Pending
1534,4,1000,2025-07-12 00:00:00,2400.00,2400000.00,Shipped
1535,2,250,2025-02-23 00:00:00,6800.00,1700000.00,Pending
1536,12,100,2025-07-01 00:00:00,1500.00,150000.00,Shipped
1537,4,50,2026-01-27 00:00:00,2400.00,120000.00,Pending
1538,7,500,2025-06-16 00:00:00,1200.00,600000.00,Delivered
1539,7,500,2025-06-19 00:00:00,1200.00,600000.00,Delivered
1540,7,250,2025-10-28 00:00:00,1200.00,300000.00,Shipped
1541,13,500,2025-04-14 00:00:00,2200.00,1100000.00,Delivered
1542,7,1000,2026-02-03 00:00:00,1200.00,1200000.00,Delivered
1543,11,250,2025-04-04 00:00:00,800.00,200000.00,Shipped
1544,13,1000,2025-12-02 00:00:00,2200.00,2200000.00,Shipped
1545,5,250,2025-03-30 00:00:00,2800.00,700000.00,Delivered
1546,2,100,2025-07-25 00:00:00,6800.00,680000.00,Delivered
1547,10,100,2025-11-17 00:00:00,180.00,18000.00,Shipped
1548,1,1000,2025-12-22 00:00:00,8500.00,8500000.00,Delivered
1549,8,1000,2026-01-18 00:00:00,450.00,450000.00,Delivered
1550,3,250,2025-12-02 00:00:00,4900.00,1225000.00,Delivered
1551,7,50,2025-11-29 00:00:00,1200.00,60000.00,Pending
1552,11,100,2025-09-04 00:00:00,800.00,80000.00,Shipped
1553,5,50,2025-09-07 00:00:00,2800.00,140000.00,Delivered
1554,3,1000,2026-03-08 00:00:00,4900.00,4900000.00,Pending
1555,13,500,2025-03-19 00:00:00,2200.00,1100000.00,Delivered
1556,4,50,2025-03-11 00:00:00,2400.00,120000.00,Shipped
1557,6,250,2026-01-24 00:00:00,3900.00,975000.00,Shipped
1558,11,1000,2025-10-28 00:00:00,800.00,800000.00,Shipped
1559,3,250,2025-03-12 00:00:00,4900.00,1225000.00,Delivered
1560,5,250,2025-05-18 00:00:00,2800.00,700000.00,Shipped
1561,7,50,2025-04-30 00:00:00,1200.00,60000.00,Delivered
1562,11,500,2025-12-18 00:00:00,800.00,400000.00,Pending
1563,1,1000,2025-11-02 00:00:00,8500.00,8500000.00,Pending
1564,10,250,2025-02-28 00:00:00,180.00,45000.00,Pending
1565,1,100,2025-06-12 00:00:00,8500.00,850000.00,Shipped
1566,11,100,2026-02-20 00:00:00,800.00,80000.00,Delivered
1567,5,500,2025-12-09 00:00:00,2800.00,1400000.00,Delivered
1568,2,1000,2025-06-01 00:00:00,6800.00,6800000.00,Delivered
1569,12,50,2026-02-28 00:00:00,1500.00,75000.00,Shipped
1570,1,50,2025-12-19 00:00:00,8500.00,425000.00,Delivered
1571,7,1000,2026-02-25 00:00:00,1200.00,1200000.00,Delivered
1572,7,500,2025-06-16 00:00:00,1200.00,600000.00,Delivered
1573,9,500,2025-11-24 00:00:00,250.00,125000.00,Shipped
1574,1,100,2025-08-01 00:00:00,8500.00,850000.00,Delivered
1575,3,1000,2025-08-23 00:00:00,4900.00,4900000.00,Pending
1576,6,100,2025-05-22 00:00:00,3900.00,390000.00,Shipped
1577,7,50,2025-09-22 00:00:00,1200.00,60000.00,Pending
1578,14,500,2026-01-28 00:00:00,380.00,190000.00,Delivered
1579,9,250,2025-03-19 00:00:00,250.00,62500.00,Pending
1580,5,250,2025-07-17 00:00:00,2800.00,700000.00,Pending
1581,13,50,2026-03-12 00:00:00,2200.00,110000.00,Delivered
1582,4,1000,2025-09-10 00:00:00,2400.00,2400000.00,Pending
1583,2,500,2026-01-08 00:00:00,6800.00,3400000.00,Pending
1584,7,500,2026-02-15 00:00:00,1200.00,600000.00,Delivered
1585,11,250,2025-12-11 00:00:00,800.00,200000.00,Pending
1586,9,250,2025-10-26 00:00:00,250.00,62500.00,Delivered
1587,14,500,2026-03-19 00:00:00,380.00,190000.00,Delivered
1588,12,250,2025-07-28 00:00:00,1500.00,375000.00,Pending
1589,11,100,2025-02-27 00:00:00,800.00,80000.00,Pending
1590,12,1000,2025-03-22 00:00:00,1500.00,1500000.00,Delivered
1591,4,1000,2026-02-16 00:00:00,2400.00,2400000.00,Pending
1592,2,250,2025-04-27 00:00:00,6800.00,1700000.00,Pending
1593,13,1000,2025-12-07 00:00:00,2200.00,2200000.00,Delivered
1594,6,100,2025-06-03 00:00:00,3900.00,390000.00,Shipped
1595,7,250,2025-07-03 00:00:00,1200.00,300000.00,Delivered
1596,9,50,2025-05-13 00:00:00,250.00,12500.00,Pending
1597,11,100,2025-06-15 00:00:00,800.00,80000.00,Pending
1598,1,500,2025-07-24 00:00:00,8500.00,4250000.00,Delivered
1599,13,50,2025-04-27 00:00:00,2200.00,110000.00,Shipped
1600,5,250,2026-02-25 00:00:00,2800.00,700000.00,Delivered
1601,1,250,2025-01-22 00:00:00,8500.00,2125000.00,Pending
1602,10,100,2026-03-11 00:00:00,180.00,18000.00,Delivered
1603,1,500,2025-04-14 00:00:00,8500.00,4250000.00,Shipped
1604,9,50,2025-04-02 00:00:00,250.00,12500.00,Shipped
1605,1,50,2025-08-22 00:00:00,8500.00,425000.00,Delivered
1606,9,50,2025-06-08 00:00:00,250.00,12500.00,Delivered
1607,5,250,2025-01-23 00:00:00,2800.00,700000.00,Delivered
1608,11,250,2025-08-23 00:00:00,800.00,200000.00,Shipped
1609,11,50,2026-01-23 00:00:00,800.00,40000.00,Delivered
1610,9,250,2026-03-11 00:00:00,250.00,62500.00,Pending
1611,12,500,2025-09-27 00:00:00,1500.00,750000.00,Shipped
1612,6,50,2025-12-05 00:00:00,3900.00,195000.00,Delivered
1613,3,50,2026-01-29 00:00:00,4900.00,245000.00,Shipped
1614,12,100,2025-12-13 00:00:00,1500.00,150000.00,Pending
1615,9,100,2025-03-17 00:00:00,250.00,25000.00,Delivered
1616,9,250,2025-04-04 00:00:00,250.00,62500.00,Pending
1617,3,100,2026-02-24 00:00:00,4900.00,490000.00,Delivered
1618,3,1000,2025-05-07 00:00:00,4900.00,4900000.00,Delivered
1619,6,250,2025-04-27 00:00:00,3900.00,975000.00,Pending
1620,6,100,2025-06-17 00:00:00,3900.00,390000.00,Delivered
1621,4,100,2025-11-01 00:00:00,2400.00,240000.00,Delivered
1622,12,50,2025-03-19 00:00:00,1500.00,75000.00,Pending
1623,11,1000,2025-11-18 00:00:00,800.00,800000.00,Pending
1624,10,250,2026-02-09 00:00:00,180.00,45000.00,Pending
1625,7,500,2025-08-22 00:00:00,1200.00,600000.00,Shipped
1626,7,1000,2026-01-23 00:00:00,1200.00,1200000.00,Shipped
1627,2,500,2025-08-07 00:00:00,6800.00,3400000.00,Pending
1628,10,50,2025-03-01 00:00:00,180.00,9000.00,Shipped
1629,5,250,2025-07-27 00:00:00,2800.00,700000.00,Delivered
1630,1,50,2026-03-13 00:00:00,8500.00,425000.00,Delivered
1631,1,500,2025-11-17 00:00:00,8500.00,4250000.00,Pending
1632,13,250,2025-09-19 00:00:00,2200.00,550000.00,Shipped
1633,2,500,2025-09-29 00:00:00,6800.00,3400000.00,Delivered
1634,8,50,2025-03-17 00:00:00,450.00,22500.00,Pending
1635,12,250,2025-12-25 00:00:00,1500.00,375000.00,Delivered
1636,9,100,2025-07-05 00:00:00,250.00,25000.00,Pending
1637,5,250,2025-03-06 00:00:00,2800.00,700000.00,Delivered
1638,12,1000,2025-07-06 00:00:00,1500.00,1500000.00,Delivered
1639,10,1000,2026-01-03 00:00:00,180.00,180000.00,Shipped
1640,2,100,2025-11-08 00:00:00,6800.00,680000.00,Delivered
1641,3,100,2025-03-17 00:00:00,4900.00,490000.00,Shipped
1642,13,250,2025-08-05 00:00:00,2200.00,550000.00,Shipped
1643,4,500,2025-01-02 00:00:00,2400.00,1200000.00,Shipped
1644,14,100,2025-02-16 00:00:00,380.00,38000.00,Delivered
1645,6,250,2025-07-15 00:00:00,3900.00,975000.00,Shipped
1646,10,100,2025-03-21 00:00:00,180.00,18000.00,Delivered
1647,6,250,2026-03-10 00:00:00,3900.00,975000.00,Delivered
1648,6,250,2025-12-18 00:00:00,3900.00,975000.00,Delivered
1649,10,100,2026-01-20 00:00:00,180.00,18000.00,Pending
1650,14,500,2025-10-16 00:00:00,380.00,190000.00,Delivered
1651,7,500,2025-05-11 00:00:00,1200.00,600000.00,Shipped
1652,2,100,2026-01-20 00:00:00,6800.00,680000.00,Shipped
1653,5,50,2025-04-10 00:00:00,2800.00,140000.00,Delivered
1654,14,100,2025-09-12 00:00:00,380.00,38000.00,Delivered
1655,13,100,2026-02-15 00:00:00,2200.00,220000.00,Delivered
1656,12,250,2025-08-01 00:00:00,1500.00,375000.00,Delivered
1657,1,250,2025-09-15 00:00:00,8500.00,2125000.00,Shipped
1658,5,500,2025-05-02 00:00:00,2800.00,1400000.00,Shipped
1659,13,250,2025-09-29 00:00:00,2200.00,550000.00,Shipped
1660,6,500,2025-01-30 00:00:00,3900.00,1950000.00,Delivered
1661,10,1000,2025-04-12 00:00:00,180.00,180000.00,Delivered
1662,8,500,2025-05-15 00:00:00,450.00,225000.00,Delivered
1663,13,100,2026-03-21 00:00:00,2200.00,220000.00,Pending
1664,14,50,2025-06-17 00:00:00,380.00,19000.00,Pending
1665,10,250,2025-10-27 00:00:00,180.00,45000.00,Delivered
1666,2,1000,2026-01-06 00:00:00,6800.00,6800000.00,Pending
1667,3,1000,2025-07-09 00:00:00,4900.00,4900000.00,Delivered
1668,7,500,2025-08-14 00:00:00,1200.00,600000.00,Delivered
1669,8,250,2026-02-04 00:00:00,450.00,112500.00,Delivered
1670,3,250,2025-08-23 00:00:00,4900.00,1225000.00,Pending
1671,6,100,2026-01-05 00:00:00,3900.00,390000.00,Delivered
1672,7,1000,2025-01-10 00:00:00,1200.00,1200000.00,Pending
1673,14,250,2025-03-12 00:00:00,380.00,95000.00,Pending
1674,7,250,2025-05-05 00:00:00,1200.00,300000.00,Pending
1675,4,500,2026-03-03 00:00:00,2400.00,1200000.00,Delivered
1676,7,250,2025-09-05 00:00:00,1200.00,300000.00,Delivered
1677,14,100,2025-10-27 00:00:00,380.00,38000.00,Delivered
1678,1,1000,2025-05-09 00:00:00,8500.00,8500000.00,Delivered
1679,2,100,2025-12-20 00:00:00,6800.00,680000.00,Pending
1680,10,50,2025-10-09 00:00:00,180.00,9000.00,Delivered
1681,6,50,2025-10-14 00:00:00,3900.00,195000.00,Pending
1682,11,100,2025-10-21 00:00:00,800.00,80000.00,Delivered
1683,11,50,2025-11-25 00:00:00,800.00,40000.00,Shipped
1684,7,50,2025-07-03 00:00:00,1200.00,60000.00,Delivered
1685,5,250,2025-10-09 00:00:00,2800.00,700000.00,Shipped
1686,2,50,2025-06-19 00:00:00,6800.00,340000.00,Shipped
1687,6,1000,2025-02-08 00:00:00,3900.00,3900000.00,Shipped
1688,3,250,2025-08-18 00:00:00,4900.00,1225000.00,Shipped
1689,5,500,2025-12-24 00:00:00,2800.00,1400000.00,Delivered
1690,11,1000,2025-03-25 00:00:00,800.00,800000.00,Delivered
1691,14,100,2026-02-14 00:00:00,380.00,38000.00,Shipped
1692,5,100,2025-08-12 00:00:00,2800.00,280000.00,Shipped
1693,6,50,2026-01-09 00:00:00,3900.00,195000.00,Delivered
1694,2,250,2025-03-25 00:00:00,6800.00,1700000.00,Shipped
1695,12,500,2025-06-19 00:00:00,1500.00,750000.00,Shipped
1696,8,100,2025-06-15 00:00:00,450.00,45000.00,Shipped
1697,5,50,2025-02-01 00:00:00,2800.00,140000.00,Delivered
1698,3,100,2025-01-28 00:00:00,4900.00,490000.00,Delivered
1699,8,1000,2026-01-17 00:00:00,450.00,450000.00,Delivered
1700,6,250,2025-02-17 00:00:00,3900.00,975000.00,Delivered
1701,3,1000,2025-06-25 00:00:00,4900.00,4900000.00,Delivered
1702,11,50,2025-04-01 00:00:00,800.00,40000.00,Delivered
1703,9,500,2025-11-03 00:00:00,250.00,125000.00,Delivered
1704,12,100,2025-09-27 00:00:00,1500.00,150000.00,Pending
1705,9,500,2025-01-31 00:00:00,250.00,125000.00,Delivered
1706,4,100,2025-01-07 00:00:00,2400.00,240000.00,Delivered
1707,2,100,2026-02-02 00:00:00,6800.00,680000.00,Delivered
1708,5,1000,2025-06-25 00:00:00,2800.00,2800000.00,Shipped
1709,13,500,2025-11-25 00:00:00,2200.00,1100000.00,Delivered
1710,13,50,2025-03-14 00:00:00,2200.00,110000.00,Shipped
1711,7,100,2025-06-11 00:00:00,1200.00,120000.00,Pending
1712,4,1000,2025-08-09 00:00:00,2400.00,2400000.00,Delivered
1713,1,100,2025-03-15 00:00:00,8500.00,850000.00,Delivered
1714,1,1000,2025-02-04 00:00:00,8500.00,8500000.00,Delivered
1715,9,50,2025-08-18 00:00:00,250.00,12500.00,Pending
1716,3,500,2026-01-29 00:00:00,4900.00,2450000.00,Delivered
1717,10,50,2025-10-20 00:00:00,180.00,9000.00,Pending
1718,3,500,2025-10-17 00:00:00,4900.00,2450000.00,Delivered
1719,9,1000,2025-02-24 00:00:00,250.00,250000.00,Delivered
1720,4,500,2025-04-21 00:00:00,2400.00,1200000.00,Delivered
1721,8,100,2025-11-17 00:00:00,450.00,45000.00,Pending
1722,8,100,2025-12-05 00:00:00,450.00,45000.00,Shipped
1723,11,500,2025-11-02 00:00:00,800.00,400000.00,Shipped
1724,3,1000,2025-12-07 00:00:00,4900.00,4900000.00,Pending
1725,2,50,2025-12-26 00:00:00,6800.00,340000.00,Delivered
1726,9,1000,2025-06-03 00:00:00,250.00,250000.00,Pending
1727,6,100,2025-08-13 00:00:00,3900.00,390000.00,Delivered
1728,7,250,2026-02-24 00:00:00,1200.00,300000.00,Pending
1729,9,50,2026-03-25 00:00:00,250.00,12500.00,Pending
1730,14,50,2025-07-12 00:00:00,380.00,19000.00,Shipped
1731,2,500,2025-05-10 00:00:00,6800.00,3400000.00,Shipped
1732,3,250,2025-07-02 00:00:00,4900.00,1225000.00,Delivered
1733,4,1000,2025-04-13 00:00:00,2400.00,2400000.00,Delivered
1734,8,100,2025-04-17 00:00:00,450.00,45000.00,Pending
1735,6,1000,2025-04-06 00:00:00,3900.00,3900000.00,Delivered
1736,3,1000,2025-09-13 00:00:00,4900.00,4900000.00,Delivered
1737,4,250,2025-10-25 00:00:00,2400.00,600000.00,Shipped
1738,8,250,2025-03-11 00:00:00,450.00,112500.00,Pending
1739,13,250,2025-12-23 00:00:00,2200.00,550000.00,Pending
1740,1,500,2025-04-23 00:00:00,8500.00,4250000.00,Delivered
1741,5,1000,2025-08-23 00:00:00,2800.00,2800000.00,Delivered
1742,10,250,2025-04-12 00:00:00,180.00,45000.00,Delivered
1743,6,250,2025-01-08 00:00:00,3900.00,975000.00,Shipped
1744,8,100,2025-09-14 00:00:00,450.00,45000.00,Delivered
1745,5,500,2025-02-18 00:00:00,2800.00,1400000.00,Delivered
1746,4,250,2025-12-22 00:00:00,2400.00,600000.00,Pending
1747,5,500,2026-03-18 00:00:00,2800.00,1400000.00,Pending
1748,10,100,2025-01-25 00:00:00,180.00,18000.00,Delivered
1749,10,1000,2026-02-06 00:00:00,180.00,180000.00,Shipped
1750,13,100,2025-04-28 00:00:00,2200.00,220000.00,Pending
1751,8,500,2025-05-09 00:00:00,450.00,225000.00,Delivered
1752,7,100,2025-05-11 00:00:00,1200.00,120000.00,Delivered
1753,8,100,2025-09-15 00:00:00,450.00,45000.00,Delivered
1754,14,500,2025-11-27 00:00:00,380.00,190000.00,Pending
1755,14,250,2025-11-12 00:00:00,380.00,95000.00,Pending
1756,8,1000,2025-05-28 00:00:00,450.00,450000.00,Delivered
1757,7,100,2026-01-01 00:00:00,1200.00,120000.00,Shipped
1758,4,100,2025-08-31 00:00:00,2400.00,240000.00,Delivered
1759,11,500,2025-10-09 00:00:00,800.00,400000.00,Delivered
1760,1,250,2026-01-19 00:00:00,8500.00,2125000.00,Delivered
1761,3,250,2025-04-01 00:00:00,4900.00,1225000.00,Pending
1762,6,500,2025-08-15 00:00:00,3900.00,1950000.00,Shipped
1763,12,50,2025-11-20 00:00:00,1500.00,75000.00,Shipped
1764,1,1000,2026-03-03 00:00:00,8500.00,8500000.00,Pending
1765,10,250,2025-08-11 00:00:00,180.00,45000.00,Shipped
1766,12,500,2025-03-19 00:00:00,1500.00,750000.00,Shipped
1767,14,50,2025-04-13 00:00:00,380.00,19000.00,Pending
1768,13,250,2025-07-22 00:00:00,2200.00,550000.00,Pending
1769,4,250,2025-11-18 00:00:00,2400.00,600000.00,Pending
1770,3,250,2025-08-17 00:00:00,4900.00,1225000.00,Pending
1771,8,100,2025-07-25 00:00:00,450.00,45000.00,Pending
1772,3,100,2025-03-27 00:00:00,4900.00,490000.00,Shipped
1773,12,50,2025-10-19 00:00:00,1500.00,75000.00,Delivered
1774,7,250,2025-10-02 00:00:00,1200.00,300000.00,Delivered
1775,10,1000,2025-10-08 00:00:00,180.00,180000.00,Delivered
1776,4,250,2025-11-05 00:00:00,2400.00,600000.00,Delivered
1777,13,50,2026-03-09 00:00:00,2200.00,110000.00,Delivered
1778,13,50,2025-02-22 00:00:00,2200.00,110000.00,Delivered
1779,2,100,2025-11-01 00:00:00,6800.00,680000.00,Delivered
1780,10,500,2026-01-09 00:00:00,180.00,90000.00,Delivered
1781,7,250,2025-01-25 00:00:00,1200.00,300000.00,Pending
1782,6,50,2025-04-26 00:00:00,3900.00,195000.00,Pending
1783,3,500,2025-10-18 00:00:00,4900.00,2450000.00,Shipped
1784,6,50,2025-01-26 00:00:00,3900.00,195000.00,Pending
1785,3,1000,2025-07-04 00:00:00,4900.00,4900000.00,Delivered
1786,9,500,2025-03-22 00:00:00,250.00,125000.00,Pending
1787,5,1000,2025-06-28 00:00:00,2800.00,2800000.00,Delivered
1788,12,100,2025-03-19 00:00:00,1500.00,150000.00,Delivered
1789,5,1000,2025-03-09 00:00:00,2800.00,2800000.00,Delivered
1790,1,1000,2025-04-06 00:00:00,8500.00,8500000.00,Delivered
1791,10,50,2026-03-27 00:00:00,180.00,9000.00,Pending
1792,11,250,2025-12-04 00:00:00,800.00,200000.00,Pending
1793,2,1000,2025-07-24 00:00:00,6800.00,6800000.00,Pending
1794,14,250,2025-11-18 00:00:00,380.00,95000.00,Shipped
1795,14,1000,2025-03-25 00:00:00,380.00,380000.00,Pending
1796,5,1000,2025-12-24 00:00:00,2800.00,2800000.00,Delivered
1797,14,250,2025-06-05 00:00:00,380.00,95000.00,Delivered
1798,2,500,2025-04-08 00:00:00,6800.00,3400000.00,Pending
1799,14,500,2026-03-23 00:00:00,380.00,190000.00,Delivered
1800,1,50,2025-05-26 00:00:00,8500.00,425000.00,Pending
1801,7,50,2025-10-16 00:00:00,1200.00,60000.00,Shipped
1802,8,100,2026-02-01 00:00:00,450.00,45000.00,Shipped
1803,13,250,2025-08-05 00:00:00,2200.00,550000.00,Pending
1804,5,1000,2025-03-04 00:00:00,2800.00,2800000.00,Shipped
1805,5,100,2025-10-09 00:00:00,2800.00,280000.00,Pending
1806,12,50,2025-10-24 00:00:00,1500.00,75000.00,Pending
1807,2,500,2025-07-08 00:00:00,6800.00,3400000.00,Pending
1808,14,1000,2025-10-11 00:00:00,380.00,380000.00,Shipped
1809,3,1000,2026-03-24 00:00:00,4900.00,4900000.00,Delivered
1810,10,500,2025-09-09 00:00:00,180.00,90000.00,Delivered
1811,13,100,2026-02-21 00:00:00,2200.00,220000.00,Delivered
1812,3,500,2025-05-12 00:00:00,4900.00,2450000.00,Delivered
1813,2,500,2026-02-03 00:00:00,6800.00,3400000.00,Pending
1814,13,500,2025-04-10 00:00:00,2200.00,1100000.00,Delivered
1815,2,100,2026-01-06 00:00:00,6800.00,680000.00,Delivered
1816,13,100,2025-02-26 00:00:00,2200.00,220000.00,Delivered
1817,5,500,2025-09-05 00:00:00,2800.00,1400000.00,Delivered
1818,5,100,2025-06-28 00:00:00,2800.00,280000.00,Pending
1819,6,500,2025-02-13 00:00:00,3900.00,1950000.00,Delivered
1820,9,100,2025-04-19 00:00:00,250.00,25000.00,Shipped
1821,13,1000,2025-07-02 00:00:00,2200.00,2200000.00,Delivered
1822,7,250,2025-12-29 00:00:00,1200.00,300000.00,Shipped
1823,12,100,2025-07-30 00:00:00,1500.00,150000.00,Delivered
1824,8,500,2025-03-10 00:00:00,450.00,225000.00,Pending
1825,7,500,2025-10-16 00:00:00,1200.00,600000.00,Shipped
1826,14,100,2025-09-21 00:00:00,380.00,38000.00,Shipped
1827,9,1000,2025-04-06 00:00:00,250.00,250000.00,Delivered
1828,14,50,2025-05-07 00:00:00,380.00,19000.00,Delivered
1829,13,1000,2026-02-02 00:00:00,2200.00,2200000.00,Shipped
1830,7,1000,2025-09-27 00:00:00,1200.00,1200000.00,Shipped
1831,7,100,2026-03-13 00:00:00,1200.00,120000.00,Delivered
1832,1,250,2025-09-24 00:00:00,8500.00,2125000.00,Shipped
1833,2,500,2025-09-18 00:00:00,6800.00,3400000.00,Shipped
1834,2,250,2025-07-27 00:00:00,6800.00,1700000.00,Delivered
1835,13,1000,2026-03-04 00:00:00,2200.00,2200000.00,Delivered
1836,9,100,2025-12-28 00:00:00,250.00,25000.00,Delivered
1837,1,1000,2025-10-06 00:00:00,8500.00,8500000.00,Delivered
1838,14,50,2025-03-23 00:00:00,380.00,19000.00,Shipped
1839,6,500,2025-12-16 00:00:00,3900.00,1950000.00,Shipped
1840,11,1000,2025-05-04 00:00:00,800.00,800000.00,Delivered
1841,14,500,2026-01-28 00:00:00,380.00,190000.00,Delivered
1842,4,250,2025-01-22 00:00:00,2400.00,600000.00,Delivered
1843,8,50,2025-12-23 00:00:00,450.00,22500.00,Delivered
1844,7,50,2025-10-09 00:00:00,1200.00,60000.00,Pending
1845,7,250,2025-04-25 00:00:00,1200.00,300000.00,Delivered
1846,7,1000,2025-03-22 00:00:00,1200.00,1200000.00,Pending
1847,8,100,2025-10-28 00:00:00,450.00,45000.00,Delivered
1848,4,250,2025-09-05 00:00:00,2400.00,600000.00,Delivered
1849,9,500,2025-06-21 00:00:00,250.00,125000.00,Delivered
1850,13,1000,2025-05-13 00:00:00,2200.00,2200000.00,Pending
1851,13,250,2025-02-01 00:00:00,2200.00,550000.00,Shipped
1852,4,500,2025-04-03 00:00:00,2400.00,1200000.00,Delivered
1853,6,50,2025-05-14 00:00:00,3900.00,195000.00,Delivered
1854,14,1000,2025-10-25 00:00:00,380.00,380000.00,Shipped
1855,1,1000,2025-02-26 00:00:00,8500.00,8500000.00,Delivered
1856,14,50,2025-02-14 00:00:00,380.00,19000.00,Delivered
1857,12,1000,2025-03-20 00:00:00,1500.00,1500000.00,Shipped
1858,8,50,2025-12-05 00:00:00,450.00,22500.00,Delivered
1859,8,250,2025-05-09 00:00:00,450.00,112500.00,Shipped
1860,7,100,2026-02-03 00:00:00,1200.00,120000.00,Delivered
1861,5,250,2025-02-26 00:00:00,2800.00,700000.00,Shipped
1862,10,500,2025-10-02 00:00:00,180.00,90000.00,Delivered
1863,9,100,2025-01-20 00:00:00,250.00,25000.00,Delivered
1864,8,100,2025-12-17 00:00:00,450.00,45000.00,Delivered
1865,2,250,2025-11-01 00:00:00,6800.00,1700000.00,Shipped
1866,13,100,2025-05-12 00:00:00,2200.00,220000.00,Shipped
1867,7,250,2025-01-04 00:00:00,1200.00,300000.00,Shipped
1868,10,500,2025-08-07 00:00:00,180.00,90000.00,Delivered
1869,14,1000,2025-11-15 00:00:00,380.00,380000.00,Delivered
1870,6,100,2025-10-19 00:00:00,3900.00,390000.00,Pending
1871,12,1000,2026-03-11 00:00:00,1500.00,1500000.00,Delivered
1872,14,50,2026-02-08 00:00:00,380.00,19000.00,Shipped
1873,11,1000,2026-02-17 00:00:00,800.00,800000.00,Delivered
1874,7,50,2025-01-03 00:00:00,1200.00,60000.00,Delivered
1875,5,500,2025-01-26 00:00:00,2800.00,1400000.00,Delivered
1876,10,500,2025-09-06 00:00:00,180.00,90000.00,Pending
1877,4,50,2025-02-25 00:00:00,2400.00,120000.00,Delivered
1878,14,500,2025-06-22 00:00:00,380.00,190000.00,Delivered
1879,2,250,2025-03-02 00:00:00,6800.00,1700000.00,Pending
1880,3,500,2025-08-03 00:00:00,4900.00,2450000.00,Delivered
1881,6,1000,2025-03-21 00:00:00,3900.00,3900000.00,Pending
1882,4,500,2025-07-29 00:00:00,2400.00,1200000.00,Delivered
1883,3,100,2025-05-28 00:00:00,4900.00,490000.00,Shipped
1884,3,100,2025-03-14 00:00:00,4900.00,490000.00,Pending
1885,3,250,2025-06-01 00:00:00,4900.00,1225000.00,Delivered
1886,14,50,2025-05-31 00:00:00,380.00,19000.00,Delivered
1887,8,100,2025-03-12 00:00:00,450.00,45000.00,Delivered
1888,14,500,2025-10-02 00:00:00,380.00,190000.00,Delivered
1889,10,1000,2025-11-28 00:00:00,180.00,180000.00,Pending
1890,10,500,2025-11-17 00:00:00,180.00,90000.00,Delivered
1891,12,250,2026-03-06 00:00:00,1500.00,375000.00,Delivered
1892,14,100,2025-10-10 00:00:00,380.00,38000.00,Pending
1893,8,250,2026-01-04 00:00:00,450.00,112500.00,Shipped
1894,12,500,2025-05-02 00:00:00,1500.00,750000.00,Shipped
1895,7,500,2025-03-10 00:00:00,1200.00,600000.00,Pending
1896,5,250,2025-01-08 00:00:00,2800.00,700000.00,Delivered
1897,2,500,2025-01-14 00:00:00,6800.00,3400000.00,Shipped
1898,12,250,2025-06-13 00:00:00,1500.00,375000.00,Delivered
1899,12,1000,2025-10-08 00:00:00,1500.00,1500000.00,Pending
1900,12,250,2025-06-05 00:00:00,1500.00,375000.00,Delivered
1901,1,500,2025-09-06 00:00:00,8500.00,4250000.00,Shipped
1902,3,500,2026-01-05 00:00:00,4900.00,2450000.00,Pending
1903,8,50,2025-08-17 00:00:00,450.00,22500.00,Shipped
1904,1,50,2026-01-24 00:00:00,8500.00,425000.00,Pending
1905,6,500,2025-03-16 00:00:00,3900.00,1950000.00,Shipped
1906,10,100,2025-06-10 00:00:00,180.00,18000.00,Pending
1907,13,50,2025-02-26 00:00:00,2200.00,110000.00,Delivered
1908,2,250,2025-02-26 00:00:00,6800.00,1700000.00,Delivered
1909,4,250,2026-03-19 00:00:00,2400.00,600000.00,Pending
1910,9,50,2025-12-20 00:00:00,250.00,12500.00,Shipped
1911,2,500,2025-06-24 00:00:00,6800.00,3400000.00,Shipped
1912,8,1000,2026-02-13 00:00:00,450.00,450000.00,Shipped
1913,4,500,2025-02-04 00:00:00,2400.00,1200000.00,Shipped
1914,4,1000,2025-08-21 00:00:00,2400.00,2400000.00,Delivered
1915,12,1000,2025-01-29 00:00:00,1500.00,1500000.00,Delivered
1916,10,50,2025-03-22 00:00:00,180.00,9000.00,Delivered
1917,3,1000,2025-05-18 00:00:00,4900.00,4900000.00,Pending
1918,9,50,2025-05-21 00:00:00,250.00,12500.00,Shipped
1919,11,500,2025-08-06 00:00:00,800.00,400000.00,Pending
1920,12,500,2025-07-20 00:00:00,1500.00,750000.00,Delivered
1921,6,1000,2025-10-15 00:00:00,3900.00,3900000.00,Pending
1922,1,500,2025-08-04 00:00:00,8500.00,4250000.00,Shipped
1923,4,250,2025-02-07 00:00:00,2400.00,600000.00,Shipped
1924,12,1000,2025-12-22 00:00:00,1500.00,1500000.00,Pending
1925,9,250,2025-11-04 00:00:00,250.00,62500.00,Delivered
1926,9,250,2025-03-18 00:00:00,250.00,62500.00,Pending
1927,13,250,2025-12-06 00:00:00,2200.00,550000.00,Pending
1928,6,100,2025-06-14 00:00:00,3900.00,390000.00,Delivered
1929,10,50,2026-03-09 00:00:00,180.00,9000.00,Pending
1930,4,500,2025-03-23 00:00:00,2400.00,1200000.00,Shipped
1931,11,500,2026-03-21 00:00:00,800.00,400000.00,Delivered
1932,7,50,2025-08-16 00:00:00,1200.00,60000.00,Delivered
1933,5,100,2025-11-10 00:00:00,2800.00,280000.00,Pending
1934,3,100,2025-04-22 00:00:00,4900.00,490000.00,Delivered
1935,9,500,2025-11-10 00:00:00,250.00,125000.00,Delivered
1936,14,100,2025-11-11 00:00:00,380.00,38000.00,Delivered
1937,9,1000,2025-06-12 00:00:00,250.00,250000.00,Shipped
1938,3,250,2025-01-29 00:00:00,4900.00,1225000.00,Shipped
1939,9,1000,2026-02-28 00:00:00,250.00,250000.00,Shipped
1940,5,50,2025-08-09 00:00:00,2800.00,140000.00,Pending
1941,14,100,2025-09-14 00:00:00,380.00,38000.00,Shipped
1942,7,50,2025-07-12 00:00:00,1200.00,60000.00,Delivered
1943,2,250,2026-02-14 00:00:00,6800.00,1700000.00,Shipped
1944,13,100,2025-02-11 00:00:00,2200.00,220000.00,Shipped
1945,14,1000,2025-07-01 00:00:00,380.00,380000.00,Shipped
1946,2,250,2025-05-23 00:00:00,6800.00,1700000.00,Delivered
1947,4,50,2025-07-14 00:00:00,2400.00,120000.00,Pending
1948,8,50,2025-07-04 00:00:00,450.00,22500.00,Delivered
1949,8,500,2025-01-20 00:00:00,450.00,225000.00,Shipped
1950,6,1000,2025-02-19 00:00:00,3900.00,3900000.00,Delivered
1951,4,1000,2025-07-01 00:00:00,2400.00,2400000.00,Delivered
1952,14,500,2025-03-15 00:00:00,380.00,190000.00,Delivered
1953,10,500,2025-08-10 00:00:00,180.00,90000.00,Shipped
1954,13,500,2026-01-29 00:00:00,2200.00,1100000.00,Delivered
1955,13,100,2025-02-10 00:00:00,2200.00,220000.00,Pending
1956,9,50,2026-03-07 00:00:00,250.00,12500.00,Delivered
1957,8,100,2025-07-19 00:00:00,450.00,45000.00,Delivered
1958,3,50,2025-08-20 00:00:00,4900.00,245000.00,Pending
1959,9,250,2025-08-21 00:00:00,250.00,62500.00,Delivered
1960,9,50,2025-10-25 00:00:00,250.00,12500.00,Pending
1961,5,1000,2025-07-06 00:00:00,2800.00,2800000.00,Pending
1962,14,1000,2025-07-24 00:00:00,380.00,380000.00,Delivered
1963,2,1000,2026-02-03 00:00:00,6800.00,6800000.00,Shipped
1964,2,250,2025-04-16 00:00:00,6800.00,1700000.00,Delivered
1965,1,1000,2025-04-07 00:00:00,8500.00,8500000.00,Delivered
1966,12,1000,2026-03-07 00:00:00,1500.00,1500000.00,Shipped
1967,12,250,2025-03-13 00:00:00,1500.00,375000.00,Pending
1968,4,250,2025-06-01 00:00:00,2400.00,600000.00,Pending
1969,7,50,2025-11-20 00:00:00,1200.00,60000.00,Shipped
1970,8,250,2026-02-06 00:00:00,450.00,112500.00,Shipped
1971,10,1000,2025-06-15 00:00:00,180.00,180000.00,Delivered
1972,6,500,2025-07-02 00:00:00,3900.00,1950000.00,Pending
1973,3,500,2025-07-31 00:00:00,4900.00,2450000.00,Delivered
1974,13,250,2025-03-18 00:00:00,2200.00,550000.00,Pending
1975,12,250,2026-01-04 00:00:00,1500.00,375000.00,Delivered
1976,9,500,2025-09-30 00:00:00,250.00,125000.00,Delivered
1977,10,1000,2025-10-19 00:00:00,180.00,180000.00,Delivered
1978,13,500,2026-01-06 00:00:00,2200.00,1100000.00,Pending
1979,4,250,2025-02-26 00:00:00,2400.00,600000.00,Delivered
1980,2,500,2026-01-21 00:00:00,6800.00,3400000.00,Pending
1981,9,100,2026-01-16 00:00:00,250.00,25000.00,Delivered
1982,13,50,2026-01-10 00:00:00,2200.00,110000.00,Delivered
1983,12,100,2025-12-01 00:00:00,1500.00,150000.00,Delivered
1984,4,50,2025-10-12 00:00:00,2400.00,120000.00,Delivered
1985,2,50,2026-02-28 00:00:00,6800.00,340000.00,Delivered
1986,7,100,2025-09-24 00:00:00,1200.00,120000.00,Pending
1987,1,50,2025-11-09 00:00:00,8500.00,425000.00,Pending
1988,7,500,2025-08-27 00:00:00,1200.00,600000.00,Pending
1989,9,500,2025-07-12 00:00:00,250.00,125000.00,Delivered
1990,10,50,2025-10-01 00:00:00,180.00,9000.00,Pending
1991,14,250,2025-07-13 00:00:00,380.00,95000.00,Shipped
1992,11,250,2025-10-19 00:00:00,800.00,200000.00,Delivered
1993,1,1000,2026-03-02 00:00:00,8500.00,8500000.00,Shipped
1994,1,1000,2025-01-13 00:00:00,8500.00,8500000.00,Shipped
1995,11,100,2025-06-11 00:00:00,800.00,80000.00,Delivered
1996,13,500,2025-05-06 00:00:00,2200.00,1100000.00,Pending
1997,14,500,2026-01-09 00:00:00,380.00,190000.00,Pending
1998,14,50,2026-02-20 00:00:00,380.00,19000.00,Pending
1999,14,50,2025-04-07 00:00:00,380.00,19000.00,Delivered
2000,7,50,2025-08-12 00:00:00,1200.00,60000.00,Pending
2001,13,100,2026-02-28 00:00:00,2200.00,220000.00,Shipped
2002,1,1000,2025-07-24 00:00:00,8500.00,8500000.00,Delivered
2003,11,100,2026-02-08 00:00:00,800.00,80000.00,Pending
2004,13,50,2025-07-14 00:00:00,2200.00,110000.00,Pending
2005,6,100,2025-08-06 00:00:00,3900.00,390000.00,Delivered
2006,1,100,2026-01-22 00:00:00,8500.00,850000.00,Shipped
2007,9,500,2025-11-22 00:00:00,250.00,125000.00,Pending
2008,13,250,2025-10-05 00:00:00,2200.00,550000.00,Pending
2009,8,1000,2025-08-21 00:00:00,450.00,450000.00,Pending
2010,14,50,2025-09-27 00:00:00,380.00,19000.00,Delivered
2011,6,250,2025-07-04 00:00:00,3900.00,975000.00,Shipped
2012,2,100,2025-05-30 00:00:00,6800.00,680000.00,Pending
2013,2,500,2025-12-21 00:00:00,6800.00,3400000.00,Shipped
2014,6,500,2025-06-07 00:00:00,3900.00,1950000.00,Pending
2015,1,100,2026-01-06 00:00:00,8500.00,850000.00,Shipped
2016,7,250,2025-04-16 00:00:00,1200.00,300000.00,Shipped
2017,4,1000,2025-10-31 00:00:00,2400.00,2400000.00,Delivered
2018,1,50,2025-07-30 00:00:00,8500.00,425000.00,Delivered
2019,13,50,2025-03-12 00:00:00,2200.00,110000.00,Pending
2020,6,250,2025-12-14 00:00:00,3900.00,975000.00,Delivered
2021,10,500,2025-12-29 00:00:00,180.00,90000.00,Pending
2022,4,250,2025-09-04 00:00:00,2400.00,600000.00,Delivered
2023,5,1000,2025-06-19 00:00:00,2800.00,2800000.00,Pending
2024,11,500,2026-01-10 00:00:00,800.00,400000.00,Shipped
2025,4,50,2025-01-31 00:00:00,2400.00,120000.00,Pending
2026,6,100,2025-07-14 00:00:00,3900.00,390000.00,Delivered
2027,10,250,2026-03-19 00:00:00,180.00,45000.00,Shipped
2028,1,500,2025-02-09 00:00:00,8500.00,4250000.00,Delivered
2029,3,1000,2025-07-15 00:00:00,4900.00,4900000.00,Delivered
2030,11,50,2025-02-16 00:00:00,800.00,40000.00,Shipped
2031,9,100,2025-12-09 00:00:00,250.00,25000.00,Pending
2032,7,1000,2025-07-22 00:00:00,1200.00,1200000.00,Shipped
2033,14,1000,2025-01-09 00:00:00,380.00,380000.00,Pending
2034,8,50,2025-02-12 00:00:00,450.00,22500.00,Delivered
2035,2,1000,2025-10-07 00:00:00,6800.00,6800000.00,Shipped
2036,11,250,2025-03-08 00:00:00,800.00,200000.00,Shipped
2037,1,500,2025-03-24 00:00:00,8500.00,4250000.00,Delivered
2038,4,100,2025-05-05 00:00:00,2400.00,240000.00,Delivered
2039,14,100,2025-02-16 00:00:00,380.00,38000.00,Shipped
2040,9,250,2025-07-04 00:00:00,250.00,62500.00,Pending
2041,9,250,2025-08-27 00:00:00,250.00,62500.00,Pending
2042,12,100,2025-05-21 00:00:00,1500.00,150000.00,Delivered
2043,5,500,2025-01-18 00:00:00,2800.00,1400000.00,Shipped
2044,9,1000,2026-02-06 00:00:00,250.00,250000.00,Shipped
2045,6,250,2025-06-18 00:00:00,3900.00,975000.00,Shipped
2046,8,500,2025-01-27 00:00:00,450.00,225000.00,Pending
2047,14,1000,2025-04-25 00:00:00,380.00,380000.00,Pending
2048,6,100,2025-05-19 00:00:00,3900.00,390000.00,Pending
2049,6,50,2025-01-24 00:00:00,3900.00,195000.00,Delivered
2050,12,50,2025-01-26 00:00:00,1500.00,75000.00,Delivered
2051,9,100,2025-04-04 00:00:00,250.00,25000.00,Shipped
2052,9,100,2025-04-10 00:00:00,250.00,25000.00,Shipped
2053,9,500,2026-01-31 00:00:00,250.00,125000.00,Shipped
2054,6,1000,2025-07-29 00:00:00,3900.00,3900000.00,Shipped
2055,5,1000,2025-06-27 00:00:00,2800.00,2800000.00,Pending
2056,6,50,2025-12-18 00:00:00,3900.00,195000.00,Shipped
2057,1,1000,2025-09-24 00:00:00,8500.00,8500000.00,Pending
2058,12,1000,2025-07-31 00:00:00,1500.00,1500000.00,Delivered
2059,11,50,2025-01-11 00:00:00,800.00,40000.00,Delivered
2060,3,1000,2025-10-03 00:00:00,4900.00,4900000.00,Shipped
2061,10,250,2025-06-28 00:00:00,180.00,45000.00,Delivered
2062,3,50,2025-04-22 00:00:00,4900.00,245000.00,Shipped
2063,1,50,2026-01-13 00:00:00,8500.00,425000.00,Delivered
2064,14,500,2025-05-26 00:00:00,380.00,190000.00,Delivered
2065,13,50,2025-07-04 00:00:00,2200.00,110000.00,Shipped
2066,4,500,2026-03-16 00:00:00,2400.00,1200000.00,Shipped
2067,12,1000,2025-07-26 00:00:00,1500.00,1500000.00,Delivered
2068,1,100,2026-01-22 00:00:00,8500.00,850000.00,Shipped
2069,11,250,2025-06-19 00:00:00,800.00,200000.00,Delivered
2070,9,250,2025-07-19 00:00:00,250.00,62500.00,Delivered
2071,6,500,2025-07-11 00:00:00,3900.00,1950000.00,Pending
2072,4,1000,2025-02-17 00:00:00,2400.00,2400000.00,Pending
2073,1,50,2025-04-20 00:00:00,8500.00,425000.00,Delivered
2074,1,500,2025-02-19 00:00:00,8500.00,4250000.00,Delivered
2075,1,100,2025-06-21 00:00:00,8500.00,850000.00,Pending
2076,7,500,2025-01-15 00:00:00,1200.00,600000.00,Pending
2077,6,250,2025-06-29 00:00:00,3900.00,975000.00,Pending
2078,11,250,2025-08-01 00:00:00,800.00,200000.00,Delivered
2079,10,500,2025-09-26 00:00:00,180.00,90000.00,Shipped
2080,7,500,2025-10-28 00:00:00,1200.00,600000.00,Shipped
2081,6,250,2025-05-21 00:00:00,3900.00,975000.00,Shipped
2082,11,50,2025-01-02 00:00:00,800.00,40000.00,Pending
2083,14,50,2026-02-19 00:00:00,380.00,19000.00,Pending
2084,9,500,2025-04-29 00:00:00,250.00,125000.00,Shipped
2085,5,50,2025-06-30 00:00:00,2800.00,140000.00,Delivered
2086,11,50,2026-03-05 00:00:00,800.00,40000.00,Shipped
2087,4,50,2025-10-05 00:00:00,2400.00,120000.00,Delivered
2088,6,100,2026-02-17 00:00:00,3900.00,390000.00,Shipped
2089,6,250,2025-08-27 00:00:00,3900.00,975000.00,Delivered
2090,3,100,2025-06-05 00:00:00,4900.00,490000.00,Delivered
2091,12,100,2025-06-05 00:00:00,1500.00,150000.00,Shipped
2092,3,250,2026-01-02 00:00:00,4900.00,1225000.00,Delivered
2093,11,1000,2026-03-04 00:00:00,800.00,800000.00,Delivered
2094,7,500,2025-04-17 00:00:00,1200.00,600000.00,Delivered
2095,7,1000,2025-03-30 00:00:00,1200.00,1200000.00,Delivered
2096,4,1000,2026-02-05 00:00:00,2400.00,2400000.00,Delivered
2097,8,250,2026-03-10 00:00:00,450.00,112500.00,Pending
2098,6,50,2025-12-31 00:00:00,3900.00,195000.00,Delivered
2099,3,1000,2025-09-18 00:00:00,4900.00,4900000.00,Delivered
2100,8,1000,2025-11-01 00:00:00,450.00,450000.00,Pending
2101,9,1000,2025-01-12 00:00:00,250.00,250000.00,Pending
2102,14,500,2025-06-07 00:00:00,380.00,190000.00,Delivered
2103,5,50,2025-12-04 00:00:00,2800.00,140000.00,Pending
2104,6,500,2025-02-28 00:00:00,3900.00,1950000.00,Pending
2105,10,250,2026-03-03 00:00:00,180.00,45000.00,Delivered
2106,7,100,2025-05-30 00:00:00,1200.00,120000.00,Delivered
2107,8,500,2026-01-02 00:00:00,450.00,225000.00,Delivered
2108,9,500,2025-03-28 00:00:00,250.00,125000.00,Pending
2109,4,1000,2025-01-23 00:00:00,2400.00,2400000.00,Delivered
2110,11,500,2025-09-08 00:00:00,800.00,400000.00,Delivered
2111,6,100,2025-03-08 00:00:00,3900.00,390000.00,Shipped
2112,8,100,2026-01-25 00:00:00,450.00,45000.00,Delivered
2113,10,500,2025-06-28 00:00:00,180.00,90000.00,Shipped
2114,2,100,2025-07-27 00:00:00,6800.00,680000.00,Pending
2115,8,250,2025-11-13 00:00:00,450.00,112500.00,Delivered
2116,7,500,2025-01-31 00:00:00,1200.00,600000.00,Delivered
2117,2,500,2025-08-03 00:00:00,6800.00,3400000.00,Shipped
2118,4,50,2025-07-20 00:00:00,2400.00,120000.00,Delivered
2119,10,100,2026-01-01 00:00:00,180.00,18000.00,Pending
2120,10,500,2025-07-24 00:00:00,180.00,90000.00,Delivered
2121,6,500,2025-03-16 00:00:00,3900.00,1950000.00,Delivered
2122,14,1000,2025-01-19 00:00:00,380.00,380000.00,Delivered
2123,3,250,2025-04-25 00:00:00,4900.00,1225000.00,Delivered
2124,6,1000,2025-01-10 00:00:00,3900.00,3900000.00,Shipped
2125,10,500,2026-03-08 00:00:00,180.00,90000.00,Pending
2126,4,500,2025-06-20 00:00:00,2400.00,1200000.00,Pending
2127,5,250,2026-01-29 00:00:00,2800.00,700000.00,Delivered
2128,14,100,2025-05-13 00:00:00,380.00,38000.00,Pending
2129,12,500,2025-08-18 00:00:00,1500.00,750000.00,Shipped
2130,3,50,2026-03-10 00:00:00,4900.00,245000.00,Pending
2131,11,50,2025-11-12 00:00:00,800.00,40000.00,Shipped
2132,12,100,2025-04-02 00:00:00,1500.00,150000.00,Pending
2133,13,50,2025-12-27 00:00:00,2200.00,110000.00,Delivered
2134,4,100,2025-05-12 00:00:00,2400.00,240000.00,Delivered
2135,12,1000,2026-01-17 00:00:00,1500.00,1500000.00,Delivered
2136,2,100,2025-08-27 00:00:00,6800.00,680000.00,Shipped
2137,10,1000,2025-11-16 00:00:00,180.00,180000.00,Delivered
2138,12,50,2025-09-30 00:00:00,1500.00,75000.00,Delivered
2139,3,1000,2025-07-02 00:00:00,4900.00,4900000.00,Pending
2140,12,500,2026-02-09 00:00:00,1500.00,750000.00,Delivered
2141,6,100,2025-09-23 00:00:00,3900.00,390000.00,Delivered
2142,4,500,2025-04-21 00:00:00,2400.00,1200000.00,Shipped
2143,11,1000,2025-04-25 00:00:00,800.00,800000.00,Pending
2144,8,100,2025-06-05 00:00:00,450.00,45000.00,Delivered
2145,8,50,2025-02-06 00:00:00,450.00,22500.00,Delivered
2146,9,100,2026-01-06 00:00:00,250.00,25000.00,Delivered
2147,13,500,2026-01-08 00:00:00,2200.00,1100000.00,Delivered
2148,12,1000,2025-05-05 00:00:00,1500.00,1500000.00,Delivered
2149,13,50,2025-10-09 00:00:00,2200.00,110000.00,Shipped
2150,10,500,2025-07-13 00:00:00,180.00,90000.00,Pending
2151,1,50,2025-11-24 00:00:00,8500.00,425000.00,Delivered
2152,6,500,2025-06-08 00:00:00,3900.00,1950000.00,Shipped
2153,9,50,2026-03-12 00:00:00,250.00,12500.00,Delivered
2154,8,50,2025-04-11 00:00:00,450.00,22500.00,Delivered
2155,9,50,2025-07-19 00:00:00,250.00,12500.00,Pending
2156,11,1000,2025-09-06 00:00:00,800.00,800000.00,Delivered
2157,8,1000,2025-06-20 00:00:00,450.00,450000.00,Pending
2158,2,250,2026-03-27 00:00:00,6800.00,1700000.00,Delivered
2159,9,50,2025-08-12 00:00:00,250.00,12500.00,Shipped
2160,10,250,2025-12-03 00:00:00,180.00,45000.00,Delivered
2161,12,500,2025-02-14 00:00:00,1500.00,750000.00,Delivered
2162,6,250,2025-07-11 00:00:00,3900.00,975000.00,Shipped
2163,6,100,2025-10-06 00:00:00,3900.00,390000.00,Shipped
2164,7,500,2025-04-15 00:00:00,1200.00,600000.00,Shipped
2165,13,1000,2025-03-25 00:00:00,2200.00,2200000.00,Delivered
2166,13,100,2025-12-29 00:00:00,2200.00,220000.00,Delivered
2167,3,500,2025-07-29 00:00:00,4900.00,2450000.00,Pending
2168,4,50,2025-02-14 00:00:00,2400.00,120000.00,Shipped
2169,12,50,2026-01-24 00:00:00,1500.00,75000.00,Delivered
2170,11,250,2025-01-12 00:00:00,800.00,200000.00,Delivered
2171,1,250,2025-09-12 00:00:00,8500.00,2125000.00,Delivered
2172,11,100,2025-11-10 00:00:00,800.00,80000.00,Shipped
2173,13,500,2025-04-20 00:00:00,2200.00,1100000.00,Delivered
2174,6,500,2025-02-01 00:00:00,3900.00,1950000.00,Shipped
2175,5,100,2025-09-07 00:00:00,2800.00,280000.00,Shipped
2176,6,1000,2025-08-11 00:00:00,3900.00,3900000.00,Delivered
2177,5,50,2025-01-16 00:00:00,2800.00,140000.00,Delivered
2178,6,50,2025-12-15 00:00:00,3900.00,195000.00,Delivered
2179,8,50,2025-12-15 00:00:00,450.00,22500.00,Pending
2180,14,500,2025-08-25 00:00:00,380.00,190000.00,Pending
2181,4,500,2025-09-21 00:00:00,2400.00,1200000.00,Shipped
2182,11,500,2025-12-26 00:00:00,800.00,400000.00,Shipped
2183,8,500,2025-11-10 00:00:00,450.00,225000.00,Delivered
2184,11,100,2025-10-06 00:00:00,800.00,80000.00,Delivered
2185,13,50,2025-05-23 00:00:00,2200.00,110000.00,Delivered
2186,11,50,2026-01-11 00:00:00,800.00,40000.00,Delivered
2187,14,1000,2025-10-12 00:00:00,380.00,380000.00,Delivered
2188,10,250,2025-09-18 00:00:00,180.00,45000.00,Pending
2189,14,50,2025-06-17 00:00:00,380.00,19000.00,Delivered
2190,10,500,2025-07-17 00:00:00,180.00,90000.00,Shipped
2191,7,1000,2026-01-25 00:00:00,1200.00,1200000.00,Shipped
2192,13,500,2025-12-03 00:00:00,2200.00,1100000.00,Delivered
2193,2,50,2026-01-22 00:00:00,6800.00,340000.00,Pending
2194,1,50,2025-05-16 00:00:00,8500.00,425000.00,Pending
2195,9,1000,2025-07-14 00:00:00,250.00,250000.00,Delivered
2196,12,1000,2026-01-30 00:00:00,1500.00,1500000.00,Shipped
2197,9,50,2025-05-01 00:00:00,250.00,12500.00,Shipped
2198,7,250,2025-02-11 00:00:00,1200.00,300000.00,Pending
2199,9,250,2025-11-29 00:00:00,250.00,62500.00,Shipped
2200,2,500,2025-12-10 00:00:00,6800.00,3400000.00,Delivered
2201,2,500,2026-02-05 00:00:00,6800.00,3400000.00,Delivered
2202,14,100,2025-05-23 00:00:00,380.00,38000.00,Shipped
2203,1,50,2025-06-17 00:00:00,8500.00,425000.00,Delivered
2204,4,100,2025-09-29 00:00:00,2400.00,240000.00,Shipped
2205,1,250,2025-09-25 00:00:00,8500.00,2125000.00,Delivered
2206,3,1000,2025-08-10 00:00:00,4900.00,4900000.00,Shipped
2207,3,100,2025-12-18 00:00:00,4900.00,490000.00,Pending
2208,11,500,2025-08-13 00:00:00,800.00,400000.00,Delivered
2209,6,100,2025-02-25 00:00:00,3900.00,390000.00,Delivered
2210,4,1000,2026-01-18 00:00:00,2400.00,2400000.00,Shipped
2211,2,1000,2026-01-07 00:00:00,6800.00,6800000.00,Shipped
2212,10,1000,2025-11-30 00:00:00,180.00,180000.00,Pending
2213,13,250,2025-06-09 00:00:00,2200.00,550000.00,Shipped
2214,9,50,2025-08-28 00:00:00,250.00,12500.00,Pending
2215,4,1000,2025-06-06 00:00:00,2400.00,2400000.00,Shipped
2216,14,500,2026-01-21 00:00:00,380.00,190000.00,Shipped
2217,6,500,2025-12-09 00:00:00,3900.00,1950000.00,Delivered
2218,3,250,2026-01-23 00:00:00,4900.00,1225000.00,Delivered
2219,5,250,2025-07-04 00:00:00,2800.00,700000.00,Pending
2220,3,1000,2025-01-03 00:00:00,4900.00,4900000.00,Shipped
2221,6,1000,2025-11-30 00:00:00,3900.00,3900000.00,Shipped
2222,3,50,2026-01-31 00:00:00,4900.00,245000.00,Delivered
2223,2,250,2026-02-17 00:00:00,6800.00,1700000.00,Pending
2224,11,100,2025-04-21 00:00:00,800.00,80000.00,Pending
2225,12,100,2026-03-03 00:00:00,1500.00,150000.00,Delivered
2226,3,50,2025-12-30 00:00:00,4900.00,245000.00,Delivered
2227,10,1000,2025-12-09 00:00:00,180.00,180000.00,Pending
2228,12,500,2025-09-30 00:00:00,1500.00,750000.00,Delivered
2229,4,500,2025-03-20 00:00:00,2400.00,1200000.00,Delivered
2230,1,500,2025-07-09 00:00:00,8500.00,4250000.00,Shipped
2231,3,100,2025-07-01 00:00:00,4900.00,490000.00,Shipped
2232,11,250,2025-03-26 00:00:00,800.00,200000.00,Delivered
2233,7,100,2025-01-16 00:00:00,1200.00,120000.00,Delivered
2234,8,1000,2026-03-21 00:00:00,450.00,450000.00,Pending
2235,13,250,2025-09-16 00:00:00,2200.00,550000.00,Pending
2236,10,1000,2025-12-04 00:00:00,180.00,180000.00,Pending
2237,8,250,2025-06-14 00:00:00,450.00,112500.00,Shipped
2238,5,250,2025-06-25 00:00:00,2800.00,700000.00,Shipped
2239,8,50,2025-08-14 00:00:00,450.00,22500.00,Delivered
2240,9,1000,2025-09-11 00:00:00,250.00,250000.00,Shipped
2241,6,50,2026-03-08 00:00:00,3900.00,195000.00,Delivered
2242,14,1000,2025-06-10 00:00:00,380.00,380000.00,Delivered
2243,7,100,2025-07-01 00:00:00,1200.00,120000.00,Delivered
2244,10,50,2025-05-01 00:00:00,180.00,9000.00,Delivered
2245,5,100,2025-07-06 00:00:00,2800.00,280000.00,Delivered
2246,14,1000,2025-06-14 00:00:00,380.00,380000.00,Delivered
2247,8,1000,2026-03-11 00:00:00,450.00,450000.00,Shipped
2248,11,1000,2025-12-16 00:00:00,800.00,800000.00,Delivered
2249,3,500,2025-07-23 00:00:00,4900.00,2450000.00,Pending
2250,6,500,2025-03-03 00:00:00,3900.00,1950000.00,Shipped
2251,11,500,2025-05-23 00:00:00,800.00,400000.00,Shipped
2252,6,1000,2025-02-19 00:00:00,3900.00,3900000.00,Pending
2253,12,100,2025-07-30 00:00:00,1500.00,150000.00,Delivered
2254,2,100,2026-02-02 00:00:00,6800.00,680000.00,Pending
2255,10,1000,2025-09-01 00:00:00,180.00,180000.00,Delivered
2256,5,100,2026-01-13 00:00:00,2800.00,280000.00,Delivered
2257,1,50,2025-11-09 00:00:00,8500.00,425000.00,Delivered
2258,12,1000,2025-04-10 00:00:00,1500.00,1500000.00,Pending
2259,8,250,2025-06-21 00:00:00,450.00,112500.00,Delivered
2260,11,100,2025-04-13 00:00:00,800.00,80000.00,Delivered
2261,10,250,2025-12-08 00:00:00,180.00,45000.00,Delivered
2262,5,250,2026-01-01 00:00:00,2800.00,700000.00,Shipped
2263,8,1000,2025-09-12 00:00:00,450.00,450000.00,Pending
2264,12,250,2026-03-10 00:00:00,1500.00,375000.00,Pending
2265,5,1000,2025-06-14 00:00:00,2800.00,2800000.00,Delivered
2266,3,500,2025-10-29 00:00:00,4900.00,2450000.00,Pending
2267,2,250,2025-05-25 00:00:00,6800.00,1700000.00,Pending
2268,1,100,2025-05-12 00:00:00,8500.00,850000.00,Delivered
2269,9,100,2025-08-27 00:00:00,250.00,25000.00,Shipped
2270,6,500,2026-03-11 00:00:00,3900.00,1950000.00,Pending
2271,3,1000,2025-12-16 00:00:00,4900.00,4900000.00,Delivered
2272,6,1000,2025-03-27 00:00:00,3900.00,3900000.00,Delivered
2273,11,250,2025-09-30 00:00:00,800.00,200000.00,Delivered
2274,1,250,2025-12-22 00:00:00,8500.00,2125000.00,Pending
2275,7,50,2026-02-27 00:00:00,1200.00,60000.00,Delivered
2276,12,500,2025-02-15 00:00:00,1500.00,750000.00,Delivered
2277,10,1000,2026-03-03 00:00:00,180.00,180000.00,Delivered
2278,2,500,2026-02-11 00:00:00,6800.00,3400000.00,Delivered
2279,10,50,2025-01-30 00:00:00,180.00,9000.00,Shipped
2280,12,500,2025-04-24 00:00:00,1500.00,750000.00,Pending
2281,13,250,2025-04-02 00:00:00,2200.00,550000.00,Delivered
2282,6,100,2025-05-18 00:00:00,3900.00,390000.00,Delivered
2283,4,250,2025-07-27 00:00:00,2400.00,600000.00,Delivered
2284,3,1000,2025-08-03 00:00:00,4900.00,4900000.00,Delivered
2285,6,1000,2025-10-07 00:00:00,3900.00,3900000.00,Shipped
2286,3,500,2025-07-07 00:00:00,4900.00,2450000.00,Pending
2287,12,250,2026-03-02 00:00:00,1500.00,375000.00,Pending
2288,5,500,2025-04-12 00:00:00,2800.00,1400000.00,Delivered
2289,4,250,2025-12-02 00:00:00,2400.00,600000.00,Shipped
2290,7,50,2026-01-29 00:00:00,1200.00,60000.00,Shipped
2291,9,500,2025-07-21 00:00:00,250.00,125000.00,Pending
2292,4,250,2026-03-08 00:00:00,2400.00,600000.00,Delivered
2293,6,500,2026-01-23 00:00:00,3900.00,1950000.00,Pending
2294,12,50,2025-12-08 00:00:00,1500.00,75000.00,Pending
2295,1,500,2025-03-05 00:00:00,8500.00,4250000.00,Delivered
2296,1,50,2025-11-21 00:00:00,8500.00,425000.00,Delivered
2297,2,1000,2025-03-07 00:00:00,6800.00,6800000.00,Pending
2298,1,500,2025-04-23 00:00:00,8500.00,4250000.00,Pending
2299,6,100,2025-08-26 00:00:00,3900.00,390000.00,Pending
2300,9,1000,2025-03-08 00:00:00,250.00,250000.00,Delivered
2301,9,50,2025-10-17 00:00:00,250.00,12500.00,Delivered
2302,12,500,2025-10-03 00:00:00,1500.00,750000.00,Pending
2303,8,250,2025-08-13 00:00:00,450.00,112500.00,Pending
2304,5,250,2025-01-13 00:00:00,2800.00,700000.00,Shipped
2305,8,1000,2025-06-26 00:00:00,450.00,450000.00,Shipped
2306,11,250,2025-04-24 00:00:00,800.00,200000.00,Shipped
2307,10,1000,2025-03-14 00:00:00,180.00,180000.00,Delivered
2308,11,250,2025-03-27 00:00:00,800.00,200000.00,Delivered
2309,2,250,2026-02-19 00:00:00,6800.00,1700000.00,Delivered
2310,6,1000,2025-02-28 00:00:00,3900.00,3900000.00,Delivered
2311,13,50,2025-08-26 00:00:00,2200.00,110000.00,Delivered
2312,10,1000,2025-10-07 00:00:00,180.00,180000.00,Shipped
2313,12,500,2025-08-01 00:00:00,1500.00,750000.00,Pending
2314,14,100,2025-06-12 00:00:00,380.00,38000.00,Delivered
2315,3,50,2025-02-08 00:00:00,4900.00,245000.00,Delivered
2316,6,250,2025-05-20 00:00:00,3900.00,975000.00,Delivered
2317,11,100,2025-10-04 00:00:00,800.00,80000.00,Delivered
2318,2,100,2025-04-29 00:00:00,6800.00,680000.00,Delivered
2319,12,100,2025-08-27 00:00:00,1500.00,150000.00,Pending
2320,14,250,2026-01-21 00:00:00,380.00,95000.00,Pending
2321,10,1000,2025-06-13 00:00:00,180.00,180000.00,Delivered
2322,7,250,2025-09-13 00:00:00,1200.00,300000.00,Delivered
2323,8,250,2026-02-09 00:00:00,450.00,112500.00,Pending
2324,2,100,2026-03-23 00:00:00,6800.00,680000.00,Shipped
2325,13,500,2026-03-24 00:00:00,2200.00,1100000.00,Shipped
2326,4,100,2026-02-23 00:00:00,2400.00,240000.00,Delivered
2327,9,1000,2025-12-28 00:00:00,250.00,250000.00,Delivered
2328,2,50,2026-02-17 00:00:00,6800.00,340000.00,Delivered
2329,4,250,2025-01-11 00:00:00,2400.00,600000.00,Delivered
2330,4,50,2025-10-30 00:00:00,2400.00,120000.00,Pending
2331,9,50,2026-01-18 00:00:00,250.00,12500.00,Delivered
2332,12,250,2025-08-22 00:00:00,1500.00,375000.00,Shipped
2333,11,1000,2025-04-10 00:00:00,800.00,800000.00,Delivered
2334,1,1000,2025-11-17 00:00:00,8500.00,8500000.00,Pending
2335,6,250,2025-04-18 00:00:00,3900.00,975000.00,Delivered
2336,14,100,2025-06-10 00:00:00,380.00,38000.00,Delivered
2337,6,100,2025-03-23 00:00:00,3900.00,390000.00,Pending
2338,9,100,2025-11-13 00:00:00,250.00,25000.00,Delivered
2339,1,250,2025-03-10 00:00:00,8500.00,2125000.00,Delivered
2340,9,1000,2025-05-30 00:00:00,250.00,250000.00,Shipped
2341,8,500,2025-07-04 00:00:00,450.00,225000.00,Pending
2342,6,50,2026-01-25 00:00:00,3900.00,195000.00,Shipped
2343,14,500,2025-03-30 00:00:00,380.00,190000.00,Delivered
2344,6,1000,2025-06-05 00:00:00,3900.00,3900000.00,Delivered
2345,2,50,2025-07-30 00:00:00,6800.00,340000.00,Delivered
2346,1,500,2025-04-04 00:00:00,8500.00,4250000.00,Shipped
2347,3,250,2025-11-11 00:00:00,4900.00,1225000.00,Delivered
2348,12,250,2025-12-23 00:00:00,1500.00,375000.00,Pending
2349,10,50,2025-09-05 00:00:00,180.00,9000.00,Delivered
2350,6,50,2025-11-08 00:00:00,3900.00,195000.00,Pending
2351,3,250,2025-12-03 00:00:00,4900.00,1225000.00,Delivered
2352,6,50,2026-03-27 00:00:00,3900.00,195000.00,Delivered
2353,5,250,2025-06-22 00:00:00,2800.00,700000.00,Pending
2354,5,50,2025-12-01 00:00:00,2800.00,140000.00,Delivered
2355,3,100,2025-05-11 00:00:00,4900.00,490000.00,Delivered
2356,2,500,2025-09-22 00:00:00,6800.00,3400000.00,Delivered
2357,2,50,2026-02-21 00:00:00,6800.00,340000.00,Pending
2358,5,50,2026-03-14 00:00:00,2800.00,140000.00,Delivered
2359,8,1000,2025-11-01 00:00:00,450.00,450000.00,Delivered
2360,10,50,2025-01-15 00:00:00,180.00,9000.00,Pending
2361,2,500,2025-12-22 00:00:00,6800.00,3400000.00,Delivered
2362,10,1000,2025-05-12 00:00:00,180.00,180000.00,Shipped
2363,1,500,2026-02-05 00:00:00,8500.00,4250000.00,Shipped
2364,3,250,2025-12-04 00:00:00,4900.00,1225000.00,Pending
2365,5,1000,2025-02-24 00:00:00,2800.00,2800000.00,Pending
2366,8,100,2025-05-11 00:00:00,450.00,45000.00,Delivered
2367,9,500,2025-04-02 00:00:00,250.00,125000.00,Pending
2368,10,250,2025-06-22 00:00:00,180.00,45000.00,Shipped
2369,14,500,2025-08-10 00:00:00,380.00,190000.00,Delivered
2370,3,100,2025-04-02 00:00:00,4900.00,490000.00,Delivered
2371,2,50,2025-11-02 00:00:00,6800.00,340000.00,Pending
2372,14,250,2025-12-05 00:00:00,380.00,95000.00,Delivered
2373,3,50,2025-08-27 00:00:00,4900.00,245000.00,Pending
2374,7,1000,2025-11-07 00:00:00,1200.00,1200000.00,Delivered
2375,5,100,2026-03-19 00:00:00,2800.00,280000.00,Delivered
2376,1,100,2025-09-13 00:00:00,8500.00,850000.00,Pending
2377,3,1000,2025-12-18 00:00:00,4900.00,4900000.00,Pending
2378,13,50,2026-01-08 00:00:00,2200.00,110000.00,Delivered
2379,2,500,2026-03-12 00:00:00,6800.00,3400000.00,Shipped
2380,3,250,2025-09-19 00:00:00,4900.00,1225000.00,Delivered
2381,13,100,2025-11-25 00:00:00,2200.00,220000.00,Shipped
2382,14,250,2025-04-22 00:00:00,380.00,95000.00,Delivered
2383,3,250,2025-01-29 00:00:00,4900.00,1225000.00,Delivered
2384,13,250,2025-01-06 00:00:00,2200.00,550000.00,Delivered
2385,4,50,2025-10-02 00:00:00,2400.00,120000.00,Pending
2386,3,250,2026-03-20 00:00:00,4900.00,1225000.00,Delivered
2387,5,50,2025-09-22 00:00:00,2800.00,140000.00,Pending
2388,1,1000,2025-07-21 00:00:00,8500.00,8500000.00,Pending
2389,13,500,2025-08-30 00:00:00,2200.00,1100000.00,Pending
2390,13,100,2025-09-02 00:00:00,2200.00,220000.00,Delivered
2391,11,100,2026-03-13 00:00:00,800.00,80000.00,Shipped
2392,14,500,2025-11-09 00:00:00,380.00,190000.00,Delivered
2393,8,100,2025-07-08 00:00:00,450.00,45000.00,Shipped
2394,1,50,2025-04-29 00:00:00,8500.00,425000.00,Delivered
2395,14,250,2025-05-29 00:00:00,380.00,95000.00,Pending
2396,1,250,2025-02-07 00:00:00,8500.00,2125000.00,Delivered
2397,9,1000,2025-08-12 00:00:00,250.00,250000.00,Delivered
2398,5,500,2025-04-19 00:00:00,2800.00,1400000.00,Pending
2399,6,50,2025-05-03 00:00:00,3900.00,195000.00,Pending
2400,10,100,2025-05-01 00:00:00,180.00,18000.00,Shipped
2401,1,50,2025-05-03 00:00:00,8500.00,425000.00,Delivered
2402,8,1000,2025-11-26 00:00:00,450.00,450000.00,Shipped
2403,5,1000,2025-07-04 00:00:00,2800.00,2800000.00,Pending
2404,2,100,2025-10-01 00:00:00,6800.00,680000.00,Pending
2405,1,250,2025-05-03 00:00:00,8500.00,2125000.00,Shipped
2406,9,500,2025-07-11 00:00:00,250.00,125000.00,Delivered
2407,10,1000,2025-11-28 00:00:00,180.00,180000.00,Delivered
2408,2,50,2026-02-05 00:00:00,6800.00,340000.00,Pending
2409,14,500,2025-06-27 00:00:00,380.00,190000.00,Delivered
2410,5,50,2025-02-25 00:00:00,2800.00,140000.00,Pending
2411,2,1000,2025-12-30 00:00:00,6800.00,6800000.00,Delivered
2412,10,1000,2025-01-25 00:00:00,180.00,180000.00,Shipped
2413,9,100,2025-06-30 00:00:00,250.00,25000.00,Pending
2414,13,500,2025-05-06 00:00:00,2200.00,1100000.00,Delivered
2415,10,100,2025-06-22 00:00:00,180.00,18000.00,Shipped
2416,2,50,2026-02-04 00:00:00,6800.00,340000.00,Shipped
2417,12,50,2025-01-31 00:00:00,1500.00,75000.00,Pending
2418,7,500,2025-05-20 00:00:00,1200.00,600000.00,Pending
2419,14,500,2025-06-30 00:00:00,380.00,190000.00,Shipped
2420,3,100,2025-09-22 00:00:00,4900.00,490000.00,Shipped
2421,1,100,2026-02-13 00:00:00,8500.00,850000.00,Shipped
2422,11,500,2025-01-04 00:00:00,800.00,400000.00,Delivered
2423,2,50,2026-02-09 00:00:00,6800.00,340000.00,Delivered
2424,6,1000,2025-05-17 00:00:00,3900.00,3900000.00,Shipped
2425,1,50,2025-03-26 00:00:00,8500.00,425000.00,Delivered
2426,10,250,2025-10-14 00:00:00,180.00,45000.00,Delivered
2427,11,100,2025-05-18 00:00:00,800.00,80000.00,Delivered
2428,3,100,2025-07-11 00:00:00,4900.00,490000.00,Shipped
2429,1,1000,2025-01-07 00:00:00,8500.00,8500000.00,Delivered
2430,8,500,2025-03-03 00:00:00,450.00,225000.00,Shipped
2431,14,250,2025-01-14 00:00:00,380.00,95000.00,Delivered
2432,2,50,2025-06-18 00:00:00,6800.00,340000.00,Delivered
2433,12,100,2025-07-04 00:00:00,1500.00,150000.00,Pending
2434,2,500,2026-03-21 00:00:00,6800.00,3400000.00,Delivered
2435,9,1000,2026-01-06 00:00:00,250.00,250000.00,Shipped
2436,2,1000,2025-06-25 00:00:00,6800.00,6800000.00,Shipped
2437,11,50,2025-12-16 00:00:00,800.00,40000.00,Delivered
2438,5,50,2025-02-09 00:00:00,2800.00,140000.00,Shipped
2439,8,500,2025-05-08 00:00:00,450.00,225000.00,Delivered
2440,5,1000,2025-03-12 00:00:00,2800.00,2800000.00,Pending
2441,4,250,2025-04-15 00:00:00,2400.00,600000.00,Delivered
2442,6,1000,2025-07-02 00:00:00,3900.00,3900000.00,Delivered
2443,2,250,2025-12-29 00:00:00,6800.00,1700000.00,Delivered
2444,13,1000,2025-11-19 00:00:00,2200.00,2200000.00,Shipped
2445,3,500,2025-11-15 00:00:00,4900.00,2450000.00,Pending
2446,1,1000,2025-08-24 00:00:00,8500.00,8500000.00,Delivered
2447,2,1000,2025-12-15 00:00:00,6800.00,6800000.00,Shipped
2448,7,500,2026-02-04 00:00:00,1200.00,600000.00,Delivered
2449,10,500,2025-05-11 00:00:00,180.00,90000.00,Shipped
2450,5,50,2025-03-08 00:00:00,2800.00,140000.00,Pending
2451,10,1000,2025-05-27 00:00:00,180.00,180000.00,Delivered
2452,12,1000,2025-10-06 00:00:00,1500.00,1500000.00,Pending
2453,3,100,2025-01-31 00:00:00,4900.00,490000.00,Delivered
2454,9,50,2026-02-03 00:00:00,250.00,12500.00,Pending
2455,13,250,2025-02-16 00:00:00,2200.00,550000.00,Pending
2456,13,100,2025-05-25 00:00:00,2200.00,220000.00,Shipped
2457,13,100,2025-03-03 00:00:00,2200.00,220000.00,Delivered
2458,8,250,2025-04-06 00:00:00,450.00,112500.00,Pending
2459,13,1000,2025-11-17 00:00:00,2200.00,2200000.00,Delivered
2460,5,100,2025-05-12 00:00:00,2800.00,280000.00,Delivered
2461,4,500,2025-10-20 00:00:00,2400.00,1200000.00,Pending
2462,1,250,2025-02-11 00:00:00,8500.00,2125000.00,Delivered
2463,5,100,2025-04-15 00:00:00,2800.00,280000.00,Delivered
2464,14,50,2025-04-26 00:00:00,380.00,19000.00,Shipped
2465,14,100,2025-02-01 00:00:00,380.00,38000.00,Pending
2466,14,250,2025-04-20 00:00:00,380.00,95000.00,Delivered
2467,1,50,2025-08-07 00:00:00,8500.00,425000.00,Delivered
2468,11,50,2025-09-08 00:00:00,800.00,40000.00,Pending
2469,1,500,2026-03-01 00:00:00,8500.00,4250000.00,Delivered
2470,13,500,2025-11-30 00:00:00,2200.00,1100000.00,Pending
2471,13,500,2026-03-19 00:00:00,2200.00,1100000.00,Pending
2472,10,500,2025-02-09 00:00:00,180.00,90000.00,Delivered
2473,6,500,2025-05-11 00:00:00,3900.00,1950000.00,Delivered
2474,6,1000,2025-01-30 00:00:00,3900.00,3900000.00,Pending
2475,7,500,2025-10-07 00:00:00,1200.00,600000.00,Delivered
2476,2,100,2025-09-23 00:00:00,6800.00,680000.00,Shipped
2477,6,100,2025-11-17 00:00:00,3900.00,390000.00,Pending
2478,4,500,2025-06-16 00:00:00,2400.00,1200000.00,Pending
2479,14,50,2025-02-21 00:00:00,380.00,19000.00,Delivered
2480,10,250,2025-01-10 00:00:00,180.00,45000.00,Delivered
2481,6,1000,2026-03-15 00:00:00,3900.00,3900000.00,Pending
2482,3,50,2025-02-20 00:00:00,4900.00,245000.00,Shipped
2483,6,100,2025-04-13 00:00:00,3900.00,390000.00,Delivered
2484,7,100,2025-04-06 00:00:00,1200.00,120000.00,Shipped
2485,9,250,2025-01-18 00:00:00,250.00,62500.00,Delivered
2486,5,50,2026-02-13 00:00:00,2800.00,140000.00,Shipped
2487,11,1000,2025-11-01 00:00:00,800.00,800000.00,Delivered
2488,6,50,2025-06-09 00:00:00,3900.00,195000.00,Delivered
2489,11,250,2025-04-06 00:00:00,800.00,200000.00,Delivered
2490,13,250,2025-06-30 00:00:00,2200.00,550000.00,Shipped
2491,3,250,2025-06-27 00:00:00,4900.00,1225000.00,Shipped
2492,8,50,2025-05-29 00:00:00,450.00,22500.00,Delivered
2493,14,1000,2025-05-17 00:00:00,380.00,380000.00,Delivered
2494,7,100,2025-12-02 00:00:00,1200.00,120000.00,Shipped
2495,1,50,2025-06-28 00:00:00,8500.00,425000.00,Delivered
2496,8,1000,2025-12-03 00:00:00,450.00,450000.00,Shipped
2497,8,100,2026-02-10 00:00:00,450.00,45000.00,Delivered
2498,14,100,2026-01-11 00:00:00,380.00,38000.00,Shipped
2499,11,1000,2025-04-09 00:00:00,800.00,800000.00,Pending
2500,5,500,2025-10-14 00:00:00,2800.00,1400000.00,Delivered
