id,customer_id,vehicle_id,order_date,total_price,payment_status,delivery_status
1,835,10,2025-08-25 08:00:00,84990.00,Pending,Scheduled
2,769,2,2025-05-13 06:00:00,96490.00,Paid,Delivered
3,929,3,2025-11-18 09:00:00,38990.00,Paid,Scheduled
4,1194,7,2026-01-26 21:00:00,101490.00,Paid,Delivered
5,349,4,2025-08-15 05:00:00,47740.00,Paid,Scheduled
6,403,8,2025-08-16 15:00:00,47990.00,Paid,Scheduled
7,65,9,2025-06-29 05:00:00,57490.00,Paid,In Transit
8,466,10,2025-05-18 15:00:00,81990.00,Refunded,In Transit
9,765,1,2025-12-19 00:00:00,81490.00,Refunded,Scheduled
10,78,7,2025-07-09 10:00:00,101490.00,Pending,Scheduled
11,509,7,2025-11-09 08:00:00,99990.00,Paid,Delivered
12,925,11,2025-05-06 22:00:00,104990.00,Paid,Scheduled
13,597,7,2025-11-24 08:00:00,101490.00,Paid,Delivered
14,312,1,2026-02-03 09:00:00,81490.00,Paid,In Transit
15,154,3,2025-10-21 09:00:00,40990.00,Paid,Delivered
16,162,9,2025-10-16 15:00:00,54490.00,Paid,Delivered
17,873,2,2025-11-27 03:00:00,91990.00,Paid,Delivered
18,551,5,2025-06-06 09:00:00,56990.00,Paid,Delivered
19,1170,8,2025-05-25 10:00:00,47990.00,Paid,In Transit
20,205,7,2025-11-23 21:00:00,101490.00,Refunded,Delivered
21,287,6,2025-08-17 03:00:00,86490.00,Pending,Scheduled
22,320,8,2026-02-15 10:00:00,49990.00,Pending,Scheduled
23,408,6,2025-03-07 01:00:00,84990.00,Refunded,Delivered
24,835,1,2025-09-01 23:00:00,74990.00,Paid,In Transit
25,2,11,2026-03-15 05:00:00,101990.00,Refunded,Scheduled
26,460,6,2025-12-04 18:00:00,86490.00,Paid,In Transit
27,360,11,2025-05-07 03:00:00,106490.00,Paid,Scheduled
28,386,10,2025-12-21 18:00:00,81990.00,Paid,Delivered
29,520,2,2025-11-16 16:00:00,94990.00,Paid,Scheduled
30,546,3,2026-03-23 00:00:00,38990.00,Paid,In Transit
31,1133,3,2026-03-06 00:00:00,43990.00,Paid,Delivered
32,522,9,2026-01-22 22:00:00,54490.00,Paid,Delivered
33,790,10,2025-12-12 00:00:00,81990.00,Paid,In Transit
34,526,6,2025-03-01 15:00:00,86490.00,Paid,Delivered
35,584,6,2026-04-14 21:00:00,86490.00,Paid,Delivered
36,451,5,2025-08-25 14:00:00,56990.00,Paid,Scheduled
37,196,11,2025-12-05 08:00:00,99990.00,Paid,Delivered
38,437,6,2025-09-21 23:00:00,86490.00,Paid,Delivered
39,104,8,2025-08-12 11:00:00,52990.00,Pending,Scheduled
40,1117,6,2025-07-16 10:00:00,81990.00,Paid,In Transit
41,505,2,2026-04-19 07:00:00,96490.00,Pending,Scheduled
42,872,5,2025-10-04 10:00:00,59990.00,Refunded,Delivered
43,1054,7,2025-10-06 17:00:00,96990.00,Paid,Delivered
44,504,4,2026-02-08 09:00:00,49740.00,Paid,Scheduled
45,456,1,2025-10-12 06:00:00,74990.00,Pending,Scheduled
46,775,1,2026-04-11 22:00:00,79990.00,Paid,Scheduled
47,1123,3,2025-10-05 20:00:00,40990.00,Pending,Scheduled
48,1023,7,2025-08-24 06:00:00,94990.00,Pending,Scheduled
49,42,4,2025-07-12 04:00:00,54240.00,Refunded,Scheduled
50,810,7,2025-10-11 22:00:00,94990.00,Paid,Delivered
51,719,11,2025-09-26 02:00:00,106490.00,Refunded,Scheduled
52,110,1,2025-10-28 03:00:00,74990.00,Paid,Delivered
53,1122,6,2025-03-22 04:00:00,86490.00,Paid,Delivered
54,832,10,2025-11-12 01:00:00,81990.00,Paid,Scheduled
55,233,2,2025-09-14 00:00:00,96490.00,Refunded,Delivered
56,1199,9,2025-03-01 11:00:00,52490.00,Paid,Scheduled
57,1068,4,2025-09-27 04:00:00,47740.00,Paid,Delivered
58,387,7,2025-02-18 11:00:00,99990.00,Pending,Scheduled
59,961,9,2025-06-02 23:00:00,52490.00,Pending,Scheduled
60,154,3,2025-10-09 02:00:00,38990.00,Refunded,Scheduled
61,536,8,2026-02-05 09:00:00,49990.00,Paid,Delivered
62,731,11,2025-01-25 09:00:00,104990.00,Paid,Delivered
63,37,8,2025-06-14 18:00:00,52990.00,Refunded,Delivered
64,85,1,2026-01-19 20:00:00,81490.00,Paid,Delivered
65,854,2,2025-11-24 05:00:00,91990.00,Paid,Scheduled
66,166,4,2025-12-22 00:00:00,47740.00,Paid,Delivered
67,900,1,2025-08-13 22:00:00,74990.00,Pending,Scheduled
68,1166,2,2026-03-11 04:00:00,94990.00,Refunded,Delivered
69,649,9,2026-02-26 15:00:00,58990.00,Refunded,Delivered
70,829,6,2026-03-11 08:00:00,84990.00,Paid,Delivered
71,55,8,2025-10-24 11:00:00,49990.00,Paid,Delivered
72,833,3,2026-04-09 00:00:00,43990.00,Refunded,Delivered
73,536,3,2026-01-17 03:00:00,43990.00,Pending,Scheduled
74,548,7,2025-10-12 05:00:00,96990.00,Refunded,Scheduled
75,1001,1,2025-06-09 14:00:00,74990.00,Refunded,Scheduled
76,1111,5,2026-03-10 21:00:00,61490.00,Paid,Delivered
77,429,10,2025-05-21 01:00:00,86490.00,Pending,Scheduled
78,553,5,2025-07-21 03:00:00,61490.00,Paid,In Transit
79,124,2,2025-07-26 02:00:00,91990.00,Paid,In Transit
80,1188,11,2025-06-04 20:00:00,101990.00,Pending,Scheduled
81,517,8,2026-01-28 12:00:00,47990.00,Paid,Scheduled
82,1064,6,2025-04-23 15:00:00,79990.00,Paid,Delivered
83,832,8,2025-12-06 21:00:00,52990.00,Refunded,In Transit
84,866,10,2025-05-21 16:00:00,86490.00,Refunded,Scheduled
85,724,2,2025-08-30 14:00:00,89990.00,Pending,Scheduled
86,786,9,2025-10-02 01:00:00,58990.00,Pending,Scheduled
87,81,5,2025-08-20 09:00:00,61490.00,Paid,In Transit
88,519,8,2025-07-07 08:00:00,54490.00,Refunded,Delivered
89,33,8,2025-02-16 05:00:00,49990.00,Paid,In Transit
90,129,9,2026-02-21 22:00:00,54490.00,Refunded,Delivered
91,138,5,2025-03-19 23:00:00,56990.00,Paid,In Transit
92,1130,8,2025-06-14 13:00:00,47990.00,Refunded,Scheduled
93,27,5,2026-01-27 07:00:00,61490.00,Paid,In Transit
94,630,2,2025-12-30 23:00:00,91990.00,Paid,In Transit
95,371,8,2025-10-28 07:00:00,49990.00,Paid,Scheduled
96,1200,2,2025-02-04 20:00:00,96490.00,Paid,Scheduled
97,1107,9,2025-12-31 23:00:00,57490.00,Paid,Delivered
98,982,9,2025-11-11 21:00:00,58990.00,Refunded,Delivered
99,1175,7,2025-06-20 03:00:00,96990.00,Paid,Scheduled
100,714,4,2025-11-23 14:00:00,52740.00,Paid,In Transit
101,263,2,2025-03-12 08:00:00,96490.00,Pending,Scheduled
102,1100,10,2026-02-02 03:00:00,79990.00,Paid,Delivered
103,271,5,2026-02-21 15:00:00,61490.00,Refunded,Scheduled
104,571,8,2026-03-02 14:00:00,49990.00,Paid,Scheduled
105,251,3,2025-05-09 22:00:00,40990.00,Paid,Delivered
106,270,2,2026-03-02 23:00:00,94990.00,Paid,Delivered
107,179,6,2026-02-20 22:00:00,84990.00,Paid,Scheduled
108,1136,6,2025-07-13 11:00:00,81990.00,Paid,Delivered
109,386,7,2026-01-06 15:00:00,94990.00,Paid,Delivered
110,1,6,2025-10-30 20:00:00,79990.00,Paid,Scheduled
111,514,3,2026-01-16 04:00:00,38990.00,Pending,Scheduled
112,818,1,2025-11-18 16:00:00,74990.00,Refunded,Delivered
113,1120,7,2025-06-28 21:00:00,96990.00,Paid,Delivered
114,746,11,2026-03-21 23:00:00,99990.00,Paid,In Transit
115,317,2,2026-02-02 21:00:00,89990.00,Paid,In Transit
116,448,7,2025-12-26 07:00:00,94990.00,Paid,Scheduled
117,530,10,2025-07-09 17:00:00,86490.00,Refunded,Delivered
118,811,10,2025-02-28 11:00:00,81990.00,Paid,Delivered
119,617,7,2026-02-06 07:00:00,99990.00,Paid,Delivered
120,91,4,2026-02-12 20:00:00,52740.00,Paid,Delivered
121,927,1,2025-05-06 04:00:00,76990.00,Paid,Delivered
122,665,9,2025-06-23 01:00:00,58990.00,Paid,In Transit
123,320,10,2026-03-18 08:00:00,84990.00,Refunded,Delivered
124,1155,5,2025-08-27 21:00:00,61490.00,Paid,Delivered
125,788,4,2025-01-24 08:00:00,52740.00,Paid,Delivered
126,19,9,2025-10-11 00:00:00,54490.00,Pending,Scheduled
127,423,6,2025-09-17 20:00:00,84990.00,Paid,In Transit
128,55,5,2025-10-16 09:00:00,54990.00,Pending,Scheduled
129,1002,3,2025-02-10 02:00:00,43990.00,Paid,Delivered
130,638,2,2025-07-12 23:00:00,89990.00,Paid,Scheduled
131,980,9,2026-04-27 23:00:00,52490.00,Paid,Delivered
132,1075,1,2025-06-01 22:00:00,76990.00,Refunded,In Transit
133,1118,10,2026-04-16 06:00:00,84990.00,Paid,Scheduled
134,721,4,2025-08-12 11:00:00,54240.00,Refunded,Delivered
135,910,1,2025-05-16 02:00:00,79990.00,Paid,Delivered
136,115,2,2025-07-31 05:00:00,89990.00,Paid,Delivered
137,460,7,2025-12-26 11:00:00,101490.00,Pending,Scheduled
138,377,9,2026-01-12 08:00:00,58990.00,Refunded,In Transit
139,1056,11,2025-01-19 07:00:00,99990.00,Refunded,Delivered
140,1062,7,2026-03-16 02:00:00,96990.00,Pending,Scheduled
141,1070,10,2025-11-08 07:00:00,86490.00,Paid,Scheduled
142,127,8,2025-05-13 23:00:00,49990.00,Refunded,Scheduled
143,554,10,2026-04-03 21:00:00,86490.00,Paid,In Transit
144,467,7,2026-02-09 04:00:00,94990.00,Paid,Scheduled
145,147,2,2026-02-25 12:00:00,94990.00,Pending,Scheduled
146,1088,9,2025-04-18 19:00:00,54490.00,Paid,Scheduled
147,1200,5,2025-02-05 21:00:00,54990.00,Refunded,Delivered
148,372,8,2025-03-28 10:00:00,54490.00,Paid,Delivered
149,470,1,2025-10-16 16:00:00,81490.00,Refunded,Scheduled
150,208,5,2025-10-12 15:00:00,61490.00,Paid,Delivered
151,397,11,2025-08-15 01:00:00,106490.00,Paid,Delivered
152,370,8,2025-04-13 13:00:00,54490.00,Paid,Delivered
153,524,3,2025-05-18 21:00:00,45490.00,Refunded,Scheduled
154,1132,9,2025-05-18 02:00:00,54490.00,Pending,Scheduled
155,121,3,2025-01-25 12:00:00,43990.00,Paid,Scheduled
156,820,4,2026-03-22 07:00:00,52740.00,Paid,Delivered
157,803,1,2025-09-19 20:00:00,79990.00,Paid,Delivered
158,817,1,2025-07-26 07:00:00,81490.00,Paid,Delivered
159,529,4,2025-05-29 02:00:00,47740.00,Pending,Scheduled
160,1142,3,2025-05-03 19:00:00,38990.00,Paid,In Transit
161,1123,6,2025-10-07 15:00:00,79990.00,Paid,Scheduled
162,679,2,2026-04-11 16:00:00,91990.00,Refunded,In Transit
163,44,1,2025-02-05 04:00:00,79990.00,Pending,Scheduled
164,142,3,2025-10-22 05:00:00,38990.00,Paid,Scheduled
165,282,7,2025-12-17 20:00:00,99990.00,Paid,In Transit
166,345,9,2026-02-07 16:00:00,52490.00,Paid,In Transit
167,1078,11,2025-04-11 13:00:00,101990.00,Pending,Scheduled
168,624,10,2025-07-22 15:00:00,81990.00,Paid,In Transit
169,454,11,2025-04-29 07:00:00,106490.00,Refunded,Scheduled
170,286,7,2026-01-14 00:00:00,99990.00,Paid,Delivered
171,295,4,2025-05-12 15:00:00,49740.00,Refunded,Delivered
172,434,6,2025-10-30 09:00:00,86490.00,Paid,Scheduled
173,682,6,2025-12-10 07:00:00,81990.00,Paid,Scheduled
174,578,7,2025-10-18 00:00:00,96990.00,Paid,Scheduled
175,320,10,2026-03-13 05:00:00,84990.00,Paid,In Transit
176,77,4,2026-02-02 10:00:00,47740.00,Refunded,Delivered
177,1153,7,2025-08-20 16:00:00,101490.00,Refunded,In Transit
178,665,3,2025-06-26 21:00:00,45490.00,Paid,Scheduled
179,429,3,2025-05-29 05:00:00,43990.00,Pending,Scheduled
180,31,7,2025-08-04 17:00:00,99990.00,Paid,Delivered
181,619,7,2025-12-29 06:00:00,96990.00,Paid,Delivered
182,894,2,2025-03-15 06:00:00,89990.00,Paid,Delivered
183,989,7,2025-02-24 00:00:00,94990.00,Paid,Delivered
184,1009,7,2025-11-24 14:00:00,96990.00,Refunded,In Transit
185,207,3,2025-08-29 15:00:00,38990.00,Paid,Delivered
186,1132,6,2025-05-29 13:00:00,79990.00,Paid,Scheduled
187,779,10,2025-11-08 03:00:00,81990.00,Paid,Scheduled
188,382,2,2025-02-08 06:00:00,94990.00,Paid,Scheduled
189,170,11,2025-10-10 02:00:00,106490.00,Paid,Delivered
190,110,1,2025-10-17 02:00:00,76990.00,Paid,Delivered
191,499,6,2025-05-17 09:00:00,81990.00,Paid,Delivered
192,827,5,2025-01-18 02:00:00,61490.00,Paid,Delivered
193,660,1,2025-10-26 16:00:00,74990.00,Paid,Delivered
194,16,9,2025-07-17 13:00:00,58990.00,Paid,Delivered
195,1077,10,2025-05-18 01:00:00,81990.00,Refunded,In Transit
196,381,10,2025-02-19 22:00:00,86490.00,Paid,Delivered
197,130,11,2025-04-18 16:00:00,101990.00,Pending,Scheduled
198,528,8,2025-02-23 07:00:00,49990.00,Paid,In Transit
199,954,4,2025-07-17 14:00:00,47740.00,Paid,Delivered
200,477,5,2026-03-17 08:00:00,56990.00,Paid,In Transit
201,319,6,2026-01-01 21:00:00,84990.00,Paid,Delivered
202,446,5,2026-03-30 09:00:00,54990.00,Refunded,Delivered
203,295,6,2025-05-29 08:00:00,86490.00,Pending,Scheduled
204,624,7,2025-07-16 08:00:00,101490.00,Pending,Scheduled
205,1009,9,2025-12-02 17:00:00,57490.00,Paid,Delivered
206,573,11,2025-04-29 14:00:00,104990.00,Pending,Scheduled
207,499,1,2025-04-21 23:00:00,74990.00,Paid,In Transit
208,61,2,2025-02-27 23:00:00,89990.00,Paid,Scheduled
209,677,6,2025-12-13 06:00:00,81990.00,Paid,In Transit
210,797,8,2026-02-13 04:00:00,54490.00,Refunded,In Transit
211,1020,11,2025-12-19 14:00:00,101990.00,Paid,Delivered
212,69,9,2025-09-14 22:00:00,58990.00,Paid,Delivered
213,736,10,2025-04-05 21:00:00,86490.00,Paid,In Transit
214,882,1,2026-03-29 08:00:00,74990.00,Pending,Scheduled
215,225,6,2025-12-06 00:00:00,84990.00,Paid,Delivered
216,276,5,2025-07-10 03:00:00,59990.00,Pending,Scheduled
217,555,5,2026-01-02 21:00:00,59990.00,Pending,Scheduled
218,1141,2,2025-07-13 19:00:00,96490.00,Paid,Delivered
219,824,2,2026-04-29 13:00:00,91990.00,Paid,Delivered
220,1119,5,2026-01-29 12:00:00,54990.00,Paid,Delivered
221,781,2,2025-09-02 23:00:00,94990.00,Paid,In Transit
222,497,2,2025-05-02 20:00:00,91990.00,Refunded,Scheduled
223,794,9,2025-07-13 18:00:00,58990.00,Refunded,Delivered
224,735,3,2026-01-18 05:00:00,38990.00,Refunded,Delivered
225,874,1,2025-12-30 02:00:00,76990.00,Paid,Delivered
226,724,2,2025-09-02 13:00:00,94990.00,Paid,Delivered
227,708,9,2025-09-08 13:00:00,57490.00,Pending,Scheduled
228,176,9,2026-01-04 17:00:00,58990.00,Pending,Scheduled
229,467,9,2026-02-20 02:00:00,58990.00,Pending,Scheduled
230,1019,4,2026-02-12 19:00:00,52740.00,Pending,Scheduled
231,1003,7,2025-02-27 09:00:00,96990.00,Refunded,Delivered
232,270,9,2026-03-16 01:00:00,58990.00,Paid,In Transit
233,894,10,2025-04-13 00:00:00,81990.00,Paid,In Transit
234,1181,6,2025-07-17 07:00:00,84990.00,Paid,Delivered
235,42,2,2025-07-22 03:00:00,94990.00,Refunded,Delivered
236,524,11,2025-06-16 20:00:00,106490.00,Paid,Scheduled
237,417,11,2025-04-06 07:00:00,104990.00,Paid,Delivered
238,601,3,2025-12-01 18:00:00,40990.00,Paid,Scheduled
239,151,7,2026-01-05 15:00:00,96990.00,Pending,Scheduled
240,775,6,2026-04-07 16:00:00,86490.00,Paid,Delivered
241,270,11,2026-03-31 01:00:00,106490.00,Paid,In Transit
242,766,7,2025-10-12 00:00:00,99990.00,Paid,In Transit
243,606,7,2026-02-27 19:00:00,101490.00,Paid,Scheduled
244,1112,9,2025-10-05 10:00:00,54490.00,Paid,Scheduled
245,177,9,2025-07-11 05:00:00,57490.00,Paid,Delivered
246,508,8,2025-11-16 00:00:00,47990.00,Paid,In Transit
247,334,10,2026-04-09 22:00:00,84990.00,Paid,Scheduled
248,97,8,2025-12-12 05:00:00,52990.00,Paid,Delivered
249,889,5,2025-06-09 02:00:00,59990.00,Pending,Scheduled
250,1179,8,2025-08-09 14:00:00,54490.00,Refunded,Delivered
251,422,8,2025-11-19 05:00:00,47990.00,Pending,Scheduled
252,1177,11,2025-03-01 23:00:00,104990.00,Refunded,In Transit
253,59,2,2025-09-11 10:00:00,94990.00,Paid,Delivered
254,461,9,2026-02-26 14:00:00,52490.00,Refunded,Delivered
255,393,7,2026-03-15 02:00:00,94990.00,Pending,Scheduled
256,946,6,2025-12-22 05:00:00,86490.00,Paid,Scheduled
257,546,10,2026-03-07 19:00:00,84990.00,Paid,Delivered
258,872,7,2025-10-19 18:00:00,94990.00,Pending,Scheduled
259,927,4,2025-05-10 12:00:00,52740.00,Paid,Delivered
260,943,11,2025-12-24 05:00:00,104990.00,Paid,In Transit
261,680,10,2025-10-17 05:00:00,86490.00,Paid,Delivered
262,252,3,2025-06-25 12:00:00,40990.00,Pending,Scheduled
263,593,3,2025-09-06 05:00:00,45490.00,Paid,Scheduled
264,876,8,2025-03-05 23:00:00,54490.00,Pending,Scheduled
265,161,2,2026-03-21 06:00:00,96490.00,Pending,Scheduled
266,736,8,2025-03-12 22:00:00,49990.00,Pending,Scheduled
267,1093,6,2025-01-30 02:00:00,86490.00,Paid,Scheduled
268,291,4,2025-11-07 14:00:00,47740.00,Paid,Delivered
269,965,2,2025-03-20 17:00:00,94990.00,Paid,Delivered
270,755,7,2026-01-27 08:00:00,101490.00,Pending,Scheduled
271,353,8,2026-02-24 09:00:00,54490.00,Paid,Delivered
272,478,6,2025-08-12 01:00:00,86490.00,Paid,Delivered
273,643,9,2025-03-26 10:00:00,57490.00,Pending,Scheduled
274,440,5,2026-03-06 08:00:00,59990.00,Refunded,In Transit
275,1186,1,2025-11-08 15:00:00,74990.00,Paid,Delivered
276,807,8,2025-11-12 16:00:00,52990.00,Paid,Delivered
277,526,1,2025-04-07 18:00:00,81490.00,Paid,Delivered
278,914,1,2026-03-18 16:00:00,74990.00,Paid,In Transit
279,745,4,2025-06-04 09:00:00,52740.00,Paid,Delivered
280,89,8,2025-11-26 19:00:00,47990.00,Paid,In Transit
281,999,1,2026-01-15 02:00:00,76990.00,Paid,Scheduled
282,43,5,2025-08-27 03:00:00,54990.00,Pending,Scheduled
283,513,9,2026-03-04 13:00:00,58990.00,Paid,Delivered
284,1078,7,2025-04-15 19:00:00,96990.00,Paid,Delivered
285,700,10,2025-07-28 01:00:00,81990.00,Paid,Delivered
286,246,10,2025-04-12 18:00:00,84990.00,Paid,Delivered
287,999,4,2026-01-14 05:00:00,47740.00,Refunded,Scheduled
288,455,9,2026-03-10 09:00:00,54490.00,Paid,Scheduled
289,624,9,2025-07-03 09:00:00,57490.00,Pending,Scheduled
290,779,4,2025-12-12 00:00:00,49740.00,Pending,Scheduled
291,643,9,2025-03-25 06:00:00,52490.00,Paid,In Transit
292,335,11,2025-09-19 06:00:00,104990.00,Pending,Scheduled
293,215,7,2025-04-29 01:00:00,99990.00,Refunded,Delivered
294,651,4,2025-06-08 00:00:00,47740.00,Refunded,Delivered
295,684,10,2026-02-21 02:00:00,81990.00,Paid,Delivered
296,580,3,2026-02-14 18:00:00,40990.00,Paid,In Transit
297,157,7,2025-12-03 17:00:00,99990.00,Refunded,Delivered
298,625,3,2026-02-01 17:00:00,40990.00,Refunded,In Transit
299,209,3,2026-03-06 12:00:00,43990.00,Paid,In Transit
300,268,10,2025-12-23 18:00:00,81990.00,Paid,Delivered
301,1169,1,2026-04-11 02:00:00,79990.00,Paid,Scheduled
302,323,2,2025-10-01 14:00:00,94990.00,Paid,In Transit
303,494,10,2025-04-22 22:00:00,84990.00,Paid,Scheduled
304,577,10,2025-07-01 17:00:00,81990.00,Paid,In Transit
305,358,4,2025-10-10 14:00:00,52740.00,Paid,Delivered
306,135,11,2025-08-17 08:00:00,101990.00,Paid,Scheduled
307,655,5,2025-09-04 03:00:00,56990.00,Paid,In Transit
308,906,4,2025-02-15 15:00:00,49740.00,Paid,Delivered
309,850,4,2025-12-05 05:00:00,54240.00,Paid,In Transit
310,74,10,2026-01-12 02:00:00,84990.00,Paid,Delivered
311,756,1,2025-07-15 07:00:00,74990.00,Paid,Delivered
312,46,9,2025-05-23 11:00:00,57490.00,Paid,Delivered
313,49,5,2025-04-17 23:00:00,54990.00,Paid,Delivered
314,595,10,2025-05-18 21:00:00,79990.00,Paid,In Transit
315,874,2,2026-01-02 01:00:00,91990.00,Paid,Delivered
316,370,9,2025-03-22 05:00:00,57490.00,Refunded,Scheduled
317,1111,2,2026-04-16 22:00:00,91990.00,Refunded,Delivered
318,944,6,2025-11-09 01:00:00,81990.00,Paid,Scheduled
319,853,8,2025-06-15 08:00:00,52990.00,Paid,In Transit
320,37,10,2025-07-20 22:00:00,86490.00,Paid,In Transit
321,868,1,2025-09-03 05:00:00,74990.00,Refunded,Delivered
322,1169,11,2026-04-14 10:00:00,101990.00,Refunded,In Transit
323,798,4,2025-06-12 07:00:00,47740.00,Paid,Scheduled
324,53,5,2026-03-16 22:00:00,56990.00,Refunded,Delivered
325,257,7,2025-11-10 14:00:00,94990.00,Paid,In Transit
326,64,7,2025-04-07 23:00:00,96990.00,Paid,Delivered
327,114,9,2025-02-09 14:00:00,54490.00,Paid,Delivered
328,771,3,2025-10-25 10:00:00,38990.00,Paid,Delivered
329,322,11,2025-02-16 13:00:00,99990.00,Paid,Delivered
330,1148,8,2026-03-02 03:00:00,52990.00,Paid,Scheduled
331,1029,1,2026-02-28 07:00:00,74990.00,Refunded,In Transit
332,246,7,2025-04-20 17:00:00,101490.00,Paid,Scheduled
333,253,10,2025-06-30 11:00:00,86490.00,Pending,Scheduled
334,1188,9,2025-07-15 15:00:00,52490.00,Paid,In Transit
335,210,7,2025-06-05 10:00:00,101490.00,Paid,Delivered
336,1121,2,2025-08-13 01:00:00,96490.00,Refunded,Delivered
337,455,1,2026-03-03 06:00:00,76990.00,Refunded,Delivered
338,309,1,2025-11-09 01:00:00,79990.00,Paid,Scheduled
339,31,11,2025-08-02 16:00:00,99990.00,Pending,Scheduled
340,352,6,2025-04-14 11:00:00,86490.00,Refunded,Scheduled
341,677,6,2025-11-23 23:00:00,81990.00,Paid,In Transit
342,524,9,2025-05-14 02:00:00,58990.00,Refunded,In Transit
343,484,4,2025-04-04 18:00:00,52740.00,Refunded,In Transit
344,747,2,2026-02-27 20:00:00,96490.00,Paid,Delivered
345,833,3,2026-04-01 07:00:00,45490.00,Paid,Scheduled
346,964,5,2025-06-16 23:00:00,61490.00,Paid,Scheduled
347,699,4,2025-06-11 13:00:00,49740.00,Refunded,In Transit
348,1139,8,2025-05-21 06:00:00,52990.00,Refunded,Delivered
349,76,2,2025-07-30 13:00:00,96490.00,Paid,Delivered
350,304,7,2025-10-06 22:00:00,94990.00,Pending,Scheduled
351,361,2,2025-12-18 21:00:00,91990.00,Pending,Scheduled
352,144,8,2025-04-17 06:00:00,49990.00,Paid,Delivered
353,513,8,2026-02-16 21:00:00,49990.00,Paid,Scheduled
354,658,3,2025-12-30 23:00:00,45490.00,Pending,Scheduled
355,246,3,2025-04-18 11:00:00,43990.00,Paid,Scheduled
356,176,7,2025-12-07 16:00:00,94990.00,Pending,Scheduled
357,26,10,2025-08-25 02:00:00,86490.00,Paid,Scheduled
358,131,1,2025-07-15 15:00:00,76990.00,Paid,Delivered
359,690,8,2025-06-28 04:00:00,52990.00,Paid,Delivered
360,313,6,2026-03-30 00:00:00,79990.00,Paid,Scheduled
361,1127,10,2025-01-20 01:00:00,86490.00,Paid,In Transit
362,995,6,2025-09-09 12:00:00,86490.00,Paid,In Transit
363,604,7,2025-07-06 08:00:00,96990.00,Paid,Delivered
364,226,11,2025-09-27 06:00:00,104990.00,Paid,Scheduled
365,1180,7,2025-12-20 18:00:00,96990.00,Paid,Scheduled
366,110,11,2025-11-05 16:00:00,101990.00,Refunded,In Transit
367,460,3,2025-12-14 18:00:00,40990.00,Paid,Scheduled
368,1108,5,2025-06-15 02:00:00,56990.00,Paid,Delivered
369,575,1,2026-03-14 06:00:00,74990.00,Pending,Scheduled
370,331,10,2025-03-02 04:00:00,81990.00,Paid,Scheduled
371,351,11,2026-04-02 10:00:00,99990.00,Paid,In Transit
372,855,5,2025-11-26 22:00:00,54990.00,Refunded,Delivered
373,459,6,2025-05-24 00:00:00,79990.00,Paid,Scheduled
374,144,9,2025-05-04 11:00:00,57490.00,Paid,In Transit
375,23,4,2025-03-19 04:00:00,49740.00,Paid,Scheduled
376,482,7,2025-05-03 00:00:00,101490.00,Refunded,In Transit
377,173,6,2025-03-06 03:00:00,81990.00,Paid,In Transit
378,262,2,2025-04-29 13:00:00,91990.00,Paid,Scheduled
379,420,8,2025-08-05 18:00:00,47990.00,Pending,Scheduled
380,613,3,2025-11-12 05:00:00,43990.00,Paid,Delivered
381,149,9,2025-11-05 12:00:00,54490.00,Paid,In Transit
382,1081,11,2026-02-28 14:00:00,101990.00,Refunded,Delivered
383,149,5,2025-10-27 15:00:00,54990.00,Pending,Scheduled
384,883,8,2025-12-11 18:00:00,52990.00,Paid,Scheduled
385,896,3,2025-07-13 23:00:00,38990.00,Paid,In Transit
386,598,5,2025-11-29 20:00:00,54990.00,Paid,Delivered
387,656,4,2025-10-17 14:00:00,49740.00,Paid,In Transit
388,775,11,2026-04-16 14:00:00,104990.00,Paid,Delivered
389,269,8,2026-04-08 14:00:00,49990.00,Refunded,Scheduled
390,149,9,2025-10-08 14:00:00,52490.00,Paid,Delivered
391,524,4,2025-05-25 00:00:00,54240.00,Refunded,In Transit
392,673,8,2026-04-29 20:00:00,52990.00,Paid,Delivered
393,521,8,2025-10-12 10:00:00,47990.00,Paid,Delivered
394,711,8,2026-02-16 20:00:00,54490.00,Paid,Delivered
395,311,6,2025-07-02 15:00:00,81990.00,Pending,Scheduled
396,1181,4,2025-07-14 07:00:00,52740.00,Paid,In Transit
397,1113,4,2025-11-15 10:00:00,49740.00,Paid,In Transit
398,1034,6,2025-08-31 10:00:00,84990.00,Paid,Scheduled
399,417,11,2025-05-08 00:00:00,104990.00,Paid,In Transit
400,977,3,2025-07-20 10:00:00,45490.00,Paid,In Transit
401,1148,7,2026-02-25 23:00:00,101490.00,Paid,Delivered
402,123,5,2025-05-23 21:00:00,59990.00,Paid,In Transit
403,469,10,2025-04-20 00:00:00,79990.00,Refunded,Scheduled
404,1170,4,2025-05-12 07:00:00,54240.00,Paid,Delivered
405,258,4,2025-03-29 17:00:00,52740.00,Paid,Scheduled
406,626,4,2025-02-08 06:00:00,54240.00,Paid,Delivered
407,912,6,2025-08-13 13:00:00,81990.00,Pending,Scheduled
408,21,10,2026-02-22 11:00:00,81990.00,Paid,In Transit
409,1058,1,2025-11-03 13:00:00,74990.00,Paid,Scheduled
410,532,7,2026-01-25 06:00:00,101490.00,Pending,Scheduled
411,713,10,2025-12-17 09:00:00,86490.00,Paid,Scheduled
412,456,5,2025-10-15 13:00:00,56990.00,Paid,Delivered
413,1034,8,2025-08-29 23:00:00,52990.00,Pending,Scheduled
414,250,6,2025-09-23 19:00:00,79990.00,Refunded,Scheduled
415,24,10,2025-03-19 22:00:00,79990.00,Paid,Delivered
416,736,8,2025-04-21 21:00:00,47990.00,Refunded,Delivered
417,442,2,2025-04-25 20:00:00,91990.00,Refunded,Scheduled
418,593,2,2025-08-27 17:00:00,94990.00,Paid,Scheduled
419,408,11,2025-03-03 02:00:00,101990.00,Paid,Delivered
420,718,6,2025-10-16 21:00:00,84990.00,Paid,Delivered
421,529,5,2025-06-15 08:00:00,61490.00,Paid,Scheduled
422,486,5,2025-10-25 14:00:00,59990.00,Refunded,Delivered
423,501,5,2026-03-28 04:00:00,54990.00,Paid,In Transit
424,675,4,2026-01-03 00:00:00,54240.00,Paid,Scheduled
425,741,5,2025-05-08 17:00:00,59990.00,Paid,Delivered
426,493,2,2025-01-24 15:00:00,96490.00,Paid,In Transit
427,436,1,2025-10-08 14:00:00,79990.00,Pending,Scheduled
428,102,9,2025-03-15 08:00:00,54490.00,Paid,Delivered
429,166,1,2026-01-02 17:00:00,81490.00,Paid,Scheduled
430,92,7,2025-12-21 21:00:00,101490.00,Paid,Delivered
431,770,7,2025-03-10 09:00:00,94990.00,Paid,Delivered
432,885,2,2026-02-20 10:00:00,96490.00,Pending,Scheduled
433,799,3,2025-05-23 21:00:00,40990.00,Pending,Scheduled
434,609,7,2025-08-14 09:00:00,96990.00,Paid,Scheduled
435,914,7,2026-04-15 09:00:00,99990.00,Paid,Scheduled
436,1186,7,2025-11-25 07:00:00,99990.00,Refunded,Delivered
437,238,2,2025-11-28 17:00:00,91990.00,Paid,Delivered
438,990,8,2025-10-07 06:00:00,49990.00,Paid,Scheduled
439,532,2,2026-02-03 04:00:00,91990.00,Refunded,Delivered
440,1057,5,2025-12-08 11:00:00,54990.00,Paid,Scheduled
441,10,10,2025-10-10 22:00:00,79990.00,Pending,Scheduled
442,135,5,2025-07-27 23:00:00,56990.00,Pending,Scheduled
443,38,8,2026-01-26 18:00:00,52990.00,Refunded,Scheduled
444,296,8,2025-10-08 11:00:00,49990.00,Paid,In Transit
445,793,4,2026-02-24 15:00:00,52740.00,Paid,Scheduled
446,1007,3,2025-04-24 02:00:00,45490.00,Refunded,Delivered
447,479,8,2025-12-04 13:00:00,54490.00,Paid,Delivered
448,1110,2,2026-03-19 01:00:00,94990.00,Paid,In Transit
449,588,5,2025-12-20 17:00:00,56990.00,Paid,Scheduled
450,112,2,2025-11-19 10:00:00,94990.00,Pending,Scheduled
451,342,5,2025-02-22 16:00:00,59990.00,Paid,Delivered
452,699,9,2025-07-14 10:00:00,57490.00,Paid,Scheduled
453,132,6,2025-08-18 07:00:00,79990.00,Paid,Delivered
454,94,11,2025-06-01 10:00:00,106490.00,Paid,Scheduled
455,495,5,2025-04-09 11:00:00,56990.00,Paid,Scheduled
456,239,6,2025-08-30 23:00:00,84990.00,Paid,Scheduled
457,25,6,2025-07-20 23:00:00,84990.00,Refunded,Scheduled
458,437,2,2025-08-31 07:00:00,96490.00,Paid,In Transit
459,125,4,2026-02-04 01:00:00,54240.00,Pending,Scheduled
460,946,1,2025-11-26 05:00:00,74990.00,Pending,Scheduled
461,786,6,2025-10-09 00:00:00,81990.00,Paid,Scheduled
462,887,11,2025-02-23 21:00:00,106490.00,Refunded,Delivered
463,720,9,2025-09-28 16:00:00,57490.00,Pending,Scheduled
464,1077,5,2025-06-09 05:00:00,56990.00,Paid,Delivered
465,460,7,2025-12-06 10:00:00,101490.00,Pending,Scheduled
466,84,8,2025-04-23 04:00:00,54490.00,Paid,Delivered
467,562,7,2025-10-29 04:00:00,101490.00,Pending,Scheduled
468,773,2,2025-07-05 23:00:00,96490.00,Refunded,Delivered
469,363,8,2025-12-15 00:00:00,52990.00,Pending,Scheduled
470,37,2,2025-06-19 00:00:00,89990.00,Refunded,In Transit
471,598,6,2025-11-13 21:00:00,86490.00,Pending,Scheduled
472,539,9,2025-04-11 00:00:00,52490.00,Paid,Delivered
473,686,1,2026-02-26 15:00:00,81490.00,Paid,In Transit
474,1095,9,2026-03-04 18:00:00,52490.00,Paid,Delivered
475,359,7,2026-01-18 06:00:00,99990.00,Refunded,In Transit
476,571,11,2026-03-05 02:00:00,101990.00,Refunded,In Transit
477,817,2,2025-07-18 08:00:00,91990.00,Paid,Delivered
478,998,9,2025-02-13 06:00:00,57490.00,Paid,Delivered
479,953,11,2025-04-08 15:00:00,106490.00,Refunded,Delivered
480,88,11,2025-11-01 08:00:00,106490.00,Refunded,Scheduled
481,1048,2,2025-12-10 14:00:00,89990.00,Pending,Scheduled
482,128,1,2025-07-15 12:00:00,79990.00,Pending,Scheduled
483,752,5,2026-02-15 10:00:00,56990.00,Paid,Scheduled
484,914,7,2026-04-23 08:00:00,96990.00,Pending,Scheduled
485,602,4,2025-07-22 05:00:00,47740.00,Pending,Scheduled
486,1091,11,2025-05-24 02:00:00,104990.00,Paid,Scheduled
487,152,8,2025-06-28 00:00:00,49990.00,Paid,Scheduled
488,129,2,2026-03-24 03:00:00,91990.00,Refunded,In Transit
489,503,1,2025-12-20 04:00:00,76990.00,Paid,Delivered
490,936,7,2025-11-14 07:00:00,94990.00,Paid,Scheduled
491,55,8,2025-10-21 15:00:00,54490.00,Paid,Delivered
492,481,1,2025-06-17 17:00:00,79990.00,Pending,Scheduled
493,891,10,2025-11-21 07:00:00,81990.00,Paid,Scheduled
494,1173,10,2026-04-29 06:00:00,84990.00,Paid,Scheduled
495,1046,1,2025-03-27 09:00:00,81490.00,Pending,Scheduled
496,216,3,2025-11-30 22:00:00,40990.00,Paid,Scheduled
497,994,5,2026-02-25 12:00:00,54990.00,Refunded,In Transit
498,1199,6,2025-02-11 10:00:00,84990.00,Paid,In Transit
499,867,2,2025-08-14 12:00:00,96490.00,Paid,In Transit
500,386,8,2026-01-05 17:00:00,54490.00,Refunded,Delivered
501,173,1,2025-03-08 10:00:00,81490.00,Paid,In Transit
502,1060,4,2025-08-18 06:00:00,52740.00,Refunded,In Transit
503,536,7,2026-02-14 08:00:00,99990.00,Paid,In Transit
504,1166,5,2026-03-28 06:00:00,59990.00,Refunded,Scheduled
505,614,11,2026-03-16 21:00:00,106490.00,Paid,Delivered
506,139,7,2025-03-06 18:00:00,94990.00,Pending,Scheduled
507,772,3,2025-07-11 05:00:00,38990.00,Paid,Scheduled
508,552,7,2025-10-26 17:00:00,94990.00,Paid,Delivered
509,1133,9,2026-02-26 04:00:00,52490.00,Paid,In Transit
510,635,1,2025-05-31 01:00:00,74990.00,Paid,Delivered
511,979,2,2026-01-11 05:00:00,89990.00,Paid,In Transit
512,514,9,2026-02-10 21:00:00,57490.00,Paid,Scheduled
513,599,6,2025-08-26 14:00:00,86490.00,Pending,Scheduled
514,554,10,2026-04-29 03:00:00,86490.00,Paid,In Transit
515,40,4,2025-05-14 05:00:00,47740.00,Paid,Delivered
516,786,7,2025-10-14 22:00:00,96990.00,Paid,In Transit
517,415,4,2025-08-10 08:00:00,49740.00,Refunded,In Transit
518,9,2,2025-08-04 11:00:00,91990.00,Refunded,Delivered
519,616,1,2025-09-20 17:00:00,81490.00,Paid,In Transit
520,570,2,2025-04-05 15:00:00,96490.00,Refunded,In Transit
521,845,9,2026-03-31 14:00:00,57490.00,Paid,Scheduled
522,7,11,2025-10-20 02:00:00,101990.00,Paid,In Transit
523,198,6,2026-03-31 12:00:00,81990.00,Refunded,In Transit
524,984,9,2025-02-07 10:00:00,54490.00,Pending,Scheduled
525,340,2,2025-08-03 08:00:00,89990.00,Pending,Scheduled
526,1106,9,2025-04-02 10:00:00,58990.00,Pending,Scheduled
527,151,7,2025-12-04 13:00:00,99990.00,Paid,Scheduled
528,397,1,2025-07-18 06:00:00,79990.00,Refunded,Scheduled
529,1046,10,2025-03-13 10:00:00,81990.00,Pending,Scheduled
530,164,8,2025-11-10 22:00:00,49990.00,Paid,In Transit
531,586,4,2025-12-22 06:00:00,49740.00,Paid,Delivered
532,381,9,2025-02-20 05:00:00,57490.00,Paid,Scheduled
533,314,4,2026-01-08 06:00:00,49740.00,Paid,Delivered
534,446,2,2026-04-03 14:00:00,94990.00,Refunded,Scheduled
535,342,2,2025-03-24 21:00:00,94990.00,Paid,Delivered
536,316,9,2025-05-09 09:00:00,54490.00,Paid,Scheduled
537,565,8,2025-12-16 14:00:00,52990.00,Pending,Scheduled
538,69,4,2025-09-20 05:00:00,52740.00,Paid,Scheduled
539,950,7,2025-04-10 12:00:00,101490.00,Paid,In Transit
540,379,5,2026-03-30 13:00:00,61490.00,Refunded,Scheduled
541,570,4,2025-04-03 23:00:00,54240.00,Paid,In Transit
542,574,10,2025-08-10 03:00:00,84990.00,Paid,Delivered
543,689,7,2025-11-30 10:00:00,101490.00,Pending,Scheduled
544,528,5,2025-02-16 06:00:00,56990.00,Refunded,In Transit
545,769,11,2025-05-12 01:00:00,101990.00,Pending,Scheduled
546,872,6,2025-11-02 13:00:00,86490.00,Paid,In Transit
547,142,3,2025-10-04 23:00:00,38990.00,Refunded,Delivered
548,808,5,2025-11-09 08:00:00,54990.00,Paid,Scheduled
549,931,9,2025-08-07 01:00:00,52490.00,Paid,In Transit
550,298,2,2026-03-06 23:00:00,91990.00,Paid,Delivered
551,116,6,2025-06-11 23:00:00,84990.00,Pending,Scheduled
552,448,1,2026-01-19 08:00:00,79990.00,Paid,Delivered
553,196,2,2025-11-26 14:00:00,91990.00,Pending,Scheduled
554,2,4,2026-04-07 23:00:00,54240.00,Paid,Delivered
555,347,7,2025-03-29 07:00:00,94990.00,Paid,In Transit
556,392,8,2026-04-14 14:00:00,49990.00,Paid,Scheduled
557,76,10,2025-08-16 03:00:00,79990.00,Paid,Scheduled
558,810,1,2025-10-03 03:00:00,76990.00,Paid,In Transit
559,288,3,2026-03-28 05:00:00,45490.00,Paid,In Transit
560,513,7,2026-03-20 20:00:00,101490.00,Refunded,Scheduled
561,371,2,2025-12-02 02:00:00,94990.00,Refunded,Delivered
562,1183,6,2025-09-11 18:00:00,81990.00,Pending,Scheduled
563,137,5,2026-03-30 21:00:00,56990.00,Paid,Delivered
564,169,11,2025-05-24 17:00:00,99990.00,Paid,In Transit
565,562,8,2025-11-02 08:00:00,47990.00,Paid,Delivered
566,828,1,2026-03-01 11:00:00,81490.00,Paid,Delivered
567,542,5,2026-03-02 16:00:00,54990.00,Pending,Scheduled
568,1074,6,2025-08-12 04:00:00,86490.00,Paid,Delivered
569,150,7,2025-10-22 08:00:00,99990.00,Pending,Scheduled
570,1018,6,2025-08-10 09:00:00,79990.00,Pending,Scheduled
571,307,8,2025-03-07 13:00:00,54490.00,Paid,Delivered
572,235,5,2025-01-23 11:00:00,59990.00,Pending,Scheduled
573,1056,4,2025-01-14 08:00:00,47740.00,Refunded,Scheduled
574,1067,1,2025-10-11 08:00:00,81490.00,Paid,Delivered
575,551,2,2025-06-13 08:00:00,94990.00,Paid,In Transit
576,1171,11,2025-05-08 12:00:00,101990.00,Paid,Delivered
577,911,11,2025-09-02 14:00:00,106490.00,Paid,Delivered
578,385,5,2026-02-16 11:00:00,59990.00,Paid,Delivered
579,739,9,2025-11-15 21:00:00,57490.00,Paid,Delivered
580,90,4,2025-08-27 08:00:00,49740.00,Refunded,Scheduled
581,98,2,2026-04-01 14:00:00,94990.00,Refunded,Delivered
582,680,7,2025-10-19 13:00:00,99990.00,Paid,Delivered
583,899,4,2026-02-19 16:00:00,49740.00,Paid,Delivered
584,896,5,2025-08-15 06:00:00,56990.00,Paid,Scheduled
585,478,1,2025-08-23 00:00:00,79990.00,Paid,Delivered
586,1180,5,2026-01-05 19:00:00,59990.00,Paid,Delivered
587,59,5,2025-08-13 14:00:00,54990.00,Paid,Delivered
588,727,1,2025-12-04 03:00:00,76990.00,Paid,Scheduled
589,580,2,2026-02-20 17:00:00,89990.00,Pending,Scheduled
590,890,10,2025-07-19 13:00:00,79990.00,Paid,Delivered
591,144,5,2025-05-15 08:00:00,54990.00,Paid,In Transit
592,906,6,2025-02-15 14:00:00,84990.00,Paid,Scheduled
593,1072,3,2025-07-21 07:00:00,38990.00,Paid,In Transit
594,1024,9,2026-03-08 23:00:00,52490.00,Pending,Scheduled
595,27,6,2026-01-13 21:00:00,81990.00,Paid,Scheduled
596,807,11,2025-12-06 17:00:00,106490.00,Pending,Scheduled
597,477,7,2026-03-17 08:00:00,96990.00,Refunded,Scheduled
598,334,4,2026-03-19 00:00:00,49740.00,Pending,Scheduled
599,29,1,2025-10-05 23:00:00,79990.00,Pending,Scheduled
600,557,5,2025-03-26 21:00:00,61490.00,Refunded,Delivered
601,958,7,2026-02-03 12:00:00,96990.00,Paid,Delivered
602,306,7,2025-09-17 00:00:00,94990.00,Paid,Delivered
603,683,1,2025-10-26 05:00:00,81490.00,Paid,Delivered
604,908,9,2025-07-03 18:00:00,52490.00,Paid,In Transit
605,813,6,2025-06-19 05:00:00,81990.00,Pending,Scheduled
606,616,2,2025-09-17 13:00:00,91990.00,Refunded,In Transit
607,177,10,2025-08-13 15:00:00,84990.00,Pending,Scheduled
608,802,4,2025-12-25 17:00:00,54240.00,Paid,In Transit
609,446,4,2026-04-08 04:00:00,49740.00,Pending,Scheduled
610,32,7,2026-04-11 15:00:00,94990.00,Refunded,Delivered
611,667,10,2026-04-25 23:00:00,81990.00,Paid,Delivered
612,802,9,2026-01-13 22:00:00,52490.00,Paid,In Transit
613,489,2,2025-07-02 09:00:00,91990.00,Paid,In Transit
614,193,8,2025-03-14 15:00:00,47990.00,Paid,Delivered
615,36,6,2025-10-17 17:00:00,81990.00,Paid,Delivered
616,569,8,2025-03-06 01:00:00,47990.00,Paid,Delivered
617,1144,6,2025-04-03 10:00:00,81990.00,Refunded,Delivered
618,1170,3,2025-05-02 03:00:00,40990.00,Pending,Scheduled
619,516,8,2025-06-21 07:00:00,49990.00,Refunded,Delivered
620,57,1,2026-04-09 04:00:00,79990.00,Refunded,Scheduled
621,1062,8,2026-04-08 23:00:00,52990.00,Pending,Scheduled
622,72,6,2025-10-20 22:00:00,86490.00,Paid,Delivered
623,228,9,2026-03-15 09:00:00,54490.00,Pending,Scheduled
624,267,7,2025-04-04 20:00:00,94990.00,Pending,Scheduled
625,806,8,2026-01-31 15:00:00,54490.00,Paid,Delivered
626,417,4,2025-04-21 22:00:00,54240.00,Pending,Scheduled
627,473,10,2025-11-28 18:00:00,79990.00,Refunded,Delivered
628,442,6,2025-04-03 02:00:00,84990.00,Pending,Scheduled
629,143,3,2025-11-24 23:00:00,43990.00,Pending,Scheduled
630,953,5,2025-04-18 15:00:00,54990.00,Paid,Delivered
631,794,9,2025-07-11 22:00:00,52490.00,Refunded,In Transit
632,740,8,2025-11-05 05:00:00,47990.00,Paid,In Transit
633,740,2,2025-11-15 06:00:00,96490.00,Paid,Scheduled
634,398,8,2026-02-27 02:00:00,47990.00,Paid,In Transit
635,150,4,2025-09-20 08:00:00,54240.00,Refunded,Delivered
636,364,3,2025-07-07 19:00:00,38990.00,Paid,Delivered
637,380,2,2025-05-24 18:00:00,94990.00,Paid,In Transit
638,781,3,2025-08-16 18:00:00,40990.00,Paid,In Transit
639,324,9,2025-11-10 21:00:00,58990.00,Paid,Scheduled
640,973,9,2026-04-29 05:00:00,54490.00,Paid,Scheduled
641,4,7,2025-10-26 16:00:00,101490.00,Paid,Scheduled
642,762,8,2025-06-05 21:00:00,54490.00,Paid,Delivered
643,374,4,2025-02-08 12:00:00,47740.00,Paid,In Transit
644,305,8,2025-12-04 17:00:00,47990.00,Paid,Delivered
645,693,5,2025-05-30 14:00:00,56990.00,Refunded,Delivered
646,256,11,2026-02-06 22:00:00,104990.00,Paid,Delivered
647,873,5,2025-11-15 02:00:00,59990.00,Refunded,In Transit
648,613,7,2025-10-10 04:00:00,94990.00,Paid,Delivered
649,796,1,2025-03-27 17:00:00,79990.00,Pending,Scheduled
650,653,4,2025-09-02 11:00:00,49740.00,Paid,In Transit
651,354,7,2025-07-08 14:00:00,94990.00,Refunded,Scheduled
652,754,1,2025-10-09 18:00:00,74990.00,Paid,In Transit
653,1105,6,2025-07-16 18:00:00,81990.00,Pending,Scheduled
654,170,3,2025-09-11 20:00:00,45490.00,Paid,Scheduled
655,16,7,2025-07-09 00:00:00,94990.00,Paid,In Transit
656,1012,7,2025-10-29 11:00:00,96990.00,Refunded,Scheduled
657,568,3,2025-04-08 13:00:00,38990.00,Paid,In Transit
658,431,3,2026-01-29 23:00:00,38990.00,Refunded,Delivered
659,607,2,2026-03-02 10:00:00,91990.00,Paid,Delivered
660,514,9,2026-02-03 02:00:00,57490.00,Paid,Delivered
661,1181,5,2025-07-11 08:00:00,61490.00,Refunded,Delivered
662,1057,2,2025-12-01 16:00:00,89990.00,Paid,In Transit
663,138,2,2025-03-16 22:00:00,94990.00,Pending,Scheduled
664,106,8,2026-03-21 17:00:00,52990.00,Paid,Scheduled
665,53,6,2026-03-18 05:00:00,81990.00,Paid,Scheduled
666,993,6,2025-02-11 11:00:00,79990.00,Pending,Scheduled
667,904,7,2025-07-23 00:00:00,94990.00,Paid,Delivered
668,750,5,2025-02-07 20:00:00,56990.00,Paid,Scheduled
669,665,5,2025-06-04 04:00:00,56990.00,Refunded,Delivered
670,396,9,2025-05-30 02:00:00,54490.00,Pending,Scheduled
671,214,1,2025-08-02 07:00:00,74990.00,Paid,Delivered
672,503,5,2025-12-18 12:00:00,54990.00,Paid,Delivered
673,589,1,2025-12-03 07:00:00,76990.00,Paid,Scheduled
674,1138,6,2025-03-26 07:00:00,81990.00,Paid,Delivered
675,225,1,2025-12-26 02:00:00,74990.00,Paid,In Transit
676,191,2,2026-02-21 21:00:00,94990.00,Paid,Delivered
677,557,8,2025-03-18 04:00:00,52990.00,Paid,In Transit
678,517,11,2026-02-04 01:00:00,99990.00,Paid,Scheduled
679,71,2,2025-05-07 06:00:00,91990.00,Paid,In Transit
680,788,9,2025-02-28 09:00:00,57490.00,Paid,Scheduled
681,1160,6,2025-08-01 16:00:00,84990.00,Refunded,Delivered
682,121,3,2025-01-31 12:00:00,43990.00,Paid,Scheduled
683,1172,11,2026-03-08 11:00:00,101990.00,Refunded,In Transit
684,779,3,2025-11-15 22:00:00,43990.00,Paid,Scheduled
685,48,9,2025-09-22 06:00:00,57490.00,Refunded,Scheduled
686,389,9,2025-11-11 12:00:00,52490.00,Refunded,Delivered
687,347,11,2025-04-02 14:00:00,106490.00,Refunded,In Transit
688,98,1,2026-03-30 15:00:00,81490.00,Paid,Scheduled
689,58,7,2025-08-09 23:00:00,96990.00,Refunded,In Transit
690,86,1,2026-02-21 01:00:00,81490.00,Paid,Delivered
691,608,3,2025-05-11 02:00:00,40990.00,Paid,In Transit
692,499,4,2025-05-21 03:00:00,49740.00,Paid,Scheduled
693,565,5,2026-01-02 19:00:00,56990.00,Paid,Scheduled
694,807,6,2025-11-20 01:00:00,81990.00,Paid,Delivered
695,69,10,2025-08-16 08:00:00,79990.00,Paid,In Transit
696,279,5,2025-06-11 04:00:00,54990.00,Pending,Scheduled
697,248,7,2025-01-15 05:00:00,96990.00,Paid,Delivered
698,660,6,2025-11-07 14:00:00,86490.00,Pending,Scheduled
699,1189,6,2025-07-30 04:00:00,79990.00,Paid,Scheduled
700,165,7,2025-06-12 05:00:00,101490.00,Paid,Delivered
701,1151,1,2026-04-18 14:00:00,81490.00,Paid,Delivered
702,831,7,2026-03-08 18:00:00,101490.00,Paid,In Transit
703,684,5,2026-03-08 19:00:00,54990.00,Paid,Delivered
704,261,9,2025-03-23 21:00:00,54490.00,Pending,Scheduled
705,8,9,2025-10-07 18:00:00,57490.00,Paid,Delivered
706,493,3,2025-01-27 09:00:00,45490.00,Paid,Delivered
707,212,5,2025-08-01 15:00:00,61490.00,Pending,Scheduled
708,577,9,2025-07-10 11:00:00,57490.00,Paid,Scheduled
709,32,11,2026-04-14 13:00:00,99990.00,Refunded,Delivered
710,388,1,2026-02-28 13:00:00,74990.00,Paid,Delivered
711,623,10,2025-11-04 17:00:00,84990.00,Paid,Scheduled
712,201,1,2025-09-10 10:00:00,74990.00,Paid,Delivered
713,19,6,2025-10-10 06:00:00,79990.00,Paid,Delivered
714,158,7,2026-04-01 06:00:00,94990.00,Paid,Delivered
715,178,5,2025-05-30 03:00:00,54990.00,Paid,Delivered
716,750,3,2025-03-02 20:00:00,45490.00,Pending,Scheduled
717,270,9,2026-02-22 20:00:00,52490.00,Refunded,In Transit
718,728,6,2025-08-07 23:00:00,81990.00,Paid,Delivered
719,834,8,2025-01-31 18:00:00,49990.00,Paid,Delivered
720,181,6,2025-06-08 06:00:00,81990.00,Pending,Scheduled
721,535,1,2026-03-24 11:00:00,74990.00,Paid,Delivered
722,259,4,2025-12-15 00:00:00,47740.00,Pending,Scheduled
723,592,8,2025-07-19 19:00:00,47990.00,Paid,Delivered
724,626,1,2025-03-07 05:00:00,81490.00,Refunded,Delivered
725,975,10,2026-01-19 20:00:00,86490.00,Refunded,Delivered
726,306,7,2025-09-18 22:00:00,99990.00,Paid,Delivered
727,760,8,2025-09-29 03:00:00,49990.00,Paid,Delivered
728,802,7,2025-12-23 00:00:00,101490.00,Paid,In Transit
729,101,7,2025-05-05 08:00:00,96990.00,Paid,Delivered
730,964,10,2025-06-09 02:00:00,81990.00,Paid,Delivered
731,231,3,2025-10-31 01:00:00,45490.00,Paid,Scheduled
732,1069,6,2026-01-20 08:00:00,79990.00,Refunded,In Transit
733,276,4,2025-07-14 21:00:00,47740.00,Paid,Delivered
734,39,3,2025-05-07 07:00:00,45490.00,Paid,Delivered
735,246,4,2025-04-06 10:00:00,54240.00,Pending,Scheduled
736,780,11,2025-12-26 12:00:00,101990.00,Paid,Delivered
737,845,9,2026-03-19 10:00:00,52490.00,Refunded,Delivered
738,210,5,2025-05-12 08:00:00,59990.00,Paid,Delivered
739,801,11,2025-06-23 20:00:00,101990.00,Pending,Scheduled
740,1098,11,2025-04-07 15:00:00,101990.00,Paid,In Transit
741,631,6,2026-03-04 18:00:00,81990.00,Paid,Scheduled
742,428,3,2025-10-28 03:00:00,43990.00,Paid,In Transit
743,349,2,2025-09-01 10:00:00,96490.00,Paid,Scheduled
744,1049,6,2026-02-27 03:00:00,84990.00,Paid,In Transit
745,1006,2,2026-03-16 02:00:00,96490.00,Paid,Scheduled
746,835,10,2025-08-13 22:00:00,86490.00,Paid,Delivered
747,780,6,2026-01-07 00:00:00,79990.00,Paid,Delivered
748,1115,9,2025-11-06 06:00:00,58990.00,Paid,Scheduled
749,1013,6,2025-02-07 07:00:00,86490.00,Paid,Scheduled
750,1121,2,2025-08-21 21:00:00,96490.00,Paid,Delivered
751,250,2,2025-10-04 22:00:00,89990.00,Refunded,Delivered
752,936,7,2025-11-08 14:00:00,94990.00,Paid,In Transit
753,633,5,2025-07-01 06:00:00,59990.00,Paid,In Transit
754,51,8,2026-01-19 03:00:00,54490.00,Paid,Delivered
755,54,9,2025-04-09 00:00:00,57490.00,Paid,Delivered
756,1191,7,2025-05-17 09:00:00,99990.00,Paid,Scheduled
757,566,9,2025-08-21 17:00:00,58990.00,Refunded,In Transit
758,156,10,2026-01-07 20:00:00,84990.00,Paid,Delivered
759,893,1,2025-01-27 08:00:00,81490.00,Paid,Delivered
760,509,6,2025-10-12 00:00:00,84990.00,Pending,Scheduled
761,312,1,2026-01-30 16:00:00,74990.00,Refunded,Delivered
762,194,1,2025-12-11 22:00:00,81490.00,Pending,Scheduled
763,115,2,2025-08-15 04:00:00,96490.00,Paid,Delivered
764,89,4,2025-11-24 01:00:00,52740.00,Paid,In Transit
765,473,7,2025-11-12 23:00:00,101490.00,Paid,Scheduled
766,196,7,2025-11-28 08:00:00,99990.00,Paid,In Transit
767,608,8,2025-04-01 06:00:00,52990.00,Paid,Delivered
768,1048,11,2025-12-10 18:00:00,101990.00,Paid,In Transit
769,146,11,2025-11-08 00:00:00,99990.00,Refunded,Scheduled
770,613,7,2025-11-05 17:00:00,99990.00,Refunded,Delivered
771,1174,9,2025-10-08 15:00:00,58990.00,Paid,In Transit
772,343,2,2025-09-02 14:00:00,89990.00,Paid,Delivered
773,1159,3,2026-04-21 20:00:00,38990.00,Refunded,Delivered
774,753,5,2025-02-22 04:00:00,56990.00,Refunded,In Transit
775,61,4,2025-03-01 23:00:00,52740.00,Paid,Delivered
776,188,3,2026-03-20 10:00:00,43990.00,Pending,Scheduled
777,901,1,2025-06-06 20:00:00,76990.00,Paid,Scheduled
778,1152,10,2025-05-01 22:00:00,84990.00,Paid,Delivered
779,27,6,2026-01-30 22:00:00,79990.00,Paid,In Transit
780,961,8,2025-06-15 22:00:00,47990.00,Pending,Scheduled
781,1090,6,2026-01-02 09:00:00,86490.00,Refunded,Delivered
782,345,5,2026-02-14 16:00:00,61490.00,Paid,In Transit
783,183,11,2026-02-19 10:00:00,99990.00,Pending,Scheduled
784,101,5,2025-05-08 09:00:00,56990.00,Paid,Scheduled
785,1007,4,2025-04-06 23:00:00,47740.00,Paid,Scheduled
786,758,6,2025-11-03 00:00:00,84990.00,Paid,In Transit
787,407,3,2026-02-14 22:00:00,45490.00,Paid,Scheduled
788,865,3,2026-02-13 22:00:00,38990.00,Paid,Delivered
789,276,8,2025-06-24 02:00:00,54490.00,Pending,Scheduled
790,694,2,2025-02-25 06:00:00,94990.00,Pending,Scheduled
791,1129,6,2026-04-15 23:00:00,79990.00,Paid,In Transit
792,1155,2,2025-09-06 13:00:00,91990.00,Refunded,Delivered
793,258,7,2025-03-13 16:00:00,99990.00,Paid,Scheduled
794,417,10,2025-05-02 04:00:00,86490.00,Paid,Delivered
795,1025,10,2025-09-06 06:00:00,86490.00,Paid,Delivered
796,88,8,2025-11-30 11:00:00,47990.00,Paid,Delivered
797,758,8,2025-11-06 03:00:00,49990.00,Paid,In Transit
798,572,4,2025-07-22 06:00:00,47740.00,Pending,Scheduled
799,551,3,2025-06-13 01:00:00,40990.00,Refunded,Delivered
800,677,6,2025-11-20 05:00:00,81990.00,Refunded,In Transit
801,562,10,2025-10-25 23:00:00,84990.00,Refunded,Scheduled
802,838,1,2025-07-06 04:00:00,76990.00,Refunded,Scheduled
803,198,10,2026-02-26 16:00:00,79990.00,Paid,Delivered
804,61,3,2025-03-04 20:00:00,40990.00,Paid,Delivered
805,695,4,2025-06-11 18:00:00,49740.00,Paid,In Transit
806,36,7,2025-10-11 14:00:00,94990.00,Paid,Delivered
807,956,5,2026-03-11 12:00:00,61490.00,Pending,Scheduled
808,52,2,2025-06-02 12:00:00,89990.00,Paid,In Transit
809,442,1,2025-04-21 02:00:00,76990.00,Pending,Scheduled
810,916,11,2025-03-13 00:00:00,106490.00,Pending,Scheduled
811,461,9,2026-01-24 10:00:00,57490.00,Paid,Delivered
812,165,8,2025-05-26 03:00:00,54490.00,Paid,In Transit
813,949,2,2025-10-28 19:00:00,96490.00,Refunded,Scheduled
814,850,8,2025-11-20 23:00:00,47990.00,Paid,Scheduled
815,296,7,2025-10-13 18:00:00,96990.00,Pending,Scheduled
816,282,9,2025-12-20 13:00:00,54490.00,Paid,Delivered
817,338,2,2025-11-02 19:00:00,91990.00,Paid,Delivered
818,513,7,2026-03-25 17:00:00,101490.00,Paid,Delivered
819,1191,10,2025-05-16 09:00:00,81990.00,Paid,Scheduled
820,834,2,2025-02-01 22:00:00,96490.00,Paid,Delivered
821,1032,2,2026-03-04 06:00:00,91990.00,Paid,Delivered
822,705,3,2025-09-16 23:00:00,38990.00,Paid,Delivered
823,884,4,2025-03-17 05:00:00,49740.00,Paid,Delivered
824,91,2,2026-02-11 18:00:00,91990.00,Paid,Delivered
825,28,1,2026-03-17 10:00:00,74990.00,Pending,Scheduled
826,353,2,2026-02-25 09:00:00,96490.00,Paid,In Transit
827,385,5,2026-03-28 07:00:00,56990.00,Refunded,In Transit
828,260,1,2026-01-02 01:00:00,76990.00,Paid,Delivered
829,457,9,2025-07-06 02:00:00,52490.00,Paid,Scheduled
830,352,4,2025-04-17 09:00:00,49740.00,Paid,In Transit
831,1128,6,2025-11-27 08:00:00,79990.00,Paid,Delivered
832,414,1,2025-08-17 19:00:00,76990.00,Paid,Delivered
833,649,2,2026-04-07 10:00:00,89990.00,Paid,Delivered
834,705,5,2025-09-12 07:00:00,59990.00,Refunded,In Transit
835,752,1,2026-03-06 10:00:00,76990.00,Paid,In Transit
836,732,9,2026-03-31 08:00:00,58990.00,Paid,Scheduled
837,660,2,2025-11-05 21:00:00,94990.00,Paid,Scheduled
838,558,7,2025-11-07 19:00:00,94990.00,Refunded,Delivered
839,826,9,2025-11-17 02:00:00,58990.00,Pending,Scheduled
840,599,10,2025-09-29 12:00:00,79990.00,Paid,In Transit
841,236,8,2026-04-19 16:00:00,47990.00,Paid,Scheduled
842,317,3,2025-12-27 18:00:00,40990.00,Paid,Delivered
843,917,9,2025-01-12 17:00:00,57490.00,Paid,Delivered
844,291,1,2025-11-04 21:00:00,74990.00,Paid,In Transit
845,964,10,2025-05-23 23:00:00,86490.00,Paid,Delivered
846,938,8,2025-05-19 10:00:00,54490.00,Paid,Delivered
847,324,6,2025-11-22 00:00:00,84990.00,Paid,In Transit
848,1129,2,2026-04-24 15:00:00,91990.00,Pending,Scheduled
849,341,7,2025-02-04 13:00:00,101490.00,Paid,In Transit
850,150,9,2025-10-05 13:00:00,57490.00,Refunded,Scheduled
851,865,3,2026-02-16 01:00:00,38990.00,Paid,Scheduled
852,8,1,2025-10-13 23:00:00,76990.00,Paid,Delivered
853,275,10,2026-04-11 06:00:00,79990.00,Refunded,Delivered
854,551,8,2025-05-12 05:00:00,52990.00,Pending,Scheduled
855,77,10,2026-01-21 03:00:00,79990.00,Paid,Scheduled
856,11,1,2025-12-07 06:00:00,79990.00,Refunded,Delivered
857,145,7,2026-01-03 13:00:00,94990.00,Refunded,In Transit
858,813,6,2025-07-17 13:00:00,84990.00,Paid,Scheduled
859,1191,7,2025-06-01 15:00:00,96990.00,Paid,In Transit
860,209,2,2026-03-05 11:00:00,89990.00,Refunded,In Transit
861,143,10,2025-11-11 19:00:00,79990.00,Paid,Delivered
862,173,4,2025-03-09 09:00:00,47740.00,Paid,In Transit
863,477,4,2026-02-24 07:00:00,54240.00,Paid,Delivered
864,1155,7,2025-10-01 16:00:00,101490.00,Pending,Scheduled
865,1131,8,2025-09-19 17:00:00,47990.00,Refunded,In Transit
866,863,11,2025-05-24 02:00:00,99990.00,Paid,Delivered
867,3,5,2025-03-25 14:00:00,54990.00,Refunded,Delivered
868,1048,8,2025-12-13 17:00:00,52990.00,Paid,In Transit
869,778,3,2026-02-04 08:00:00,40990.00,Pending,Scheduled
870,1033,4,2025-06-14 17:00:00,52740.00,Paid,Delivered
871,1110,3,2026-05-01 22:00:00,43990.00,Pending,Scheduled
872,695,10,2025-06-12 12:00:00,84990.00,Paid,In Transit
873,581,10,2026-04-02 14:00:00,79990.00,Paid,Scheduled
874,153,11,2025-12-11 05:00:00,101990.00,Pending,Scheduled
875,859,4,2025-06-05 17:00:00,49740.00,Refunded,Scheduled
876,692,2,2025-02-08 02:00:00,91990.00,Paid,Delivered
877,772,9,2025-07-18 01:00:00,52490.00,Paid,In Transit
878,536,3,2026-02-11 00:00:00,43990.00,Paid,Scheduled
879,342,7,2025-03-28 22:00:00,99990.00,Paid,Delivered
880,389,9,2025-10-24 11:00:00,58990.00,Paid,Delivered
881,409,6,2026-03-30 03:00:00,86490.00,Pending,Scheduled
882,1041,6,2025-10-26 11:00:00,86490.00,Paid,Scheduled
883,1110,4,2026-03-20 19:00:00,47740.00,Paid,Scheduled
884,793,1,2026-03-05 21:00:00,79990.00,Paid,Scheduled
885,36,4,2025-10-01 12:00:00,47740.00,Paid,Scheduled
886,1168,2,2025-09-01 13:00:00,94990.00,Pending,Scheduled
887,920,3,2025-09-01 11:00:00,45490.00,Refunded,In Transit
888,669,3,2025-05-20 04:00:00,43990.00,Paid,In Transit
889,555,4,2025-12-28 00:00:00,52740.00,Pending,Scheduled
890,216,9,2025-12-10 05:00:00,58990.00,Refunded,Delivered
891,1116,5,2026-01-03 21:00:00,54990.00,Paid,Scheduled
892,305,11,2025-10-26 15:00:00,104990.00,Paid,Scheduled
893,87,7,2025-07-22 22:00:00,94990.00,Paid,Scheduled
894,634,1,2026-02-26 00:00:00,79990.00,Pending,Scheduled
895,177,1,2025-08-02 04:00:00,76990.00,Paid,Scheduled
896,269,11,2026-03-14 20:00:00,101990.00,Paid,Delivered
897,161,5,2026-03-10 09:00:00,59990.00,Paid,Delivered
898,414,8,2025-08-19 12:00:00,52990.00,Paid,In Transit
899,521,1,2025-11-08 09:00:00,76990.00,Paid,In Transit
900,286,4,2026-01-22 23:00:00,49740.00,Paid,In Transit
901,760,7,2025-10-01 09:00:00,94990.00,Paid,Delivered
902,1049,10,2026-02-08 20:00:00,81990.00,Paid,In Transit
903,861,6,2025-12-18 11:00:00,86490.00,Paid,In Transit
904,702,8,2025-09-03 11:00:00,49990.00,Paid,Scheduled
905,461,10,2026-03-02 13:00:00,81990.00,Paid,In Transit
906,273,2,2025-10-28 10:00:00,94990.00,Paid,Scheduled
907,844,9,2025-03-03 16:00:00,57490.00,Paid,Delivered
908,761,9,2026-02-01 03:00:00,57490.00,Refunded,In Transit
909,488,11,2026-02-04 12:00:00,99990.00,Refunded,Delivered
910,257,4,2025-10-13 14:00:00,49740.00,Paid,Scheduled
911,1149,11,2025-12-26 05:00:00,99990.00,Refunded,Scheduled
912,1028,9,2026-01-30 18:00:00,58990.00,Paid,Delivered
913,882,11,2026-03-31 04:00:00,104990.00,Pending,Scheduled
914,1175,10,2025-06-22 22:00:00,81990.00,Refunded,In Transit
915,745,10,2025-06-11 07:00:00,84990.00,Refunded,Scheduled
916,624,2,2025-07-04 10:00:00,94990.00,Paid,Delivered
917,1053,2,2025-10-06 15:00:00,96490.00,Paid,In Transit
918,1100,9,2025-12-30 02:00:00,52490.00,Paid,Scheduled
919,979,2,2026-01-11 10:00:00,89990.00,Pending,Scheduled
920,858,8,2025-02-15 02:00:00,47990.00,Pending,Scheduled
921,694,6,2025-02-17 15:00:00,81990.00,Paid,Delivered
922,236,3,2026-03-22 17:00:00,45490.00,Paid,In Transit
923,791,4,2025-04-08 08:00:00,52740.00,Paid,Scheduled
924,820,8,2026-03-14 07:00:00,49990.00,Paid,In Transit
925,696,7,2026-04-05 19:00:00,101490.00,Paid,Delivered
926,59,1,2025-08-20 07:00:00,79990.00,Paid,Delivered
927,1016,8,2025-02-03 09:00:00,49990.00,Pending,Scheduled
928,480,3,2026-02-02 17:00:00,38990.00,Paid,In Transit
929,173,3,2025-02-04 12:00:00,43990.00,Paid,Scheduled
930,1199,7,2025-02-04 05:00:00,101490.00,Paid,Scheduled
931,1198,11,2025-02-01 01:00:00,106490.00,Paid,In Transit
932,314,9,2026-01-21 04:00:00,52490.00,Paid,Scheduled
933,33,1,2025-03-14 09:00:00,79990.00,Pending,Scheduled
934,375,3,2025-06-24 18:00:00,40990.00,Paid,Scheduled
935,1142,4,2025-05-21 14:00:00,52740.00,Pending,Scheduled
936,127,8,2025-04-30 04:00:00,49990.00,Paid,In Transit
937,669,9,2025-06-03 00:00:00,54490.00,Paid,Scheduled
938,959,5,2026-01-06 23:00:00,56990.00,Paid,Delivered
939,170,1,2025-10-02 20:00:00,74990.00,Refunded,Delivered
940,1020,2,2026-01-18 09:00:00,89990.00,Paid,Delivered
941,317,9,2026-01-09 23:00:00,52490.00,Refunded,Delivered
942,1169,6,2026-03-21 06:00:00,79990.00,Paid,In Transit
943,366,8,2025-11-14 11:00:00,54490.00,Pending,Scheduled
944,1173,9,2026-04-30 07:00:00,57490.00,Paid,In Transit
945,52,8,2025-06-09 06:00:00,52990.00,Paid,Delivered
946,130,7,2025-03-18 18:00:00,99990.00,Refunded,Scheduled
947,1199,6,2025-02-27 10:00:00,84990.00,Paid,In Transit
948,487,5,2025-11-13 06:00:00,61490.00,Paid,Delivered
949,522,4,2026-01-24 15:00:00,52740.00,Refunded,Delivered
950,1179,2,2025-09-08 18:00:00,96490.00,Paid,In Transit
951,79,2,2026-03-27 07:00:00,96490.00,Paid,Scheduled
952,15,10,2025-08-17 09:00:00,86490.00,Paid,In Transit
953,322,3,2025-02-03 23:00:00,45490.00,Paid,Scheduled
954,42,2,2025-07-17 22:00:00,89990.00,Paid,Scheduled
955,636,2,2025-10-01 06:00:00,94990.00,Paid,In Transit
956,349,6,2025-08-08 11:00:00,79990.00,Paid,Scheduled
957,889,11,2025-05-29 10:00:00,104990.00,Paid,Scheduled
958,418,3,2025-04-27 21:00:00,38990.00,Pending,Scheduled
959,33,3,2025-02-18 15:00:00,40990.00,Paid,In Transit
960,126,9,2026-03-06 01:00:00,54490.00,Pending,Scheduled
961,976,5,2025-12-26 19:00:00,61490.00,Paid,Delivered
962,477,3,2026-03-03 06:00:00,40990.00,Pending,Scheduled
963,639,9,2025-01-19 18:00:00,57490.00,Paid,Delivered
964,568,3,2025-03-18 20:00:00,38990.00,Paid,In Transit
965,694,4,2025-03-15 08:00:00,54240.00,Refunded,Delivered
966,339,5,2025-07-27 08:00:00,61490.00,Paid,Delivered
967,1090,11,2025-12-24 18:00:00,106490.00,Paid,Scheduled
968,303,5,2025-10-08 01:00:00,54990.00,Refunded,In Transit
969,206,2,2025-08-27 12:00:00,91990.00,Paid,Scheduled
970,1131,7,2025-09-27 00:00:00,101490.00,Paid,Scheduled
971,935,4,2025-12-15 03:00:00,47740.00,Paid,Scheduled
972,424,2,2025-09-13 07:00:00,96490.00,Paid,Scheduled
973,987,6,2025-07-26 07:00:00,86490.00,Paid,Delivered
974,918,9,2025-12-18 03:00:00,58990.00,Paid,Delivered
975,1150,11,2025-11-13 03:00:00,104990.00,Paid,In Transit
976,1050,7,2025-06-02 10:00:00,101490.00,Pending,Scheduled
977,38,3,2026-02-17 03:00:00,45490.00,Pending,Scheduled
978,725,2,2025-05-01 00:00:00,89990.00,Paid,Delivered
979,212,1,2025-07-19 09:00:00,74990.00,Refunded,Delivered
980,952,5,2025-02-16 08:00:00,59990.00,Refunded,In Transit
981,1149,7,2026-01-16 02:00:00,99990.00,Refunded,In Transit
982,907,9,2026-03-30 21:00:00,57490.00,Paid,Delivered
983,846,10,2026-01-26 19:00:00,81990.00,Refunded,Delivered
984,1131,11,2025-10-13 21:00:00,101990.00,Paid,Delivered
985,374,5,2025-02-11 18:00:00,56990.00,Pending,Scheduled
986,37,2,2025-07-15 04:00:00,96490.00,Paid,Scheduled
987,106,3,2026-03-31 18:00:00,43990.00,Paid,Scheduled
988,231,3,2025-11-25 05:00:00,43990.00,Refunded,In Transit
989,408,7,2025-02-11 22:00:00,94990.00,Pending,Scheduled
990,511,3,2025-05-29 07:00:00,43990.00,Paid,Delivered
991,102,9,2025-03-13 03:00:00,57490.00,Paid,Scheduled
992,106,11,2026-03-09 15:00:00,99990.00,Paid,Scheduled
993,679,8,2026-03-26 10:00:00,47990.00,Paid,In Transit
994,209,9,2026-03-15 09:00:00,54490.00,Paid,In Transit
995,962,8,2025-01-16 21:00:00,49990.00,Paid,Delivered
996,797,5,2026-01-28 17:00:00,59990.00,Paid,In Transit
997,675,5,2026-02-05 19:00:00,54990.00,Pending,Scheduled
998,393,4,2026-04-09 09:00:00,54240.00,Paid,Delivered
999,1198,6,2025-03-14 16:00:00,79990.00,Paid,Delivered
1000,424,11,2025-08-19 09:00:00,99990.00,Pending,Scheduled
1001,1071,6,2026-01-28 05:00:00,79990.00,Pending,Scheduled
1002,1073,2,2026-03-21 09:00:00,91990.00,Paid,Delivered
1003,218,3,2026-01-20 05:00:00,38990.00,Refunded,In Transit
1004,494,7,2025-05-06 19:00:00,101490.00,Paid,Delivered
1005,7,4,2025-11-13 00:00:00,47740.00,Refunded,Delivered
1006,868,4,2025-09-03 00:00:00,54240.00,Paid,Scheduled
1007,872,5,2025-10-01 11:00:00,61490.00,Paid,Scheduled
1008,521,9,2025-10-11 13:00:00,58990.00,Pending,Scheduled
1009,599,1,2025-09-11 15:00:00,81490.00,Paid,Scheduled
1010,450,10,2026-01-01 05:00:00,81990.00,Paid,Delivered
1011,337,10,2025-04-06 08:00:00,84990.00,Paid,Delivered
1012,1096,9,2025-02-01 13:00:00,57490.00,Paid,Scheduled
1013,67,9,2025-09-14 18:00:00,52490.00,Refunded,In Transit
1014,205,7,2025-11-02 19:00:00,99990.00,Refunded,In Transit
1015,27,8,2026-01-25 05:00:00,52990.00,Refunded,In Transit
1016,199,8,2026-03-06 16:00:00,49990.00,Pending,Scheduled
1017,363,1,2026-01-21 08:00:00,76990.00,Paid,Scheduled
1018,274,3,2026-01-23 20:00:00,38990.00,Paid,Scheduled
1019,467,10,2026-02-16 11:00:00,84990.00,Paid,Delivered
1020,88,1,2025-11-13 12:00:00,76990.00,Pending,Scheduled
1021,613,2,2025-10-19 22:00:00,96490.00,Paid,Delivered
1022,35,10,2025-08-31 07:00:00,81990.00,Paid,Scheduled
1023,1042,3,2025-10-04 20:00:00,40990.00,Pending,Scheduled
1024,336,10,2025-07-21 11:00:00,79990.00,Refunded,Delivered
1025,1091,10,2025-06-29 00:00:00,81990.00,Refunded,In Transit
1026,685,5,2025-07-04 23:00:00,54990.00,Pending,Scheduled
1027,682,3,2026-01-02 20:00:00,45490.00,Refunded,Scheduled
1028,683,3,2025-09-30 03:00:00,38990.00,Paid,Delivered
1029,38,8,2026-02-16 16:00:00,52990.00,Pending,Scheduled
1030,1074,1,2025-08-29 08:00:00,76990.00,Paid,In Transit
1031,1176,1,2025-06-17 17:00:00,76990.00,Paid,In Transit
1032,981,9,2025-03-05 15:00:00,52490.00,Paid,In Transit
1033,7,2,2025-11-12 01:00:00,89990.00,Paid,Scheduled
1034,91,3,2026-02-26 13:00:00,43990.00,Paid,Delivered
1035,760,7,2025-10-02 06:00:00,101490.00,Paid,Delivered
1036,1128,10,2025-12-20 05:00:00,86490.00,Paid,Delivered
1037,1080,7,2026-01-20 09:00:00,94990.00,Paid,Delivered
1038,830,5,2025-10-08 23:00:00,61490.00,Paid,Scheduled
1039,63,7,2025-08-30 00:00:00,94990.00,Paid,Scheduled
1040,316,8,2025-05-15 02:00:00,49990.00,Pending,Scheduled
1041,767,5,2026-02-04 10:00:00,61490.00,Paid,Delivered
1042,571,10,2026-02-05 00:00:00,86490.00,Paid,Delivered
1043,1179,11,2025-09-09 20:00:00,101990.00,Pending,Scheduled
1044,1053,7,2025-09-13 15:00:00,101490.00,Refunded,In Transit
1045,1119,3,2026-02-02 07:00:00,45490.00,Paid,Delivered
1046,470,9,2025-10-06 20:00:00,58990.00,Refunded,Scheduled
1047,871,2,2025-03-28 15:00:00,89990.00,Paid,Delivered
1048,138,7,2025-03-29 23:00:00,101490.00,Paid,In Transit
1049,1007,4,2025-04-20 02:00:00,47740.00,Paid,Delivered
1050,15,10,2025-08-18 13:00:00,81990.00,Paid,Scheduled
1051,606,4,2026-02-19 21:00:00,49740.00,Paid,Delivered
1052,973,2,2026-04-11 11:00:00,96490.00,Pending,Scheduled
1053,1195,4,2025-11-13 05:00:00,49740.00,Paid,Delivered
1054,869,2,2025-08-20 23:00:00,96490.00,Paid,Delivered
1055,538,8,2026-01-23 16:00:00,49990.00,Paid,Delivered
1056,73,11,2025-09-02 18:00:00,104990.00,Refunded,Scheduled
1057,701,1,2025-10-18 01:00:00,76990.00,Refunded,Delivered
1058,768,3,2025-02-24 14:00:00,45490.00,Refunded,Delivered
1059,316,3,2025-04-12 13:00:00,45490.00,Paid,Scheduled
1060,23,1,2025-03-22 07:00:00,81490.00,Refunded,Delivered
1061,427,6,2025-05-17 03:00:00,79990.00,Paid,Scheduled
1062,1200,5,2025-02-06 17:00:00,59990.00,Paid,Delivered
1063,299,2,2025-10-26 23:00:00,89990.00,Paid,In Transit
1064,247,11,2025-11-15 19:00:00,106490.00,Paid,Scheduled
1065,523,5,2025-07-28 11:00:00,54990.00,Pending,Scheduled
1066,1064,7,2025-04-25 08:00:00,94990.00,Paid,In Transit
1067,695,8,2025-06-13 19:00:00,54490.00,Paid,In Transit
1068,74,11,2025-12-18 05:00:00,99990.00,Paid,Delivered
1069,298,9,2026-02-14 21:00:00,54490.00,Paid,Scheduled
1070,1020,2,2025-12-25 09:00:00,91990.00,Paid,Scheduled
1071,741,2,2025-05-04 19:00:00,89990.00,Paid,In Transit
1072,172,1,2025-06-24 14:00:00,74990.00,Refunded,In Transit
1073,861,11,2026-01-12 06:00:00,101990.00,Paid,Delivered
1074,269,4,2026-03-14 23:00:00,49740.00,Refunded,Delivered
1075,936,3,2025-11-20 10:00:00,45490.00,Paid,Scheduled
1076,1034,7,2025-08-21 07:00:00,96990.00,Paid,In Transit
1077,1200,3,2025-02-12 20:00:00,40990.00,Paid,Delivered
1078,649,6,2026-02-24 04:00:00,79990.00,Paid,Scheduled
1079,671,2,2025-04-01 15:00:00,91990.00,Refunded,Delivered
1080,1005,4,2026-02-27 10:00:00,54240.00,Pending,Scheduled
1081,1054,10,2025-10-11 09:00:00,86490.00,Paid,Delivered
1082,120,1,2025-10-28 02:00:00,81490.00,Refunded,Scheduled
1083,1011,10,2025-11-18 19:00:00,84990.00,Paid,Delivered
1084,869,4,2025-09-08 05:00:00,54240.00,Refunded,In Transit
1085,1181,5,2025-07-27 10:00:00,61490.00,Pending,Scheduled
1086,168,5,2025-12-26 06:00:00,59990.00,Paid,In Transit
1087,331,9,2025-02-27 10:00:00,58990.00,Refunded,Delivered
1088,564,6,2025-05-09 01:00:00,84990.00,Paid,Scheduled
1089,4,3,2025-11-14 06:00:00,38990.00,Refunded,Delivered
1090,608,2,2025-04-14 04:00:00,91990.00,Pending,Scheduled
1091,11,8,2025-11-12 14:00:00,52990.00,Paid,Delivered
1092,657,11,2025-03-10 04:00:00,104990.00,Pending,Scheduled
1093,496,1,2026-03-28 17:00:00,76990.00,Pending,Scheduled
1094,447,5,2025-11-16 15:00:00,61490.00,Paid,Delivered
1095,403,8,2025-08-20 05:00:00,54490.00,Pending,Scheduled
1096,690,6,2025-07-30 06:00:00,84990.00,Paid,Delivered
1097,510,2,2026-01-24 05:00:00,89990.00,Pending,Scheduled
1098,1155,10,2025-09-04 16:00:00,86490.00,Refunded,Delivered
1099,68,10,2025-12-28 10:00:00,79990.00,Paid,Delivered
1100,555,8,2025-12-25 00:00:00,54490.00,Refunded,Delivered
1101,171,9,2025-05-20 08:00:00,54490.00,Paid,In Transit
1102,675,11,2026-01-25 04:00:00,106490.00,Paid,In Transit
1103,478,11,2025-08-09 17:00:00,104990.00,Paid,Delivered
1104,571,10,2026-02-18 20:00:00,84990.00,Paid,In Transit
1105,20,6,2025-01-04 18:00:00,86490.00,Paid,Delivered
1106,1172,7,2026-04-02 20:00:00,94990.00,Paid,Delivered
1107,630,2,2025-12-13 19:00:00,91990.00,Pending,Scheduled
1108,561,9,2025-11-24 17:00:00,58990.00,Refunded,Scheduled
1109,635,7,2025-06-07 10:00:00,94990.00,Paid,Scheduled
1110,432,5,2025-05-29 01:00:00,56990.00,Paid,In Transit
1111,1025,11,2025-10-11 21:00:00,101990.00,Pending,Scheduled
1112,408,9,2025-03-20 02:00:00,58990.00,Paid,In Transit
1113,1053,10,2025-09-28 14:00:00,84990.00,Refunded,Delivered
1114,739,2,2025-11-05 04:00:00,96490.00,Paid,Scheduled
1115,869,3,2025-09-14 02:00:00,40990.00,Paid,Delivered
1116,369,6,2026-01-11 14:00:00,79990.00,Refunded,In Transit
1117,831,11,2026-03-26 14:00:00,101990.00,Refunded,In Transit
1118,637,3,2025-08-30 21:00:00,38990.00,Pending,Scheduled
1119,573,1,2025-05-11 21:00:00,79990.00,Pending,Scheduled
1120,1195,4,2025-10-22 03:00:00,54240.00,Pending,Scheduled
1121,373,3,2025-10-28 15:00:00,38990.00,Pending,Scheduled
1122,476,3,2025-09-08 12:00:00,38990.00,Paid,Delivered
1123,535,10,2026-04-22 08:00:00,81990.00,Paid,In Transit
1124,332,10,2025-09-09 16:00:00,86490.00,Paid,In Transit
1125,225,9,2025-12-09 14:00:00,54490.00,Paid,In Transit
1126,96,6,2025-04-10 06:00:00,81990.00,Paid,Scheduled
1127,414,2,2025-08-20 20:00:00,91990.00,Paid,Delivered
1128,865,7,2026-03-12 06:00:00,99990.00,Pending,Scheduled
1129,415,5,2025-09-07 11:00:00,56990.00,Pending,Scheduled
1130,397,4,2025-08-16 03:00:00,49740.00,Paid,In Transit
1131,487,10,2025-10-01 10:00:00,79990.00,Paid,In Transit
1132,815,9,2025-09-11 23:00:00,58990.00,Paid,Delivered
1133,1073,5,2026-04-21 23:00:00,54990.00,Paid,Delivered
1134,953,2,2025-05-01 12:00:00,89990.00,Paid,In Transit
1135,1194,10,2026-01-28 20:00:00,86490.00,Paid,Delivered
1136,378,5,2025-10-31 12:00:00,61490.00,Paid,Delivered
1137,232,10,2025-06-13 14:00:00,81990.00,Refunded,Scheduled
1138,1065,6,2025-01-30 17:00:00,86490.00,Pending,Scheduled
1139,512,2,2025-02-19 20:00:00,91990.00,Refunded,Delivered
1140,694,6,2025-02-25 11:00:00,84990.00,Pending,Scheduled
1141,234,7,2026-01-23 02:00:00,96990.00,Pending,Scheduled
1142,1025,7,2025-09-20 02:00:00,96990.00,Paid,Delivered
1143,152,2,2025-05-18 19:00:00,94990.00,Pending,Scheduled
1144,712,8,2025-07-21 23:00:00,47990.00,Refunded,Delivered
1145,486,2,2025-11-29 12:00:00,94990.00,Paid,Scheduled
1146,147,2,2026-03-02 10:00:00,89990.00,Refunded,Scheduled
1147,1103,6,2026-04-23 19:00:00,84990.00,Paid,Delivered
1148,266,3,2026-03-07 21:00:00,43990.00,Paid,Delivered
1149,481,1,2025-07-12 12:00:00,79990.00,Refunded,In Transit
1150,659,8,2026-02-11 13:00:00,52990.00,Paid,Delivered
1151,1043,2,2025-04-05 19:00:00,89990.00,Paid,In Transit
1152,694,10,2025-03-28 04:00:00,86490.00,Paid,Scheduled
1153,614,7,2026-03-18 00:00:00,94990.00,Paid,Delivered
1154,111,2,2025-06-28 21:00:00,96490.00,Paid,Delivered
1155,501,8,2026-03-13 05:00:00,52990.00,Paid,Delivered
1156,84,4,2025-04-14 06:00:00,47740.00,Paid,Delivered
1157,228,3,2026-03-02 09:00:00,38990.00,Paid,Delivered
1158,170,10,2025-09-09 04:00:00,84990.00,Pending,Scheduled
1159,232,2,2025-06-03 12:00:00,94990.00,Paid,Scheduled
1160,836,1,2025-07-22 05:00:00,76990.00,Paid,Delivered
1161,806,1,2026-02-09 15:00:00,74990.00,Paid,Delivered
1162,595,3,2025-06-03 11:00:00,38990.00,Paid,Scheduled
1163,1114,9,2025-09-12 23:00:00,52490.00,Paid,Scheduled
1164,720,5,2025-08-29 12:00:00,56990.00,Paid,Delivered
1165,994,1,2026-03-24 11:00:00,76990.00,Paid,Delivered
1166,634,3,2026-03-17 23:00:00,40990.00,Refunded,Delivered
1167,55,1,2025-10-18 14:00:00,79990.00,Paid,Delivered
1168,906,8,2025-01-13 18:00:00,52990.00,Paid,Scheduled
1169,943,10,2025-12-10 13:00:00,84990.00,Paid,In Transit
1170,67,7,2025-09-02 16:00:00,101490.00,Paid,Delivered
1171,1022,3,2025-01-27 14:00:00,40990.00,Pending,Scheduled
1172,625,9,2026-01-11 14:00:00,54490.00,Paid,Delivered
1173,419,11,2025-09-23 13:00:00,101990.00,Pending,Scheduled
1174,48,10,2025-08-24 11:00:00,86490.00,Pending,Scheduled
1175,295,6,2025-05-18 14:00:00,81990.00,Pending,Scheduled
1176,1050,2,2025-05-30 10:00:00,96490.00,Paid,Delivered
1177,327,6,2025-11-14 15:00:00,79990.00,Pending,Scheduled
1178,914,11,2026-03-28 11:00:00,99990.00,Pending,Scheduled
1179,971,3,2025-08-30 22:00:00,45490.00,Paid,Scheduled
1180,445,1,2025-04-22 07:00:00,79990.00,Paid,In Transit
1181,306,3,2025-09-10 22:00:00,40990.00,Pending,Scheduled
1182,216,11,2025-11-22 02:00:00,99990.00,Refunded,Delivered
1183,1,3,2025-11-19 08:00:00,40990.00,Paid,Delivered
1184,969,4,2025-12-17 16:00:00,52740.00,Refunded,In Transit
1185,132,5,2025-07-28 16:00:00,59990.00,Paid,In Transit
1186,529,9,2025-06-11 04:00:00,57490.00,Paid,In Transit
1187,871,7,2025-03-03 20:00:00,94990.00,Pending,Scheduled
1188,1171,9,2025-05-24 10:00:00,57490.00,Refunded,Scheduled
1189,566,4,2025-08-21 16:00:00,54240.00,Paid,In Transit
1190,531,10,2026-01-27 19:00:00,84990.00,Refunded,In Transit
1191,162,11,2025-10-03 06:00:00,101990.00,Paid,Delivered
1192,565,11,2025-12-25 20:00:00,101990.00,Paid,Scheduled
1193,801,9,2025-06-06 04:00:00,58990.00,Paid,Delivered
1194,456,5,2025-10-10 02:00:00,54990.00,Paid,Scheduled
1195,262,11,2025-05-28 12:00:00,99990.00,Refunded,Delivered
1196,930,9,2026-01-03 01:00:00,57490.00,Paid,Delivered
1197,70,1,2025-11-14 23:00:00,76990.00,Paid,Scheduled
1198,124,9,2025-07-21 03:00:00,52490.00,Pending,Scheduled
1199,546,9,2026-02-26 02:00:00,57490.00,Paid,In Transit
1200,61,9,2025-03-18 00:00:00,54490.00,Refunded,Delivered
1201,462,6,2025-12-07 01:00:00,81990.00,Refunded,In Transit
1202,799,11,2025-05-18 23:00:00,104990.00,Refunded,Delivered
1203,46,11,2025-05-27 09:00:00,104990.00,Paid,In Transit
1204,882,7,2026-03-24 04:00:00,101490.00,Paid,Delivered
1205,902,8,2025-05-22 10:00:00,47990.00,Pending,Scheduled
1206,964,2,2025-06-11 22:00:00,94990.00,Paid,Scheduled
1207,898,5,2025-10-11 11:00:00,61490.00,Paid,In Transit
1208,221,1,2025-02-18 11:00:00,76990.00,Paid,Delivered
1209,102,5,2025-03-15 05:00:00,59990.00,Paid,In Transit
1210,994,11,2026-03-12 16:00:00,104990.00,Pending,Scheduled
1211,759,1,2026-03-26 09:00:00,81490.00,Paid,Delivered
1212,1165,5,2025-07-30 04:00:00,54990.00,Paid,Scheduled
1213,1068,5,2025-10-18 02:00:00,59990.00,Paid,Delivered
1214,421,4,2025-11-24 19:00:00,47740.00,Refunded,In Transit
1215,548,7,2025-09-19 11:00:00,99990.00,Paid,Scheduled
1216,708,8,2025-10-04 10:00:00,54490.00,Paid,Scheduled
1217,970,2,2025-08-30 13:00:00,96490.00,Pending,Scheduled
1218,1138,1,2025-03-30 06:00:00,74990.00,Refunded,Delivered
1219,100,2,2026-01-14 23:00:00,91990.00,Paid,Delivered
1220,914,8,2026-04-12 15:00:00,52990.00,Paid,In Transit
1221,716,8,2025-11-01 16:00:00,47990.00,Paid,In Transit
1222,688,8,2025-12-11 10:00:00,54490.00,Paid,Delivered
1223,1062,1,2026-04-02 21:00:00,79990.00,Pending,Scheduled
1224,1124,3,2026-01-11 22:00:00,38990.00,Paid,In Transit
1225,642,9,2026-04-11 20:00:00,54490.00,Paid,In Transit
1226,199,2,2026-02-19 11:00:00,89990.00,Refunded,Delivered
1227,849,1,2026-04-04 09:00:00,74990.00,Refunded,Delivered
1228,1141,2,2025-07-09 00:00:00,94990.00,Paid,Delivered
1229,300,7,2026-02-14 04:00:00,96990.00,Paid,Delivered
1230,184,6,2025-09-21 11:00:00,86490.00,Paid,Delivered
1231,193,6,2025-02-21 16:00:00,81990.00,Pending,Scheduled
1232,651,5,2025-05-29 23:00:00,56990.00,Pending,Scheduled
1233,951,5,2025-12-04 16:00:00,59990.00,Paid,Scheduled
1234,784,4,2025-12-15 13:00:00,54240.00,Refunded,In Transit
1235,523,10,2025-08-08 02:00:00,81990.00,Refunded,Delivered
1236,119,6,2025-05-27 15:00:00,84990.00,Paid,Scheduled
1237,1026,3,2025-05-02 00:00:00,43990.00,Refunded,Delivered
1238,773,8,2025-06-29 19:00:00,52990.00,Paid,Scheduled
1239,804,4,2025-02-09 13:00:00,49740.00,Paid,Delivered
1240,56,8,2026-02-01 23:00:00,52990.00,Pending,Scheduled
1241,1043,9,2025-05-16 00:00:00,58990.00,Paid,Scheduled
1242,429,9,2025-05-02 03:00:00,57490.00,Paid,In Transit
1243,734,11,2026-01-05 17:00:00,101990.00,Pending,Scheduled
1244,771,1,2025-10-02 05:00:00,76990.00,Paid,Delivered
1245,1200,2,2025-02-09 17:00:00,91990.00,Pending,Scheduled
1246,556,6,2025-06-03 00:00:00,79990.00,Refunded,In Transit
1247,1074,9,2025-07-31 05:00:00,52490.00,Pending,Scheduled
1248,517,6,2026-01-27 12:00:00,86490.00,Paid,Delivered
1249,105,5,2026-03-14 04:00:00,61490.00,Paid,Scheduled
1250,1199,4,2025-02-10 08:00:00,54240.00,Pending,Scheduled
1251,166,7,2026-01-01 22:00:00,99990.00,Paid,Scheduled
1252,993,11,2025-01-26 20:00:00,104990.00,Paid,Delivered
1253,427,8,2025-06-02 04:00:00,47990.00,Paid,Delivered
1254,514,2,2026-02-19 20:00:00,89990.00,Paid,Scheduled
1255,1052,10,2025-10-24 15:00:00,86490.00,Pending,Scheduled
1256,356,3,2025-05-27 22:00:00,40990.00,Paid,Delivered
1257,1082,6,2025-12-05 23:00:00,79990.00,Paid,In Transit
1258,1064,11,2025-04-05 14:00:00,106490.00,Paid,Scheduled
1259,1002,2,2025-03-10 12:00:00,89990.00,Paid,Delivered
1260,252,3,2025-07-03 18:00:00,43990.00,Refunded,Delivered
1261,301,4,2026-04-17 06:00:00,54240.00,Paid,Delivered
1262,310,10,2025-08-12 08:00:00,81990.00,Paid,Delivered
1263,838,1,2025-07-01 05:00:00,79990.00,Pending,Scheduled
1264,990,8,2025-10-06 06:00:00,54490.00,Pending,Scheduled
1265,589,8,2025-12-02 07:00:00,47990.00,Pending,Scheduled
1266,849,1,2026-03-22 08:00:00,74990.00,Paid,Delivered
1267,934,10,2025-10-15 19:00:00,79990.00,Paid,Delivered
1268,9,7,2025-08-12 09:00:00,96990.00,Refunded,Delivered
1269,349,1,2025-08-26 12:00:00,81490.00,Paid,Delivered
1270,699,4,2025-06-16 19:00:00,47740.00,Paid,Delivered
1271,1062,10,2026-04-03 09:00:00,79990.00,Paid,In Transit
1272,913,10,2025-05-14 02:00:00,81990.00,Paid,In Transit
1273,220,10,2025-12-07 23:00:00,79990.00,Refunded,Delivered
1274,433,1,2026-01-31 14:00:00,81490.00,Paid,In Transit
1275,944,1,2025-11-10 15:00:00,76990.00,Paid,Scheduled
1276,272,8,2025-09-30 15:00:00,52990.00,Paid,In Transit
1277,1054,2,2025-09-30 12:00:00,94990.00,Paid,In Transit
1278,704,4,2026-04-18 12:00:00,52740.00,Refunded,Scheduled
1279,787,6,2025-09-22 00:00:00,79990.00,Pending,Scheduled
1280,1012,9,2025-10-06 21:00:00,58990.00,Paid,Scheduled
1281,992,8,2025-12-19 17:00:00,52990.00,Pending,Scheduled
1282,916,10,2025-02-19 22:00:00,79990.00,Paid,Scheduled
1283,702,1,2025-09-20 05:00:00,79990.00,Paid,In Transit
1284,224,4,2025-02-23 16:00:00,49740.00,Paid,Scheduled
1285,568,7,2025-03-11 01:00:00,94990.00,Refunded,Delivered
1286,378,10,2025-10-01 13:00:00,81990.00,Paid,Delivered
1287,24,9,2025-03-19 01:00:00,52490.00,Pending,Scheduled
1288,757,9,2025-08-19 12:00:00,52490.00,Refunded,Scheduled
1289,759,11,2026-04-07 09:00:00,106490.00,Pending,Scheduled
1290,78,5,2025-06-23 09:00:00,56990.00,Paid,Delivered
1291,442,6,2025-03-19 01:00:00,84990.00,Paid,Scheduled
1292,54,1,2025-03-13 00:00:00,74990.00,Pending,Scheduled
1293,125,3,2026-02-01 01:00:00,45490.00,Paid,In Transit
1294,649,11,2026-03-14 14:00:00,104990.00,Paid,Scheduled
1295,1076,11,2026-03-12 12:00:00,99990.00,Paid,Delivered
1296,83,6,2025-09-28 10:00:00,81990.00,Paid,Delivered
1297,588,7,2025-11-27 10:00:00,96990.00,Paid,Scheduled
1298,763,8,2025-11-07 18:00:00,49990.00,Paid,Delivered
1299,85,6,2026-01-25 23:00:00,81990.00,Paid,Delivered
1300,668,3,2025-09-09 06:00:00,45490.00,Refunded,Scheduled
1301,810,9,2025-10-07 10:00:00,54490.00,Paid,Delivered
1302,439,11,2026-04-03 22:00:00,99990.00,Paid,Scheduled
1303,804,5,2025-01-20 08:00:00,54990.00,Refunded,Delivered
1304,460,4,2026-01-01 14:00:00,49740.00,Pending,Scheduled
1305,1196,3,2025-08-12 03:00:00,40990.00,Refunded,Delivered
1306,479,6,2026-01-09 21:00:00,84990.00,Pending,Scheduled
1307,766,2,2025-10-18 09:00:00,94990.00,Paid,Delivered
1308,379,3,2026-04-09 06:00:00,38990.00,Pending,Scheduled
1309,84,9,2025-04-19 10:00:00,52490.00,Pending,Scheduled
1310,996,7,2025-04-02 20:00:00,101490.00,Refunded,Delivered
1311,411,11,2026-03-18 00:00:00,106490.00,Paid,In Transit
1312,108,2,2025-05-21 22:00:00,94990.00,Paid,Delivered
1313,1046,10,2025-03-04 12:00:00,84990.00,Paid,Delivered
1314,888,7,2025-06-28 20:00:00,101490.00,Refunded,Delivered
1315,449,9,2026-02-03 21:00:00,52490.00,Paid,Delivered
1316,823,6,2025-01-25 04:00:00,84990.00,Paid,Delivered
1317,1039,3,2025-03-04 05:00:00,40990.00,Paid,Scheduled
1318,1054,4,2025-09-24 08:00:00,52740.00,Refunded,Scheduled
1319,74,10,2026-01-18 21:00:00,84990.00,Refunded,Delivered
1320,1042,3,2025-09-29 17:00:00,43990.00,Paid,Delivered
1321,5,7,2025-02-17 03:00:00,94990.00,Paid,Delivered
1322,587,10,2026-03-09 22:00:00,81990.00,Paid,In Transit
1323,1018,2,2025-07-27 04:00:00,91990.00,Paid,Delivered
1324,844,10,2025-03-05 04:00:00,86490.00,Pending,Scheduled
1325,788,8,2025-02-07 23:00:00,52990.00,Paid,Scheduled
1326,887,11,2025-02-27 23:00:00,99990.00,Pending,Scheduled
1327,212,9,2025-07-20 14:00:00,58990.00,Refunded,Delivered
1328,900,10,2025-08-16 18:00:00,81990.00,Refunded,Delivered
1329,306,8,2025-10-03 21:00:00,52990.00,Paid,In Transit
1330,540,2,2026-01-25 20:00:00,94990.00,Pending,Scheduled
1331,788,8,2025-03-04 01:00:00,49990.00,Paid,Scheduled
1332,468,5,2025-05-20 02:00:00,54990.00,Pending,Scheduled
1333,772,10,2025-07-10 00:00:00,84990.00,Paid,In Transit
1334,219,3,2025-07-15 17:00:00,43990.00,Refunded,In Transit
1335,1192,11,2025-11-07 15:00:00,106490.00,Refunded,Delivered
1336,1089,3,2026-01-01 12:00:00,45490.00,Paid,Delivered
1337,627,8,2025-08-17 21:00:00,54490.00,Pending,Scheduled
1338,72,6,2025-10-26 15:00:00,79990.00,Paid,Scheduled
1339,80,9,2025-06-17 11:00:00,57490.00,Pending,Scheduled
1340,79,10,2026-03-17 18:00:00,86490.00,Pending,Scheduled
1341,532,5,2026-02-05 06:00:00,61490.00,Refunded,Delivered
1342,904,6,2025-06-17 13:00:00,86490.00,Paid,In Transit
1343,266,6,2026-03-07 14:00:00,79990.00,Paid,Scheduled
1344,501,7,2026-03-15 02:00:00,94990.00,Refunded,Delivered
1345,26,1,2025-08-15 13:00:00,81490.00,Paid,In Transit
1346,872,2,2025-10-31 09:00:00,91990.00,Pending,Scheduled
1347,1140,2,2025-01-21 04:00:00,91990.00,Paid,Delivered
1348,399,7,2025-04-20 20:00:00,96990.00,Paid,In Transit
1349,77,1,2026-02-04 07:00:00,79990.00,Paid,Scheduled
1350,989,4,2025-02-02 00:00:00,47740.00,Pending,Scheduled
1351,1199,3,2025-01-31 12:00:00,45490.00,Paid,Scheduled
1352,294,3,2025-06-18 18:00:00,45490.00,Paid,Delivered
1353,409,8,2026-03-29 04:00:00,54490.00,Paid,Delivered
1354,953,11,2025-04-11 13:00:00,101990.00,Paid,Scheduled
1355,469,3,2025-04-20 23:00:00,43990.00,Paid,Scheduled
1356,404,11,2025-05-08 10:00:00,101990.00,Refunded,Delivered
1357,201,11,2025-09-18 07:00:00,106490.00,Refunded,Delivered
1358,568,10,2025-03-18 00:00:00,86490.00,Refunded,Delivered
1359,1175,4,2025-06-01 04:00:00,49740.00,Paid,Delivered
1360,353,6,2026-02-05 09:00:00,81990.00,Refunded,In Transit
1361,1182,3,2025-04-18 16:00:00,38990.00,Pending,Scheduled
1362,50,8,2026-04-04 04:00:00,52990.00,Paid,Scheduled
1363,1010,10,2025-06-04 21:00:00,79990.00,Refunded,Scheduled
1364,996,7,2025-04-08 10:00:00,99990.00,Paid,In Transit
1365,779,1,2025-12-13 03:00:00,79990.00,Paid,In Transit
1366,479,7,2025-12-23 12:00:00,94990.00,Paid,Delivered
1367,995,9,2025-10-12 07:00:00,54490.00,Paid,Delivered
1368,884,7,2025-03-21 23:00:00,96990.00,Refunded,In Transit
1369,746,8,2026-03-29 01:00:00,49990.00,Paid,In Transit
1370,486,7,2025-10-22 09:00:00,99990.00,Paid,Delivered
1371,92,6,2026-01-21 20:00:00,84990.00,Paid,In Transit
1372,878,5,2025-05-22 04:00:00,54990.00,Paid,Delivered
1373,535,7,2026-03-17 08:00:00,96990.00,Paid,In Transit
1374,1077,1,2025-06-12 21:00:00,74990.00,Paid,Scheduled
1375,769,10,2025-05-22 08:00:00,79990.00,Pending,Scheduled
1376,482,10,2025-03-31 07:00:00,84990.00,Paid,Delivered
1377,1115,3,2025-10-13 09:00:00,40990.00,Paid,Scheduled
1378,672,4,2025-03-22 18:00:00,52740.00,Paid,In Transit
1379,468,11,2025-05-19 12:00:00,101990.00,Paid,Delivered
1380,437,5,2025-10-05 04:00:00,59990.00,Paid,Delivered
1381,810,7,2025-09-03 01:00:00,96990.00,Paid,In Transit
1382,10,3,2025-10-21 20:00:00,40990.00,Refunded,Scheduled
1383,530,1,2025-06-08 23:00:00,76990.00,Paid,Delivered
1384,241,4,2025-06-18 11:00:00,49740.00,Paid,In Transit
1385,317,8,2026-01-06 17:00:00,54490.00,Paid,Delivered
1386,258,3,2025-02-24 00:00:00,45490.00,Refunded,In Transit
1387,790,2,2025-12-09 05:00:00,89990.00,Refunded,In Transit
1388,1183,2,2025-09-26 05:00:00,89990.00,Pending,Scheduled
1389,581,7,2026-03-26 16:00:00,94990.00,Paid,In Transit
1390,631,1,2026-03-03 13:00:00,76990.00,Paid,In Transit
1391,631,10,2026-02-21 09:00:00,79990.00,Paid,In Transit
1392,157,4,2025-11-19 17:00:00,47740.00,Paid,Delivered
1393,370,5,2025-03-18 07:00:00,56990.00,Paid,In Transit
1394,888,2,2025-08-01 13:00:00,96490.00,Paid,Delivered
1395,137,6,2026-03-24 20:00:00,86490.00,Refunded,In Transit
1396,532,9,2026-01-26 15:00:00,58990.00,Paid,Scheduled
1397,261,3,2025-03-18 18:00:00,45490.00,Paid,Delivered
1398,678,2,2025-02-24 18:00:00,89990.00,Pending,Scheduled
1399,547,10,2026-01-04 14:00:00,79990.00,Paid,Delivered
1400,613,9,2025-11-14 18:00:00,54490.00,Refunded,Delivered
1401,414,3,2025-09-08 13:00:00,45490.00,Refunded,Scheduled
1402,587,2,2026-02-20 13:00:00,94990.00,Paid,Delivered
1403,254,1,2025-07-09 08:00:00,81490.00,Paid,Scheduled
1404,122,11,2025-05-08 12:00:00,99990.00,Paid,Scheduled
1405,694,1,2025-03-30 11:00:00,76990.00,Paid,Scheduled
1406,874,9,2026-01-03 01:00:00,52490.00,Paid,Delivered
1407,448,6,2025-12-21 09:00:00,84990.00,Paid,Delivered
1408,623,10,2025-11-17 03:00:00,84990.00,Paid,Delivered
1409,126,9,2026-03-15 04:00:00,58990.00,Paid,Scheduled
1410,252,1,2025-07-11 13:00:00,79990.00,Paid,Delivered
1411,893,3,2025-01-17 04:00:00,38990.00,Paid,In Transit
1412,1179,4,2025-09-04 11:00:00,52740.00,Paid,Delivered
1413,119,5,2025-05-21 17:00:00,54990.00,Pending,Scheduled
1414,1016,3,2025-02-09 12:00:00,38990.00,Refunded,In Transit
1415,1134,9,2026-01-05 10:00:00,57490.00,Pending,Scheduled
1416,315,8,2026-04-17 03:00:00,52990.00,Paid,Delivered
1417,863,10,2025-06-13 01:00:00,86490.00,Paid,Delivered
1418,1158,9,2025-02-14 11:00:00,58990.00,Paid,Delivered
1419,446,2,2026-04-06 06:00:00,94990.00,Paid,In Transit
1420,897,6,2026-01-10 04:00:00,86490.00,Paid,Scheduled
1421,1199,10,2025-03-09 04:00:00,84990.00,Paid,Delivered
1422,896,10,2025-08-04 22:00:00,86490.00,Paid,Delivered
1423,591,5,2025-06-29 10:00:00,61490.00,Paid,Delivered
1424,547,9,2026-01-01 13:00:00,57490.00,Pending,Scheduled
1425,1175,11,2025-06-13 07:00:00,99990.00,Pending,Scheduled
1426,836,6,2025-06-19 07:00:00,79990.00,Paid,In Transit
1427,1085,8,2025-12-14 15:00:00,47990.00,Refunded,Scheduled
1428,87,8,2025-07-02 18:00:00,49990.00,Refunded,Delivered
1429,1190,9,2025-09-29 23:00:00,52490.00,Pending,Scheduled
1430,113,10,2026-02-08 16:00:00,79990.00,Paid,Delivered
1431,1162,4,2026-04-10 01:00:00,47740.00,Paid,Scheduled
1432,1016,1,2025-02-15 14:00:00,79990.00,Paid,In Transit
1433,862,2,2026-04-02 06:00:00,96490.00,Refunded,Delivered
1434,818,2,2025-10-31 20:00:00,96490.00,Refunded,Delivered
1435,455,8,2026-01-30 04:00:00,54490.00,Paid,Scheduled
1436,319,6,2026-01-01 16:00:00,79990.00,Paid,Scheduled
1437,849,8,2026-04-05 09:00:00,54490.00,Paid,In Transit
1438,98,2,2026-03-09 17:00:00,96490.00,Paid,Delivered
1439,395,9,2025-03-02 18:00:00,58990.00,Paid,Delivered
1440,14,5,2025-07-06 11:00:00,61490.00,Paid,Scheduled
1441,35,9,2025-08-07 20:00:00,54490.00,Refunded,Delivered
1442,584,4,2026-04-14 15:00:00,47740.00,Paid,In Transit
1443,1152,7,2025-04-08 03:00:00,94990.00,Refunded,In Transit
1444,744,8,2025-09-25 07:00:00,47990.00,Pending,Scheduled
1445,820,11,2026-03-22 10:00:00,104990.00,Refunded,Delivered
1446,953,3,2025-04-05 09:00:00,38990.00,Paid,In Transit
1447,554,7,2026-04-28 07:00:00,99990.00,Refunded,Delivered
1448,791,7,2025-04-21 02:00:00,94990.00,Refunded,In Transit
1449,982,5,2025-11-04 23:00:00,54990.00,Paid,Delivered
1450,984,7,2025-01-24 02:00:00,96990.00,Paid,Scheduled
1451,374,3,2025-02-12 16:00:00,45490.00,Paid,In Transit
1452,379,4,2026-04-20 12:00:00,49740.00,Paid,Delivered
1453,177,10,2025-07-14 04:00:00,86490.00,Paid,Delivered
1454,272,4,2025-10-11 15:00:00,52740.00,Paid,Delivered
1455,1195,6,2025-10-31 05:00:00,81990.00,Paid,In Transit
1456,688,10,2025-12-17 18:00:00,81990.00,Pending,Scheduled
1457,509,10,2025-10-17 01:00:00,81990.00,Paid,In Transit
1458,686,6,2026-01-22 14:00:00,84990.00,Paid,Delivered
1459,841,4,2025-02-16 06:00:00,54240.00,Paid,Delivered
1460,67,8,2025-09-16 18:00:00,52990.00,Paid,Delivered
1461,867,7,2025-08-04 11:00:00,96990.00,Paid,Scheduled
1462,896,10,2025-08-14 06:00:00,86490.00,Paid,Delivered
1463,272,10,2025-10-30 09:00:00,79990.00,Paid,Delivered
1464,1140,5,2025-01-28 00:00:00,56990.00,Refunded,Scheduled
1465,1100,5,2026-01-03 05:00:00,56990.00,Paid,Delivered
1466,1144,9,2025-05-03 14:00:00,54490.00,Refunded,In Transit
1467,238,6,2025-12-29 11:00:00,84990.00,Paid,Delivered
1468,233,9,2025-10-08 19:00:00,57490.00,Paid,Scheduled
1469,910,10,2025-06-10 22:00:00,86490.00,Pending,Scheduled
1470,826,1,2025-12-11 20:00:00,81490.00,Pending,Scheduled
1471,318,8,2026-02-07 20:00:00,52990.00,Pending,Scheduled
1472,824,8,2026-03-26 11:00:00,52990.00,Paid,In Transit
1473,306,10,2025-09-19 18:00:00,86490.00,Paid,Scheduled
1474,167,8,2025-05-12 22:00:00,54490.00,Paid,Delivered
1475,999,9,2026-01-01 03:00:00,58990.00,Pending,Scheduled
1476,862,9,2026-04-01 08:00:00,58990.00,Paid,Delivered
1477,1166,2,2026-03-02 16:00:00,91990.00,Paid,In Transit
1478,588,7,2025-12-24 10:00:00,99990.00,Paid,Delivered
1479,349,1,2025-09-03 10:00:00,81490.00,Paid,Delivered
1480,1042,8,2025-09-17 14:00:00,54490.00,Paid,Delivered
1481,548,6,2025-09-25 14:00:00,81990.00,Pending,Scheduled
1482,344,11,2025-05-01 10:00:00,104990.00,Paid,Delivered
1483,69,1,2025-08-09 23:00:00,74990.00,Paid,In Transit
1484,18,1,2025-10-30 03:00:00,76990.00,Paid,Delivered
1485,248,4,2025-01-17 10:00:00,54240.00,Refunded,Delivered
1486,990,5,2025-09-10 14:00:00,61490.00,Paid,In Transit
1487,889,7,2025-05-16 07:00:00,94990.00,Paid,Delivered
1488,1035,5,2025-03-16 12:00:00,56990.00,Paid,In Transit
1489,648,5,2025-05-05 00:00:00,54990.00,Refunded,Delivered
1490,281,7,2025-04-18 15:00:00,101490.00,Paid,Delivered
1491,119,11,2025-06-02 21:00:00,106490.00,Refunded,In Transit
1492,244,3,2026-01-11 18:00:00,45490.00,Paid,In Transit
1493,1033,2,2025-06-06 03:00:00,91990.00,Pending,Scheduled
1494,667,7,2026-04-18 15:00:00,94990.00,Paid,Delivered
1495,415,5,2025-08-24 12:00:00,59990.00,Paid,Delivered
1496,1170,11,2025-04-24 11:00:00,104990.00,Paid,Scheduled
1497,145,6,2026-01-09 14:00:00,81990.00,Paid,In Transit
1498,1116,2,2025-12-12 01:00:00,89990.00,Paid,Delivered
1499,612,6,2025-09-18 02:00:00,81990.00,Paid,Scheduled
1500,676,2,2025-06-29 20:00:00,91990.00,Paid,Delivered
1501,899,11,2026-03-26 08:00:00,99990.00,Paid,Scheduled
1502,746,5,2026-04-11 22:00:00,56990.00,Paid,Scheduled
1503,144,1,2025-04-26 08:00:00,79990.00,Pending,Scheduled
1504,244,9,2026-02-09 23:00:00,57490.00,Paid,Scheduled
1505,125,2,2026-01-29 00:00:00,96490.00,Paid,In Transit
1506,576,7,2025-04-17 18:00:00,101490.00,Refunded,In Transit
1507,648,9,2025-05-14 21:00:00,58990.00,Paid,Delivered
1508,670,11,2026-05-05 07:00:00,106490.00,Pending,Scheduled
1509,666,11,2025-12-19 04:00:00,99990.00,Paid,Delivered
1510,856,11,2026-02-09 08:00:00,101990.00,Paid,Delivered
1511,1044,5,2025-12-13 05:00:00,59990.00,Paid,Delivered
1512,447,6,2025-12-17 08:00:00,84990.00,Refunded,Delivered
1513,321,9,2025-08-17 17:00:00,57490.00,Paid,Scheduled
1514,903,3,2026-01-11 14:00:00,45490.00,Paid,Delivered
1515,1190,6,2025-09-11 21:00:00,86490.00,Paid,Delivered
1516,772,4,2025-06-20 05:00:00,52740.00,Pending,Scheduled
1517,1065,10,2025-02-01 22:00:00,81990.00,Paid,Delivered
1518,685,9,2025-06-10 17:00:00,57490.00,Paid,Delivered
1519,1159,11,2026-04-13 20:00:00,104990.00,Refunded,In Transit
1520,436,8,2025-09-29 17:00:00,49990.00,Pending,Scheduled
1521,438,8,2025-07-06 03:00:00,52990.00,Paid,Delivered
1522,891,8,2025-10-21 11:00:00,54490.00,Pending,Scheduled
1523,350,11,2025-07-01 16:00:00,106490.00,Refunded,Scheduled
1524,322,3,2025-02-20 16:00:00,40990.00,Paid,In Transit
1525,199,3,2026-02-05 06:00:00,45490.00,Paid,In Transit
1526,19,7,2025-08-27 21:00:00,94990.00,Refunded,Delivered
1527,507,5,2025-12-25 18:00:00,59990.00,Pending,Scheduled
1528,199,7,2026-02-20 14:00:00,101490.00,Paid,Delivered
1529,311,3,2025-06-22 15:00:00,40990.00,Paid,Delivered
1530,1044,5,2025-11-28 21:00:00,56990.00,Paid,Delivered
1531,385,4,2026-03-19 02:00:00,52740.00,Refunded,In Transit
1532,757,5,2025-08-17 10:00:00,56990.00,Paid,Delivered
1533,244,9,2025-12-30 00:00:00,57490.00,Pending,Scheduled
1534,805,2,2025-10-11 20:00:00,89990.00,Pending,Scheduled
1535,596,3,2025-05-19 19:00:00,38990.00,Paid,Delivered
1536,706,8,2025-11-16 22:00:00,52990.00,Paid,In Transit
1537,329,2,2025-12-08 03:00:00,91990.00,Paid,Scheduled
1538,1116,6,2025-12-03 02:00:00,86490.00,Paid,Delivered
1539,880,8,2025-11-02 20:00:00,47990.00,Refunded,Delivered
1540,56,4,2026-01-30 15:00:00,54240.00,Paid,Scheduled
1541,19,10,2025-09-07 06:00:00,81990.00,Paid,In Transit
1542,939,7,2025-04-30 08:00:00,99990.00,Refunded,In Transit
1543,963,2,2025-01-15 07:00:00,96490.00,Refunded,Delivered
1544,764,9,2026-03-11 08:00:00,52490.00,Paid,Delivered
1545,237,9,2025-03-22 15:00:00,54490.00,Paid,Delivered
1546,595,4,2025-06-08 12:00:00,52740.00,Pending,Scheduled
1547,881,3,2025-06-19 00:00:00,43990.00,Refunded,Scheduled
1548,636,2,2025-08-29 01:00:00,94990.00,Paid,In Transit
1549,873,7,2025-11-27 04:00:00,99990.00,Refunded,Delivered
1550,639,2,2025-02-27 09:00:00,94990.00,Pending,Scheduled
1551,1033,1,2025-06-13 18:00:00,79990.00,Paid,In Transit
1552,18,2,2025-11-01 07:00:00,94990.00,Pending,Scheduled
1553,728,10,2025-08-23 00:00:00,81990.00,Pending,Scheduled
1554,644,11,2025-06-25 18:00:00,101990.00,Paid,In Transit
1555,412,11,2025-02-07 05:00:00,104990.00,Paid,Scheduled
1556,764,3,2026-03-14 01:00:00,45490.00,Paid,In Transit
1557,1142,3,2025-04-30 17:00:00,45490.00,Pending,Scheduled
1558,626,1,2025-02-19 01:00:00,76990.00,Refunded,Scheduled
1559,1184,6,2026-02-14 01:00:00,79990.00,Paid,Scheduled
1560,188,1,2026-04-10 20:00:00,79990.00,Paid,Scheduled
1561,968,8,2026-02-13 14:00:00,47990.00,Paid,Scheduled
1562,964,1,2025-05-13 22:00:00,76990.00,Paid,In Transit
1563,27,5,2026-01-28 06:00:00,61490.00,Paid,Delivered
1564,1174,5,2025-10-11 15:00:00,59990.00,Refunded,In Transit
1565,88,9,2025-10-30 12:00:00,57490.00,Paid,In Transit
1566,1022,11,2025-02-08 19:00:00,101990.00,Paid,Scheduled
1567,818,9,2025-11-01 14:00:00,54490.00,Paid,In Transit
1568,506,5,2025-02-02 01:00:00,56990.00,Pending,Scheduled
1569,427,9,2025-05-12 07:00:00,57490.00,Pending,Scheduled
1570,735,9,2026-01-30 10:00:00,58990.00,Paid,In Transit
1571,712,5,2025-07-28 16:00:00,54990.00,Paid,Delivered
1572,304,3,2025-09-21 15:00:00,38990.00,Refunded,In Transit
1573,48,9,2025-09-27 13:00:00,54490.00,Paid,Scheduled
1574,657,11,2025-03-19 02:00:00,106490.00,Pending,Scheduled
1575,934,9,2025-11-09 22:00:00,58990.00,Paid,Delivered
1576,338,10,2025-11-15 18:00:00,86490.00,Pending,Scheduled
1577,1103,4,2026-04-17 19:00:00,52740.00,Paid,Delivered
1578,778,10,2026-01-09 00:00:00,79990.00,Refunded,Delivered
1579,386,1,2025-12-13 15:00:00,76990.00,Paid,Delivered
1580,742,7,2025-03-13 08:00:00,99990.00,Paid,Scheduled
1581,369,2,2026-01-12 08:00:00,91990.00,Paid,In Transit
1582,1061,5,2026-01-10 03:00:00,54990.00,Paid,Delivered
1583,104,6,2025-07-28 10:00:00,86490.00,Refunded,Delivered
1584,171,8,2025-05-31 13:00:00,52990.00,Paid,Delivered
1585,638,10,2025-06-07 21:00:00,81990.00,Paid,In Transit
1586,596,5,2025-05-03 05:00:00,59990.00,Refunded,Delivered
1587,134,4,2025-04-29 23:00:00,54240.00,Refunded,Scheduled
1588,341,9,2025-01-21 17:00:00,54490.00,Pending,Scheduled
1589,674,10,2025-02-08 04:00:00,86490.00,Paid,Scheduled
1590,883,1,2025-12-31 20:00:00,74990.00,Paid,Scheduled
1591,390,7,2026-01-10 01:00:00,94990.00,Paid,Scheduled
1592,302,9,2025-03-03 00:00:00,52490.00,Pending,Scheduled
1593,1147,1,2025-10-15 14:00:00,76990.00,Paid,Delivered
1594,433,6,2026-01-19 21:00:00,79990.00,Paid,Delivered
1595,345,9,2026-01-22 20:00:00,58990.00,Pending,Scheduled
1596,501,3,2026-04-19 21:00:00,45490.00,Refunded,Delivered
1597,571,1,2026-02-19 00:00:00,74990.00,Paid,Delivered
1598,910,4,2025-05-26 02:00:00,49740.00,Paid,Scheduled
1599,73,1,2025-09-02 19:00:00,74990.00,Paid,Delivered
1600,334,2,2026-03-16 15:00:00,89990.00,Paid,Delivered
1601,163,6,2025-05-01 09:00:00,79990.00,Pending,Scheduled
1602,545,8,2025-11-22 23:00:00,47990.00,Paid,Scheduled
1603,1008,4,2025-04-05 03:00:00,47740.00,Paid,Delivered
1604,723,11,2025-12-29 08:00:00,99990.00,Pending,Scheduled
1605,205,1,2025-11-22 21:00:00,76990.00,Paid,Delivered
1606,23,9,2025-03-04 16:00:00,52490.00,Refunded,Scheduled
1607,834,9,2025-02-11 21:00:00,54490.00,Pending,Scheduled
1608,684,10,2026-03-19 00:00:00,86490.00,Refunded,Scheduled
1609,526,11,2025-03-10 03:00:00,104990.00,Paid,Delivered
1610,803,8,2025-09-01 17:00:00,49990.00,Refunded,In Transit
1611,823,8,2025-02-24 04:00:00,49990.00,Refunded,Delivered
1612,1126,3,2025-07-11 22:00:00,38990.00,Pending,Scheduled
1613,1090,8,2025-12-27 20:00:00,52990.00,Paid,Delivered
1614,696,8,2026-03-17 18:00:00,47990.00,Paid,Scheduled
1615,665,2,2025-05-31 22:00:00,96490.00,Pending,Scheduled
1616,1003,7,2025-02-15 10:00:00,101490.00,Refunded,Scheduled
1617,43,10,2025-08-12 22:00:00,86490.00,Paid,Delivered
1618,1072,11,2025-06-29 07:00:00,106490.00,Refunded,Delivered
1619,695,1,2025-06-20 22:00:00,79990.00,Paid,Delivered
1620,138,3,2025-03-19 00:00:00,43990.00,Paid,Scheduled
1621,242,10,2025-05-15 03:00:00,84990.00,Refunded,Scheduled
1622,288,10,2026-03-14 23:00:00,86490.00,Paid,Delivered
1623,440,2,2026-03-21 01:00:00,94990.00,Refunded,In Transit
1624,1187,3,2025-10-22 01:00:00,45490.00,Paid,Delivered
1625,309,10,2025-11-02 23:00:00,86490.00,Refunded,In Transit
1626,141,8,2025-07-30 19:00:00,49990.00,Paid,Delivered
1627,1193,11,2025-09-18 00:00:00,104990.00,Refunded,Delivered
1628,578,8,2025-09-19 02:00:00,47990.00,Paid,Delivered
1629,80,10,2025-07-01 09:00:00,81990.00,Pending,Scheduled
1630,496,9,2026-03-11 13:00:00,58990.00,Pending,Scheduled
1631,448,7,2025-12-29 07:00:00,94990.00,Paid,Scheduled
1632,396,5,2025-05-23 08:00:00,54990.00,Refunded,Delivered
1633,997,1,2025-06-25 19:00:00,79990.00,Pending,Scheduled
1634,107,6,2025-04-16 07:00:00,84990.00,Paid,Scheduled
1635,743,8,2025-08-24 19:00:00,52990.00,Paid,In Transit
1636,484,9,2025-03-27 15:00:00,57490.00,Paid,In Transit
1637,1126,4,2025-07-19 19:00:00,54240.00,Paid,Delivered
1638,318,6,2026-01-13 03:00:00,79990.00,Refunded,Delivered
1639,968,3,2026-02-05 09:00:00,38990.00,Paid,Delivered
1640,62,4,2025-08-01 15:00:00,49740.00,Paid,Scheduled
1641,226,5,2025-10-25 00:00:00,59990.00,Pending,Scheduled
1642,909,2,2025-10-03 10:00:00,94990.00,Refunded,In Transit
1643,935,9,2025-12-08 07:00:00,57490.00,Paid,Delivered
1644,155,10,2025-01-19 12:00:00,81990.00,Paid,Delivered
1645,374,6,2025-02-18 17:00:00,79990.00,Paid,Delivered
1646,287,4,2025-09-07 01:00:00,52740.00,Refunded,Delivered
1647,447,1,2025-12-08 07:00:00,81490.00,Refunded,Delivered
1648,789,8,2025-07-28 22:00:00,49990.00,Refunded,Scheduled
1649,1117,3,2025-06-16 16:00:00,43990.00,Pending,Scheduled
1650,174,3,2025-08-05 11:00:00,43990.00,Paid,Delivered
1651,600,11,2025-10-31 09:00:00,104990.00,Paid,In Transit
1652,23,5,2025-03-06 11:00:00,54990.00,Pending,Scheduled
1653,456,9,2025-09-08 03:00:00,54490.00,Refunded,Scheduled
1654,686,5,2026-02-27 06:00:00,61490.00,Paid,Delivered
1655,776,2,2025-01-30 01:00:00,91990.00,Paid,Delivered
1656,179,1,2026-02-23 19:00:00,74990.00,Paid,Delivered
1657,190,2,2026-01-13 12:00:00,94990.00,Refunded,In Transit
1658,53,3,2026-03-23 01:00:00,38990.00,Paid,Scheduled
1659,175,1,2025-09-19 09:00:00,81490.00,Paid,Scheduled
1660,1092,6,2025-07-18 11:00:00,84990.00,Paid,In Transit
1661,576,6,2025-04-07 15:00:00,84990.00,Paid,Scheduled
1662,572,5,2025-07-29 08:00:00,61490.00,Pending,Scheduled
1663,806,9,2026-01-12 09:00:00,52490.00,Refunded,Scheduled
1664,590,9,2025-06-14 09:00:00,54490.00,Paid,In Transit
1665,1119,8,2026-01-28 05:00:00,49990.00,Pending,Scheduled
1666,95,1,2025-11-08 15:00:00,81490.00,Paid,In Transit
1667,1004,7,2025-04-10 04:00:00,99990.00,Paid,Delivered
1668,46,11,2025-05-29 07:00:00,104990.00,Paid,Delivered
1669,410,6,2025-09-26 21:00:00,86490.00,Paid,Scheduled
1670,975,10,2025-12-29 16:00:00,79990.00,Paid,Delivered
1671,351,9,2026-03-03 09:00:00,54490.00,Paid,Scheduled
1672,1016,1,2025-02-18 14:00:00,76990.00,Paid,Scheduled
1673,665,3,2025-06-28 00:00:00,45490.00,Paid,Delivered
1674,327,9,2025-10-07 19:00:00,57490.00,Paid,In Transit
1675,832,3,2025-12-22 17:00:00,43990.00,Pending,Scheduled
1676,1031,10,2025-07-28 21:00:00,86490.00,Paid,Scheduled
1677,994,10,2026-04-04 17:00:00,79990.00,Paid,Scheduled
1678,144,1,2025-04-28 06:00:00,74990.00,Paid,In Transit
1679,611,4,2026-03-03 21:00:00,52740.00,Pending,Scheduled
1680,879,6,2026-01-29 03:00:00,81990.00,Paid,Scheduled
1681,724,2,2025-09-05 04:00:00,96490.00,Pending,Scheduled
1682,745,1,2025-06-18 03:00:00,74990.00,Paid,Scheduled
1683,379,2,2026-04-17 15:00:00,96490.00,Refunded,Delivered
1684,716,5,2025-12-08 14:00:00,61490.00,Pending,Scheduled
1685,221,4,2025-01-23 02:00:00,54240.00,Paid,Delivered
1686,1079,10,2025-03-23 18:00:00,79990.00,Paid,Delivered
1687,67,11,2025-09-03 13:00:00,101990.00,Paid,In Transit
1688,165,5,2025-06-09 10:00:00,54990.00,Pending,Scheduled
1689,334,10,2026-04-21 03:00:00,86490.00,Pending,Scheduled
1690,508,6,2025-11-10 03:00:00,79990.00,Paid,Scheduled
1691,967,6,2025-10-22 18:00:00,81990.00,Refunded,Delivered
1692,496,9,2026-03-02 10:00:00,57490.00,Pending,Scheduled
1693,163,8,2025-05-25 07:00:00,54490.00,Paid,Delivered
1694,74,9,2026-01-27 01:00:00,58990.00,Paid,Delivered
1695,998,2,2025-02-19 00:00:00,89990.00,Paid,Scheduled
1696,808,1,2025-11-23 00:00:00,81490.00,Paid,Scheduled
1697,1183,8,2025-08-17 04:00:00,49990.00,Paid,Delivered
1698,165,7,2025-05-15 06:00:00,101490.00,Paid,In Transit
1699,982,5,2025-11-30 04:00:00,54990.00,Paid,Delivered
1700,330,8,2025-05-20 01:00:00,47990.00,Paid,Scheduled
1701,249,6,2025-05-10 02:00:00,86490.00,Paid,Scheduled
1702,1079,2,2025-02-22 17:00:00,89990.00,Paid,Delivered
1703,305,2,2025-10-22 14:00:00,96490.00,Paid,Delivered
1704,886,10,2025-06-24 20:00:00,86490.00,Pending,Scheduled
1705,35,6,2025-08-04 23:00:00,86490.00,Refunded,Delivered
1706,901,7,2025-05-13 04:00:00,94990.00,Refunded,Delivered
1707,690,7,2025-07-28 03:00:00,101490.00,Refunded,Delivered
1708,136,3,2025-09-18 02:00:00,43990.00,Paid,Delivered
1709,399,3,2025-04-24 02:00:00,43990.00,Pending,Scheduled
1710,1037,6,2025-08-24 04:00:00,81990.00,Pending,Scheduled
1711,546,10,2026-03-19 23:00:00,81990.00,Paid,Delivered
1712,769,8,2025-05-28 00:00:00,52990.00,Pending,Scheduled
1713,869,9,2025-08-26 01:00:00,58990.00,Pending,Scheduled
1714,1046,3,2025-03-13 13:00:00,40990.00,Paid,Scheduled
1715,647,3,2026-02-04 15:00:00,43990.00,Paid,Delivered
1716,927,4,2025-05-07 10:00:00,54240.00,Refunded,Delivered
1717,77,5,2026-01-20 01:00:00,59990.00,Paid,Delivered
1718,33,1,2025-03-07 06:00:00,76990.00,Paid,In Transit
1719,254,10,2025-07-08 00:00:00,79990.00,Paid,Delivered
1720,1017,1,2025-05-14 22:00:00,81490.00,Refunded,In Transit
1721,328,8,2025-07-07 19:00:00,49990.00,Paid,Delivered
1722,842,11,2025-12-31 11:00:00,104990.00,Paid,Delivered
1723,743,7,2025-08-11 02:00:00,101490.00,Paid,Delivered
1724,140,1,2025-03-09 01:00:00,79990.00,Pending,Scheduled
1725,936,5,2025-11-01 05:00:00,54990.00,Paid,Scheduled
1726,980,9,2026-04-21 23:00:00,54490.00,Pending,Scheduled
1727,271,8,2026-01-25 20:00:00,54490.00,Paid,In Transit
1728,753,2,2025-01-17 04:00:00,96490.00,Paid,Scheduled
1729,288,11,2026-03-10 04:00:00,104990.00,Paid,Scheduled
1730,1103,6,2026-03-28 21:00:00,81990.00,Paid,Delivered
1731,1076,4,2026-03-30 13:00:00,54240.00,Paid,In Transit
1732,593,4,2025-09-15 03:00:00,49740.00,Paid,Delivered
1733,613,3,2025-11-10 05:00:00,38990.00,Pending,Scheduled
1734,131,9,2025-07-19 15:00:00,57490.00,Paid,Delivered
1735,1053,7,2025-10-14 11:00:00,94990.00,Paid,Delivered
1736,895,5,2025-08-26 19:00:00,61490.00,Refunded,In Transit
1737,546,11,2026-03-03 17:00:00,99990.00,Paid,Delivered
1738,444,2,2026-01-04 09:00:00,89990.00,Refunded,In Transit
1739,140,9,2025-03-09 22:00:00,58990.00,Paid,Delivered
1740,475,6,2026-01-31 06:00:00,86490.00,Pending,Scheduled
1741,1173,5,2026-03-26 04:00:00,56990.00,Pending,Scheduled
1742,890,7,2025-06-17 11:00:00,96990.00,Pending,Scheduled
1743,716,11,2025-11-01 22:00:00,106490.00,Paid,Delivered
1744,815,2,2025-09-11 19:00:00,96490.00,Refunded,Delivered
1745,990,4,2025-09-11 18:00:00,52740.00,Refunded,In Transit
1746,228,11,2026-04-05 10:00:00,106490.00,Pending,Scheduled
1747,317,9,2026-01-10 14:00:00,58990.00,Paid,Delivered
1748,1141,6,2025-06-06 04:00:00,79990.00,Paid,Delivered
1749,305,1,2025-11-11 14:00:00,74990.00,Paid,Delivered
1750,929,2,2025-11-22 03:00:00,91990.00,Paid,Delivered
1751,598,11,2025-11-11 22:00:00,101990.00,Paid,In Transit
1752,495,7,2025-05-10 09:00:00,96990.00,Paid,Delivered
1753,399,11,2025-05-13 04:00:00,99990.00,Pending,Scheduled
1754,1141,1,2025-06-14 02:00:00,79990.00,Paid,Delivered
1755,727,11,2025-12-29 23:00:00,101990.00,Paid,Scheduled
1756,43,8,2025-08-18 06:00:00,49990.00,Paid,Scheduled
1757,726,4,2026-03-21 06:00:00,47740.00,Paid,Delivered
1758,72,7,2025-10-19 20:00:00,101490.00,Paid,In Transit
1759,1061,7,2025-12-17 07:00:00,96990.00,Pending,Scheduled
1760,571,9,2026-03-04 18:00:00,57490.00,Refunded,Delivered
1761,474,8,2025-12-04 04:00:00,49990.00,Paid,Delivered
1762,59,11,2025-08-14 11:00:00,106490.00,Refunded,Delivered
1763,1015,5,2025-09-16 01:00:00,56990.00,Pending,Scheduled
1764,794,1,2025-07-09 20:00:00,81490.00,Pending,Scheduled
1765,34,4,2025-07-29 13:00:00,52740.00,Paid,Delivered
1766,191,9,2026-02-20 03:00:00,57490.00,Paid,Delivered
1767,1048,5,2025-12-27 19:00:00,61490.00,Paid,Scheduled
1768,893,9,2025-01-08 06:00:00,58990.00,Paid,In Transit
1769,55,5,2025-09-21 08:00:00,61490.00,Paid,Scheduled
1770,1078,7,2025-04-02 00:00:00,99990.00,Pending,Scheduled
1771,693,7,2025-05-19 08:00:00,94990.00,Paid,Delivered
1772,16,7,2025-07-22 17:00:00,101490.00,Paid,In Transit
1773,999,10,2025-12-28 08:00:00,79990.00,Pending,Scheduled
1774,405,3,2026-04-03 13:00:00,45490.00,Pending,Scheduled
1775,1075,6,2025-05-17 19:00:00,86490.00,Refunded,Delivered
1776,906,2,2025-01-14 14:00:00,89990.00,Paid,In Transit
1777,305,10,2025-11-26 16:00:00,86490.00,Pending,Scheduled
1778,998,1,2025-02-16 05:00:00,74990.00,Pending,Scheduled
1779,1066,3,2025-05-07 10:00:00,40990.00,Paid,In Transit
1780,629,11,2025-07-25 12:00:00,104990.00,Pending,Scheduled
1781,1092,3,2025-07-13 14:00:00,38990.00,Paid,Delivered
1782,612,2,2025-09-06 09:00:00,91990.00,Refunded,In Transit
1783,638,5,2025-06-19 05:00:00,54990.00,Paid,Delivered
1784,176,11,2025-12-05 18:00:00,101990.00,Paid,Scheduled
1785,821,5,2026-02-25 08:00:00,59990.00,Refunded,Scheduled
1786,226,11,2025-10-15 06:00:00,104990.00,Paid,Delivered
1787,1107,11,2025-12-03 16:00:00,99990.00,Paid,Delivered
1788,326,1,2025-06-23 11:00:00,74990.00,Paid,Delivered
1789,405,3,2026-04-06 04:00:00,45490.00,Pending,Scheduled
1790,751,9,2025-09-09 11:00:00,58990.00,Pending,Scheduled
1791,542,8,2026-03-22 21:00:00,54490.00,Pending,Scheduled
1792,943,9,2025-11-23 14:00:00,57490.00,Refunded,In Transit
1793,707,8,2025-03-11 11:00:00,52990.00,Refunded,Delivered
1794,611,4,2026-03-07 02:00:00,49740.00,Paid,Delivered
1795,567,6,2025-08-28 23:00:00,84990.00,Paid,Scheduled
1796,212,5,2025-07-12 13:00:00,59990.00,Paid,Scheduled
1797,632,5,2025-12-28 10:00:00,61490.00,Paid,In Transit
1798,731,4,2025-02-02 16:00:00,54240.00,Paid,Delivered
1799,708,9,2025-09-20 03:00:00,54490.00,Paid,Delivered
1800,1085,3,2025-12-21 21:00:00,40990.00,Paid,Delivered
1801,126,5,2026-03-03 21:00:00,56990.00,Paid,In Transit
1802,393,6,2026-03-07 10:00:00,79990.00,Paid,Delivered
1803,998,5,2025-02-18 20:00:00,56990.00,Pending,Scheduled
1804,967,9,2025-11-04 22:00:00,52490.00,Paid,Delivered
1805,817,8,2025-07-15 01:00:00,49990.00,Paid,Scheduled
1806,100,9,2026-01-15 16:00:00,52490.00,Paid,Delivered
1807,637,9,2025-08-30 11:00:00,52490.00,Pending,Scheduled
1808,574,7,2025-08-01 03:00:00,99990.00,Pending,Scheduled
1809,309,6,2025-11-20 00:00:00,81990.00,Paid,Scheduled
1810,967,11,2025-10-30 15:00:00,104990.00,Paid,Delivered
1811,347,7,2025-04-24 12:00:00,94990.00,Paid,Delivered
1812,50,11,2026-03-14 10:00:00,99990.00,Refunded,Delivered
1813,580,1,2026-02-21 01:00:00,81490.00,Paid,In Transit
1814,461,11,2026-02-17 08:00:00,101990.00,Paid,Scheduled
1815,226,11,2025-09-27 04:00:00,104990.00,Paid,Delivered
1816,641,1,2025-03-04 17:00:00,74990.00,Refunded,Delivered
1817,572,11,2025-08-03 05:00:00,104990.00,Paid,Delivered
1818,834,7,2025-01-24 17:00:00,96990.00,Refunded,Delivered
1819,246,9,2025-04-03 18:00:00,58990.00,Paid,Delivered
1820,694,6,2025-02-24 12:00:00,86490.00,Refunded,In Transit
1821,1035,3,2025-02-11 18:00:00,38990.00,Refunded,Delivered
1822,900,1,2025-08-20 18:00:00,79990.00,Pending,Scheduled
1823,452,6,2025-08-13 21:00:00,86490.00,Pending,Scheduled
1824,76,11,2025-07-29 06:00:00,106490.00,Paid,Scheduled
1825,336,11,2025-08-22 03:00:00,104990.00,Paid,Delivered
1826,922,4,2025-03-18 00:00:00,47740.00,Refunded,Delivered
1827,396,9,2025-05-17 05:00:00,52490.00,Paid,Scheduled
1828,226,11,2025-10-25 04:00:00,101990.00,Pending,Scheduled
1829,968,10,2026-01-21 16:00:00,79990.00,Paid,In Transit
1830,996,2,2025-03-30 09:00:00,91990.00,Pending,Scheduled
1831,118,11,2025-11-21 21:00:00,106490.00,Refunded,Delivered
1832,752,6,2026-02-06 12:00:00,86490.00,Paid,In Transit
1833,509,8,2025-11-09 09:00:00,52990.00,Paid,Delivered
1834,792,6,2026-01-12 05:00:00,86490.00,Pending,Scheduled
1835,808,10,2025-10-20 23:00:00,86490.00,Paid,In Transit
1836,76,11,2025-07-26 03:00:00,106490.00,Pending,Scheduled
1837,781,10,2025-09-07 00:00:00,86490.00,Pending,Scheduled
1838,873,7,2025-10-27 09:00:00,96990.00,Paid,Delivered
1839,305,11,2025-11-14 21:00:00,101990.00,Paid,In Transit
1840,385,7,2026-02-19 09:00:00,96990.00,Refunded,Scheduled
1841,301,4,2026-03-31 06:00:00,49740.00,Paid,In Transit
1842,252,3,2025-06-13 14:00:00,38990.00,Refunded,Scheduled
1843,947,3,2025-07-29 07:00:00,40990.00,Pending,Scheduled
1844,276,1,2025-06-24 22:00:00,79990.00,Paid,Delivered
1845,1004,10,2025-05-10 12:00:00,84990.00,Pending,Scheduled
1846,485,7,2025-03-15 15:00:00,96990.00,Paid,Scheduled
1847,133,2,2025-10-16 03:00:00,91990.00,Pending,Scheduled
1848,1018,10,2025-08-24 12:00:00,86490.00,Refunded,Delivered
1849,1166,6,2026-03-24 16:00:00,84990.00,Pending,Scheduled
1850,138,6,2025-03-31 05:00:00,84990.00,Paid,Delivered
1851,497,10,2025-04-27 16:00:00,84990.00,Refunded,Scheduled
1852,408,8,2025-02-06 18:00:00,49990.00,Paid,Delivered
1853,413,5,2025-08-26 19:00:00,54990.00,Pending,Scheduled
1854,585,10,2026-01-07 10:00:00,81990.00,Paid,Delivered
1855,645,8,2025-05-10 12:00:00,47990.00,Paid,Delivered
1856,383,2,2025-05-06 19:00:00,89990.00,Paid,In Transit
1857,1040,10,2026-03-04 02:00:00,86490.00,Paid,Delivered
1858,51,5,2026-01-26 16:00:00,61490.00,Paid,Delivered
1859,746,11,2026-03-30 00:00:00,106490.00,Paid,Delivered
1860,1125,6,2026-04-04 00:00:00,86490.00,Paid,In Transit
1861,332,7,2025-09-07 00:00:00,94990.00,Refunded,In Transit
1862,601,10,2025-11-25 14:00:00,84990.00,Paid,In Transit
1863,435,5,2026-03-21 13:00:00,54990.00,Pending,Scheduled
1864,829,9,2026-02-24 10:00:00,54490.00,Paid,In Transit
1865,772,1,2025-07-15 01:00:00,79990.00,Pending,Scheduled
1866,44,8,2025-01-09 00:00:00,54490.00,Paid,In Transit
1867,1156,10,2025-04-11 23:00:00,86490.00,Paid,In Transit
1868,155,4,2025-01-12 03:00:00,54240.00,Pending,Scheduled
1869,215,10,2025-04-28 15:00:00,81990.00,Paid,Delivered
1870,1165,1,2025-08-20 09:00:00,81490.00,Paid,Scheduled
1871,450,8,2026-01-03 06:00:00,47990.00,Paid,Delivered
1872,1109,8,2025-10-06 06:00:00,52990.00,Paid,In Transit
1873,889,10,2025-06-07 11:00:00,79990.00,Paid,Delivered
1874,94,8,2025-05-29 16:00:00,52990.00,Pending,Scheduled
1875,302,1,2025-02-10 09:00:00,81490.00,Refunded,Scheduled
1876,296,5,2025-10-03 09:00:00,56990.00,Pending,Scheduled
1877,334,8,2026-04-01 02:00:00,49990.00,Paid,Delivered
1878,503,4,2025-12-17 07:00:00,54240.00,Refunded,Delivered
1879,1051,8,2025-12-16 06:00:00,47990.00,Paid,Delivered
1880,397,5,2025-08-05 01:00:00,54990.00,Refunded,In Transit
1881,701,7,2025-09-19 23:00:00,99990.00,Paid,Scheduled
1882,1144,8,2025-04-25 14:00:00,47990.00,Paid,Scheduled
1883,587,4,2026-03-31 18:00:00,47740.00,Paid,Delivered
1884,283,8,2026-02-03 19:00:00,47990.00,Paid,Scheduled
1885,52,8,2025-07-05 07:00:00,47990.00,Pending,Scheduled
1886,660,4,2025-11-10 18:00:00,52740.00,Pending,Scheduled
1887,34,1,2025-07-13 23:00:00,76990.00,Paid,Delivered
1888,984,11,2025-02-06 08:00:00,104990.00,Paid,Delivered
1889,241,2,2025-06-09 19:00:00,91990.00,Paid,Delivered
1890,60,8,2026-03-20 22:00:00,52990.00,Pending,Scheduled
1891,925,9,2025-05-12 05:00:00,58990.00,Paid,Delivered
1892,774,8,2026-01-29 01:00:00,54490.00,Paid,Scheduled
1893,628,8,2025-10-09 12:00:00,47990.00,Refunded,Delivered
1894,389,11,2025-11-08 10:00:00,106490.00,Paid,Delivered
1895,173,1,2025-02-28 12:00:00,74990.00,Paid,Delivered
1896,1173,11,2026-03-30 08:00:00,104990.00,Refunded,Scheduled
1897,1180,7,2026-01-11 16:00:00,94990.00,Paid,Delivered
1898,838,4,2025-07-19 01:00:00,49740.00,Pending,Scheduled
1899,388,11,2026-03-14 04:00:00,104990.00,Paid,Delivered
1900,582,2,2026-04-05 23:00:00,96490.00,Refunded,In Transit
1901,297,8,2025-05-13 19:00:00,47990.00,Pending,Scheduled
1902,875,4,2025-05-09 03:00:00,52740.00,Pending,Scheduled
1903,1083,5,2025-06-25 00:00:00,56990.00,Paid,Delivered
1904,897,2,2026-01-12 02:00:00,96490.00,Pending,Scheduled
1905,949,7,2025-09-25 21:00:00,101490.00,Paid,Delivered
1906,258,2,2025-03-20 20:00:00,96490.00,Refunded,In Transit
1907,295,9,2025-06-02 14:00:00,52490.00,Paid,Delivered
1908,181,7,2025-05-31 04:00:00,99990.00,Paid,Delivered
1909,1165,9,2025-08-04 14:00:00,58990.00,Pending,Scheduled
1910,1127,7,2025-01-18 22:00:00,99990.00,Paid,Delivered
1911,845,3,2026-03-22 11:00:00,40990.00,Paid,Delivered
1912,763,10,2025-12-05 18:00:00,84990.00,Paid,In Transit
1913,219,5,2025-06-19 01:00:00,59990.00,Paid,Delivered
1914,1077,7,2025-05-25 19:00:00,96990.00,Refunded,In Transit
1915,889,10,2025-05-05 13:00:00,79990.00,Paid,Scheduled
1916,1100,4,2026-01-21 06:00:00,54240.00,Refunded,Delivered
1917,717,10,2025-08-31 04:00:00,81990.00,Paid,Scheduled
1918,859,10,2025-06-09 14:00:00,86490.00,Pending,Scheduled
1919,1030,1,2026-04-13 07:00:00,81490.00,Pending,Scheduled
1920,861,6,2025-12-24 12:00:00,86490.00,Refunded,Delivered
1921,1193,10,2025-10-07 04:00:00,86490.00,Paid,Scheduled
1922,961,1,2025-06-15 04:00:00,76990.00,Paid,In Transit
1923,553,8,2025-08-29 22:00:00,54490.00,Paid,Delivered
1924,142,5,2025-10-11 00:00:00,54990.00,Paid,In Transit
1925,859,1,2025-06-23 14:00:00,81490.00,Pending,Scheduled
1926,458,5,2025-04-28 04:00:00,61490.00,Paid,In Transit
1927,1140,8,2025-01-27 02:00:00,47990.00,Paid,Delivered
1928,1,6,2025-11-01 16:00:00,81990.00,Pending,Scheduled
1929,286,8,2026-01-21 17:00:00,54490.00,Pending,Scheduled
1930,263,2,2025-04-13 02:00:00,89990.00,Paid,In Transit
1931,544,11,2025-11-25 04:00:00,104990.00,Refunded,Scheduled
1932,893,6,2025-02-14 13:00:00,79990.00,Paid,Delivered
1933,587,9,2026-03-11 16:00:00,58990.00,Pending,Scheduled
1934,911,8,2025-09-12 11:00:00,49990.00,Paid,In Transit
1935,179,3,2026-03-02 00:00:00,43990.00,Pending,Scheduled
1936,236,3,2026-04-23 16:00:00,40990.00,Paid,In Transit
1937,430,5,2025-04-26 04:00:00,61490.00,Refunded,In Transit
1938,360,11,2025-05-16 22:00:00,104990.00,Pending,Scheduled
1939,952,4,2025-03-03 08:00:00,49740.00,Paid,Delivered
1940,1089,8,2026-01-08 11:00:00,52990.00,Refunded,In Transit
1941,80,3,2025-06-23 21:00:00,43990.00,Refunded,In Transit
1942,550,6,2025-12-19 23:00:00,86490.00,Pending,Scheduled
1943,764,5,2026-04-11 05:00:00,56990.00,Paid,Delivered
1944,321,2,2025-08-10 22:00:00,94990.00,Paid,Delivered
1945,1088,10,2025-03-29 22:00:00,79990.00,Paid,Delivered
1946,398,3,2026-03-09 04:00:00,45490.00,Refunded,In Transit
1947,55,6,2025-10-13 06:00:00,79990.00,Paid,Scheduled
1948,695,10,2025-06-05 22:00:00,84990.00,Paid,Delivered
1949,598,4,2025-11-13 04:00:00,52740.00,Pending,Scheduled
1950,1125,2,2026-02-27 15:00:00,96490.00,Refunded,Scheduled
1951,1197,11,2025-04-05 05:00:00,104990.00,Paid,Delivered
1952,603,3,2025-10-31 04:00:00,38990.00,Pending,Scheduled
1953,375,3,2025-07-03 11:00:00,43990.00,Paid,In Transit
1954,1085,9,2026-01-05 20:00:00,52490.00,Paid,In Transit
1955,97,7,2025-12-23 05:00:00,96990.00,Paid,In Transit
1956,824,5,2026-05-02 23:00:00,54990.00,Paid,In Transit
1957,528,5,2025-02-19 10:00:00,61490.00,Paid,Scheduled
1958,253,4,2025-07-02 15:00:00,54240.00,Paid,Delivered
1959,853,5,2025-06-04 15:00:00,61490.00,Paid,Delivered
1960,480,1,2026-01-22 16:00:00,79990.00,Paid,In Transit
1961,724,11,2025-09-09 11:00:00,106490.00,Paid,Delivered
1962,170,10,2025-10-12 02:00:00,79990.00,Paid,Delivered
1963,1176,2,2025-05-20 13:00:00,94990.00,Paid,Delivered
1964,1014,8,2025-09-07 15:00:00,47990.00,Paid,Delivered
1965,170,7,2025-10-02 23:00:00,99990.00,Pending,Scheduled
1966,722,11,2025-10-06 21:00:00,101990.00,Paid,Delivered
1967,620,1,2025-04-11 18:00:00,76990.00,Pending,Scheduled
1968,266,8,2026-02-24 16:00:00,49990.00,Paid,Delivered
1969,628,11,2025-10-25 09:00:00,99990.00,Refunded,Delivered
1970,348,10,2026-04-22 19:00:00,84990.00,Paid,Delivered
1971,640,9,2025-12-15 02:00:00,54490.00,Paid,Scheduled
1972,533,11,2025-02-18 17:00:00,99990.00,Paid,Scheduled
1973,214,8,2025-08-24 02:00:00,47990.00,Refunded,Delivered
1974,655,10,2025-09-02 03:00:00,86490.00,Refunded,In Transit
1975,926,3,2025-03-17 20:00:00,43990.00,Paid,In Transit
1976,322,7,2025-02-09 12:00:00,101490.00,Paid,Delivered
1977,467,2,2026-02-11 03:00:00,96490.00,Pending,Scheduled
1978,696,4,2026-03-01 17:00:00,49740.00,Paid,Delivered
1979,1106,7,2025-02-24 03:00:00,96990.00,Paid,In Transit
1980,69,8,2025-08-19 22:00:00,47990.00,Paid,Delivered
1981,596,8,2025-05-06 23:00:00,52990.00,Refunded,In Transit
1982,659,10,2026-02-07 08:00:00,84990.00,Pending,Scheduled
1983,563,2,2026-04-11 05:00:00,91990.00,Refunded,Delivered
1984,878,10,2025-05-25 02:00:00,81990.00,Paid,Delivered
1985,1143,3,2025-03-13 07:00:00,45490.00,Paid,Scheduled
1986,591,3,2025-06-30 13:00:00,40990.00,Refunded,Delivered
1987,593,3,2025-09-12 00:00:00,38990.00,Paid,Delivered
1988,1151,9,2026-03-31 08:00:00,54490.00,Paid,Delivered
1989,495,5,2025-04-06 05:00:00,61490.00,Paid,Delivered
1990,765,11,2026-01-21 21:00:00,104990.00,Paid,Delivered
1991,525,2,2025-09-27 00:00:00,94990.00,Paid,Scheduled
1992,58,11,2025-08-27 14:00:00,106490.00,Paid,In Transit
1993,872,8,2025-10-03 17:00:00,52990.00,Paid,Delivered
1994,177,3,2025-07-07 11:00:00,40990.00,Refunded,Delivered
1995,422,2,2025-11-24 01:00:00,94990.00,Paid,Scheduled
1996,757,10,2025-07-23 13:00:00,79990.00,Pending,Scheduled
1997,785,11,2025-02-25 11:00:00,101990.00,Refunded,Scheduled
1998,1190,4,2025-10-05 14:00:00,49740.00,Paid,Delivered
1999,263,5,2025-04-10 10:00:00,54990.00,Refunded,Delivered
2000,105,5,2026-03-09 11:00:00,56990.00,Paid,In Transit
