id,user_id,booking_type,flight_id,hotel_id,booking_date,travel_date,amount_paid,destination_country
1,459,hotel,,9,2026-01-30 19:00:00-05:00,2026-05-10,1901.90,Germany
2,611,flight,78,,2025-10-17 20:00:00-04:00,2025-11-11,573.61,Japan
3,7,hotel,,81,2024-10-02 20:00:00-04:00,2024-11-06,150.26,Australia
4,791,hotel,,143,2025-09-19 20:00:00-04:00,2025-12-01,3764.10,Italy
5,949,flight,118,,2024-12-17 19:00:00-05:00,2024-12-29,979.40,Canada
6,365,flight,94,,2024-10-31 20:00:00-04:00,2024-12-11,679.32,United Arab Emirates
7,911,flight,77,,2025-05-30 20:00:00-04:00,2025-07-09,619.42,Canada
8,95,hotel,,20,2025-10-30 20:00:00-04:00,2025-12-04,3590.04,United Kingdom
9,812,hotel,,148,2024-11-01 20:00:00-04:00,2025-01-10,1038.64,Australia
10,610,hotel,,148,2025-11-10 19:00:00-05:00,2026-02-19,3635.24,Australia
11,81,flight,112,,2025-11-19 19:00:00-05:00,2026-01-10,925.37,Australia
12,427,flight,168,,2025-06-23 20:00:00-04:00,2025-10-04,1136.13,Canada
13,870,flight,162,,2025-02-24 19:00:00-05:00,2025-06-11,423.65,Australia
14,392,flight,11,,2025-10-30 20:00:00-04:00,2026-01-13,843.56,United States
15,327,flight,179,,2024-11-13 19:00:00-05:00,2025-01-24,315.23,United Kingdom
16,227,flight,188,,2024-04-27 20:00:00-04:00,2024-07-30,380.33,United Kingdom
17,403,hotel,,130,2025-01-24 19:00:00-05:00,2025-04-15,956.36,Italy
18,228,hotel,,101,2025-04-20 20:00:00-04:00,2025-08-06,773.37,Canada
19,136,hotel,,147,2025-12-25 19:00:00-05:00,2026-03-03,565.43,Australia
20,562,hotel,,103,2024-12-05 19:00:00-05:00,2024-12-23,4667.76,United Arab Emirates
21,445,flight,144,,2025-07-03 20:00:00-04:00,2025-09-10,714.01,United States
22,203,hotel,,147,2024-10-03 20:00:00-04:00,2025-01-02,2261.72,Australia
23,575,flight,69,,2025-12-05 19:00:00-05:00,2025-12-22,385.18,Australia
24,796,hotel,,148,2025-08-25 20:00:00-04:00,2025-11-28,1038.64,Australia
25,116,hotel,,90,2026-06-14 20:00:00-04:00,2026-08-07,2154.88,Italy
26,329,hotel,,7,2026-07-03 20:00:00-04:00,2026-10-02,1474.40,United States
27,174,hotel,,114,2025-11-15 19:00:00-05:00,2026-03-08,4930.80,France
28,150,hotel,,60,2025-09-30 20:00:00-04:00,2026-01-20,1868.76,Japan
29,702,hotel,,22,2025-10-12 20:00:00-04:00,2026-01-24,926.40,Mexico
30,758,flight,38,,2024-10-27 20:00:00-04:00,2025-01-22,1145.49,United Kingdom
31,890,hotel,,29,2024-03-23 20:00:00-04:00,2024-05-13,1864.25,Canada
32,461,hotel,,54,2025-06-25 20:00:00-04:00,2025-08-14,4483.17,Japan
33,217,flight,193,,2024-12-17 19:00:00-05:00,2025-03-01,1017.84,United States
34,265,hotel,,37,2025-02-21 19:00:00-05:00,2025-06-02,202.13,Canada
35,386,flight,16,,2025-10-10 20:00:00-04:00,2025-11-08,1032.67,United Kingdom
36,291,flight,70,,2025-03-08 19:00:00-05:00,2025-06-03,604.49,Japan
37,55,hotel,,18,2026-02-14 19:00:00-05:00,2026-02-23,1268.89,Mexico
38,677,hotel,,93,2025-03-11 20:00:00-04:00,2025-07-06,456.06,Italy
39,20,hotel,,60,2025-08-30 20:00:00-04:00,2025-10-26,3270.33,Japan
40,521,flight,153,,2024-09-09 20:00:00-04:00,2024-11-18,310.01,Australia
41,545,flight,129,,2024-12-08 19:00:00-05:00,2025-01-10,325.76,Japan
42,990,hotel,,6,2026-10-09 20:00:00-04:00,2027-01-16,373.63,Germany
43,254,hotel,,101,2026-04-16 20:00:00-04:00,2026-06-25,773.37,Canada
44,19,hotel,,91,2026-06-14 20:00:00-04:00,2026-08-06,824.50,United States
45,242,hotel,,66,2024-11-24 19:00:00-05:00,2025-02-20,3720.43,Canada
46,912,flight,58,,2026-06-08 20:00:00-04:00,2026-07-21,1044.60,France
47,156,hotel,,36,2025-08-11 20:00:00-04:00,2025-11-11,350.10,Italy
48,748,hotel,,59,2026-01-03 19:00:00-05:00,2026-04-07,3522.33,France
49,247,flight,155,,2024-08-07 20:00:00-04:00,2024-09-23,1032.12,Germany
50,338,hotel,,53,2026-05-26 20:00:00-04:00,2026-06-19,1767.66,Australia
51,595,flight,177,,2026-04-29 20:00:00-04:00,2026-06-15,676.93,France
52,723,flight,38,,2026-04-11 20:00:00-04:00,2026-07-26,1145.49,United Kingdom
53,672,flight,143,,2026-05-24 20:00:00-04:00,2026-06-09,298.44,Australia
54,546,flight,38,,2024-07-24 20:00:00-04:00,2024-09-10,1145.49,United Kingdom
55,745,flight,106,,2025-07-14 20:00:00-04:00,2025-11-11,526.62,France
56,985,hotel,,71,2026-05-16 20:00:00-04:00,2026-07-19,885.81,Australia
57,798,flight,48,,2024-11-29 19:00:00-05:00,2024-12-23,446.84,Japan
58,27,hotel,,60,2025-06-17 20:00:00-04:00,2025-09-05,4671.90,Japan
59,238,flight,92,,2026-09-22 20:00:00-04:00,2026-10-03,657.08,Australia
60,82,hotel,,121,2024-05-17 20:00:00-04:00,2024-07-28,546.60,Canada
61,189,hotel,,36,2026-10-10 20:00:00-04:00,2026-12-17,525.15,Italy
62,198,flight,196,,2025-08-04 20:00:00-04:00,2025-10-03,1018.90,Australia
63,993,flight,57,,2024-07-07 20:00:00-04:00,2024-09-05,925.47,United States
64,761,flight,46,,2025-08-22 20:00:00-04:00,2025-09-07,845.61,Japan
65,950,hotel,,84,2026-06-18 20:00:00-04:00,2026-08-27,3987.60,Australia
66,909,flight,199,,2025-04-08 20:00:00-04:00,2025-06-06,252.60,Australia
67,43,hotel,,147,2025-10-07 20:00:00-04:00,2025-12-04,5654.30,Australia
68,550,flight,116,,2025-04-22 20:00:00-04:00,2025-05-13,497.09,France
69,468,flight,138,,2024-07-01 20:00:00-04:00,2024-09-13,1124.45,United States
70,406,flight,133,,2025-12-18 19:00:00-05:00,2026-02-13,206.98,Japan
71,784,flight,113,,2025-07-12 20:00:00-04:00,2025-08-26,621.26,Germany
72,408,hotel,,43,2026-07-18 20:00:00-04:00,2026-09-23,3290.63,United States
73,302,flight,37,,2026-01-01 19:00:00-05:00,2026-03-16,1195.95,United Arab Emirates
74,475,hotel,,129,2024-05-03 20:00:00-04:00,2024-08-11,909.84,Italy
75,185,flight,83,,2026-05-11 20:00:00-04:00,2026-07-10,252.31,Japan
76,462,flight,152,,2024-06-19 20:00:00-04:00,2024-08-24,623.18,Canada
77,919,flight,65,,2025-02-16 19:00:00-05:00,2025-03-07,791.89,United Kingdom
78,332,flight,30,,2025-05-17 20:00:00-04:00,2025-06-05,552.48,Canada
79,724,hotel,,22,2026-04-21 20:00:00-04:00,2026-06-14,4168.80,Mexico
80,725,hotel,,41,2025-09-20 20:00:00-04:00,2025-12-15,2819.25,Canada
81,564,hotel,,44,2026-02-18 19:00:00-05:00,2026-06-04,1972.38,France
82,580,flight,38,,2026-04-16 20:00:00-04:00,2026-08-13,1145.49,United Kingdom
83,184,flight,80,,2025-12-14 19:00:00-05:00,2026-01-30,740.45,Mexico
84,748,hotel,,47,2025-09-06 20:00:00-04:00,2025-12-03,172.30,United Arab Emirates
85,921,flight,160,,2025-04-20 20:00:00-04:00,2025-04-28,1042.07,France
86,784,hotel,,128,2025-04-12 20:00:00-04:00,2025-06-17,3218.08,United Kingdom
87,557,flight,127,,2026-06-02 20:00:00-04:00,2026-09-30,690.02,United States
88,244,flight,122,,2025-03-24 20:00:00-04:00,2025-06-24,528.84,United Arab Emirates
89,465,hotel,,2,2025-11-12 19:00:00-05:00,2025-11-30,331.36,Germany
90,904,hotel,,143,2025-10-30 20:00:00-04:00,2026-01-26,1505.64,Italy
91,51,flight,168,,2024-04-16 20:00:00-04:00,2024-05-01,1136.13,Canada
92,358,flight,9,,2024-07-08 20:00:00-04:00,2024-11-02,424.20,Germany
93,684,hotel,,13,2025-05-22 20:00:00-04:00,2025-06-10,650.54,Japan
94,427,flight,73,,2025-05-20 20:00:00-04:00,2025-08-22,1062.89,Canada
95,626,flight,149,,2026-04-03 20:00:00-04:00,2026-07-15,413.22,Japan
96,369,flight,77,,2025-04-05 20:00:00-04:00,2025-07-20,619.42,Canada
97,331,hotel,,18,2024-11-06 19:00:00-05:00,2025-02-26,1268.89,Mexico
98,864,flight,35,,2026-04-01 20:00:00-04:00,2026-06-08,1015.04,Japan
99,125,hotel,,106,2026-07-09 20:00:00-04:00,2026-09-22,1290.78,United States
100,215,flight,28,,2026-08-10 20:00:00-04:00,2026-08-25,952.71,Australia
101,586,flight,177,,2026-10-14 20:00:00-04:00,2027-01-22,676.93,France
102,620,hotel,,82,2024-08-21 20:00:00-04:00,2024-11-14,2040.70,Australia
103,539,hotel,,145,2025-01-06 19:00:00-05:00,2025-04-02,4312.56,Canada
104,533,hotel,,47,2025-10-24 20:00:00-04:00,2026-02-12,861.50,United Arab Emirates
105,239,hotel,,31,2025-10-24 20:00:00-04:00,2025-11-01,214.07,Canada
106,477,flight,158,,2024-05-11 20:00:00-04:00,2024-08-29,1033.88,Japan
107,425,hotel,,90,2024-06-21 20:00:00-04:00,2024-08-10,4848.48,Italy
108,826,flight,52,,2024-03-14 20:00:00-04:00,2024-06-11,163.39,France
109,707,hotel,,18,2025-01-16 19:00:00-05:00,2025-05-05,906.35,Mexico
110,308,hotel,,86,2025-02-13 19:00:00-05:00,2025-03-07,480.30,Germany
111,406,flight,85,,2025-06-05 20:00:00-04:00,2025-07-07,887.20,United States
112,854,hotel,,122,2025-01-31 19:00:00-05:00,2025-04-10,210.36,United States
113,662,flight,161,,2024-09-11 20:00:00-04:00,2024-10-08,575.39,Australia
114,472,hotel,,106,2026-10-29 20:00:00-04:00,2027-02-14,143.42,United States
115,856,hotel,,81,2025-07-31 20:00:00-04:00,2025-11-08,1352.34,Australia
116,549,flight,176,,2026-05-08 20:00:00-04:00,2026-07-28,1008.10,United States
117,340,hotel,,72,2026-03-11 20:00:00-04:00,2026-04-07,458.44,France
118,348,hotel,,43,2026-11-04 19:00:00-05:00,2027-01-19,4700.90,United States
119,621,hotel,,30,2025-12-03 19:00:00-05:00,2026-02-25,2172.15,United Arab Emirates
120,723,hotel,,70,2026-09-01 20:00:00-04:00,2026-09-13,3402.77,Germany
121,89,hotel,,116,2026-04-03 20:00:00-04:00,2026-05-28,2189.85,Australia
122,222,hotel,,96,2025-12-07 19:00:00-05:00,2025-12-29,444.25,Canada
123,797,flight,130,,2025-12-12 19:00:00-05:00,2026-02-14,371.32,Japan
124,26,hotel,,49,2026-05-03 20:00:00-04:00,2026-05-30,1219.86,United Kingdom
125,946,hotel,,84,2025-03-11 20:00:00-04:00,2025-04-27,1495.35,Australia
126,788,flight,34,,2026-01-02 19:00:00-05:00,2026-04-06,552.73,Japan
127,211,flight,183,,2026-03-10 20:00:00-04:00,2026-05-06,284.28,France
128,886,flight,12,,2024-04-15 20:00:00-04:00,2024-06-01,1197.34,Canada
129,704,flight,12,,2025-04-22 20:00:00-04:00,2025-06-28,1197.34,Canada
130,106,hotel,,80,2025-02-22 19:00:00-05:00,2025-05-14,1291.76,United Arab Emirates
131,329,flight,71,,2025-12-09 19:00:00-05:00,2026-01-22,306.09,United States
132,546,hotel,,31,2024-12-02 19:00:00-05:00,2025-03-05,1070.35,Canada
133,153,flight,4,,2025-09-09 20:00:00-04:00,2025-10-01,595.00,Germany
134,982,flight,90,,2025-03-19 20:00:00-04:00,2025-06-04,841.38,Canada
135,563,hotel,,73,2026-04-29 20:00:00-04:00,2026-05-25,1667.90,Japan
136,251,flight,157,,2024-08-16 20:00:00-04:00,2024-10-02,729.26,Canada
137,914,hotel,,13,2026-05-06 20:00:00-04:00,2026-07-09,975.81,Japan
138,30,hotel,,28,2026-01-04 19:00:00-05:00,2026-01-18,3749.06,Mexico
139,56,flight,46,,2026-08-21 20:00:00-04:00,2026-10-18,845.61,Japan
140,722,hotel,,80,2025-04-16 20:00:00-04:00,2025-06-08,1937.64,United Arab Emirates
141,838,flight,172,,2025-05-19 20:00:00-04:00,2025-09-01,888.92,Japan
142,829,flight,34,,2025-10-10 20:00:00-04:00,2025-12-29,552.73,Japan
143,96,hotel,,80,2024-03-31 20:00:00-04:00,2024-06-05,2583.52,United Arab Emirates
144,482,flight,158,,2025-07-22 20:00:00-04:00,2025-08-17,1033.88,Japan
145,265,hotel,,85,2024-10-26 20:00:00-04:00,2024-11-26,1766.10,Germany
146,465,hotel,,122,2025-04-15 20:00:00-04:00,2025-05-01,420.72,United States
147,360,hotel,,44,2024-10-08 20:00:00-04:00,2025-02-01,1643.65,France
148,787,hotel,,33,2025-10-05 20:00:00-04:00,2025-12-25,3999.87,United States
149,106,hotel,,28,2026-02-11 19:00:00-05:00,2026-05-31,3213.48,Mexico
150,570,flight,119,,2025-03-23 20:00:00-04:00,2025-06-07,701.66,United Arab Emirates
151,411,hotel,,63,2025-10-22 20:00:00-04:00,2026-01-17,5303.43,Italy
152,163,hotel,,88,2024-11-20 19:00:00-05:00,2024-12-06,943.20,Canada
153,834,hotel,,88,2026-08-26 20:00:00-04:00,2026-11-14,2122.20,Canada
154,711,flight,172,,2026-01-23 19:00:00-05:00,2026-04-25,888.92,Japan
155,80,hotel,,119,2025-09-25 20:00:00-04:00,2025-12-17,2491.08,France
156,569,flight,79,,2025-12-14 19:00:00-05:00,2026-01-13,1017.20,France
157,979,hotel,,28,2025-09-11 20:00:00-04:00,2025-12-04,5355.80,Mexico
158,790,hotel,,16,2025-11-03 19:00:00-05:00,2026-01-13,900.08,Mexico
159,223,flight,163,,2026-09-13 20:00:00-04:00,2026-12-26,562.12,United States
160,830,flight,39,,2025-12-05 19:00:00-05:00,2026-03-07,913.53,Italy
161,464,hotel,,148,2024-10-06 20:00:00-04:00,2024-12-31,4154.56,Australia
162,201,flight,82,,2025-11-26 19:00:00-05:00,2026-03-26,902.49,Canada
163,307,hotel,,89,2025-08-20 20:00:00-04:00,2025-11-27,988.64,Germany
164,597,flight,104,,2025-11-13 19:00:00-05:00,2026-01-25,359.90,France
165,868,flight,95,,2025-01-21 19:00:00-05:00,2025-02-05,437.28,Italy
166,923,flight,144,,2024-11-04 19:00:00-05:00,2025-02-10,714.01,United States
167,841,hotel,,73,2026-04-02 20:00:00-04:00,2026-07-29,166.79,Japan
168,241,hotel,,101,2026-10-18 20:00:00-04:00,2027-01-09,1546.74,Canada
169,729,hotel,,112,2025-10-08 20:00:00-04:00,2025-12-03,4873.59,Italy
170,217,flight,49,,2024-11-11 19:00:00-05:00,2024-12-06,966.86,Italy
171,569,hotel,,107,2025-11-01 20:00:00-04:00,2026-02-24,625.56,United States
172,296,flight,19,,2024-06-26 20:00:00-04:00,2024-07-05,523.05,Italy
173,664,flight,125,,2024-03-19 20:00:00-04:00,2024-06-27,1156.84,Italy
174,674,hotel,,36,2025-03-30 20:00:00-04:00,2025-04-17,1225.35,Italy
175,881,hotel,,109,2025-01-31 19:00:00-05:00,2025-04-26,3258.70,Mexico
176,185,hotel,,142,2026-07-09 20:00:00-04:00,2026-09-09,2851.68,Japan
177,394,hotel,,109,2024-06-03 20:00:00-04:00,2024-07-04,3258.70,Mexico
178,8,hotel,,129,2024-12-06 19:00:00-05:00,2025-03-15,2274.60,Italy
179,421,hotel,,146,2024-09-29 20:00:00-04:00,2024-10-11,2739.52,United Kingdom
180,722,hotel,,124,2024-08-01 20:00:00-04:00,2024-10-22,725.36,Italy
181,146,hotel,,21,2025-10-24 20:00:00-04:00,2026-01-06,2617.47,United States
182,912,flight,162,,2025-12-31 19:00:00-05:00,2026-03-09,423.65,Australia
183,760,flight,139,,2026-09-10 20:00:00-04:00,2026-12-08,445.59,Japan
184,818,hotel,,88,2026-09-13 20:00:00-04:00,2026-09-27,2122.20,Canada
185,798,flight,132,,2025-06-03 20:00:00-04:00,2025-08-08,174.94,United Kingdom
186,928,hotel,,85,2025-08-16 20:00:00-04:00,2025-11-25,2060.45,Germany
187,362,hotel,,10,2024-12-29 19:00:00-05:00,2025-01-27,4688.60,United Kingdom
188,768,hotel,,16,2026-05-23 20:00:00-04:00,2026-07-03,3600.32,Mexico
189,593,flight,169,,2026-07-01 20:00:00-04:00,2026-07-15,216.00,Italy
190,299,flight,22,,2025-07-17 20:00:00-04:00,2025-09-25,645.83,Japan
191,130,flight,34,,2026-02-24 19:00:00-05:00,2026-04-05,552.73,Japan
192,631,hotel,,66,2026-03-08 20:00:00-04:00,2026-07-03,531.49,Canada
193,760,flight,152,,2026-07-31 20:00:00-04:00,2026-08-30,623.18,Canada
194,757,flight,95,,2026-09-13 20:00:00-04:00,2026-11-17,437.28,Italy
195,828,flight,180,,2026-05-11 20:00:00-04:00,2026-08-27,585.34,Italy
196,242,hotel,,136,2025-01-24 19:00:00-05:00,2025-05-14,194.78,France
197,352,flight,40,,2025-04-03 20:00:00-04:00,2025-06-26,679.87,Australia
198,858,hotel,,99,2026-02-26 19:00:00-05:00,2026-06-12,580.08,Germany
199,677,hotel,,54,2025-02-26 19:00:00-05:00,2025-03-27,4981.30,Japan
200,752,hotel,,68,2025-12-16 19:00:00-05:00,2026-03-16,517.38,Japan
201,54,flight,122,,2025-10-14 20:00:00-04:00,2025-12-12,528.84,United Arab Emirates
202,309,hotel,,98,2026-01-06 19:00:00-05:00,2026-02-12,1236.83,Australia
203,486,hotel,,112,2024-07-16 20:00:00-04:00,2024-09-29,541.51,Italy
204,296,hotel,,81,2024-10-31 20:00:00-04:00,2025-02-02,1352.34,Australia
205,700,flight,164,,2024-05-23 20:00:00-04:00,2024-08-07,637.94,United Kingdom
206,363,hotel,,70,2025-03-09 20:00:00-04:00,2025-06-08,2916.66,Germany
207,277,hotel,,150,2024-06-07 20:00:00-04:00,2024-07-17,1870.40,United States
208,473,flight,198,,2026-07-12 20:00:00-04:00,2026-10-03,979.03,Canada
209,200,hotel,,47,2026-07-21 20:00:00-04:00,2026-10-25,516.90,United Arab Emirates
210,561,flight,18,,2026-10-11 20:00:00-04:00,2026-10-20,1144.27,United Kingdom
211,13,hotel,,27,2024-04-30 20:00:00-04:00,2024-07-14,2054.24,Mexico
212,360,flight,50,,2024-07-09 20:00:00-04:00,2024-08-18,460.12,United States
213,35,flight,15,,2025-08-08 20:00:00-04:00,2025-08-27,1101.85,Canada
214,962,flight,32,,2025-01-02 19:00:00-05:00,2025-04-01,168.81,Italy
215,726,flight,155,,2024-05-10 20:00:00-04:00,2024-09-04,1032.12,Germany
216,134,hotel,,145,2025-01-21 19:00:00-05:00,2025-05-06,1617.21,Canada
217,918,flight,65,,2025-11-25 19:00:00-05:00,2025-12-26,791.89,United Kingdom
218,302,hotel,,117,2025-12-17 19:00:00-05:00,2026-01-03,1046.70,United States
219,788,hotel,,83,2026-04-02 20:00:00-04:00,2026-07-04,2763.20,Mexico
220,166,flight,16,,2026-06-24 20:00:00-04:00,2026-10-09,1032.67,United Kingdom
221,392,hotel,,67,2025-11-13 19:00:00-05:00,2025-11-28,2607.15,United States
222,183,hotel,,52,2024-08-17 20:00:00-04:00,2024-10-26,2254.10,United States
223,403,flight,28,,2025-02-19 19:00:00-05:00,2025-04-30,952.71,Australia
224,148,hotel,,28,2024-04-26 20:00:00-04:00,2024-07-21,4284.64,Mexico
225,733,hotel,,19,2024-03-17 20:00:00-04:00,2024-03-29,534.12,United Kingdom
226,586,hotel,,128,2026-09-25 20:00:00-04:00,2026-10-05,1206.78,United Kingdom
227,669,flight,100,,2025-10-14 20:00:00-04:00,2026-01-15,895.87,United Arab Emirates
228,273,flight,101,,2026-04-13 20:00:00-04:00,2026-06-02,749.17,Australia
229,589,flight,198,,2026-01-08 19:00:00-05:00,2026-04-16,979.03,Canada
230,503,hotel,,18,2026-08-17 20:00:00-04:00,2026-10-15,1631.43,Mexico
231,232,flight,200,,2026-09-13 20:00:00-04:00,2026-12-18,1105.59,Italy
232,494,flight,92,,2026-12-23 19:00:00-05:00,2027-03-09,657.08,Australia
233,342,hotel,,24,2025-12-24 19:00:00-05:00,2026-01-08,1186.02,United States
234,548,hotel,,118,2025-04-05 20:00:00-04:00,2025-07-29,2820.20,Japan
235,664,flight,11,,2024-04-05 20:00:00-04:00,2024-06-22,843.56,United States
236,991,hotel,,77,2026-05-23 20:00:00-04:00,2026-06-24,1686.09,Japan
237,918,flight,92,,2025-10-22 20:00:00-04:00,2026-01-26,657.08,Australia
238,499,flight,189,,2025-02-06 19:00:00-05:00,2025-04-11,1011.48,Australia
239,195,flight,7,,2024-04-29 20:00:00-04:00,2024-05-31,829.71,Australia
240,738,flight,17,,2024-10-21 20:00:00-04:00,2024-12-17,644.32,Japan
241,812,hotel,,116,2025-04-17 20:00:00-04:00,2025-07-02,437.97,Australia
242,38,hotel,,11,2025-08-02 20:00:00-04:00,2025-09-22,1340.64,United Kingdom
243,122,flight,134,,2025-07-02 20:00:00-04:00,2025-10-03,1012.70,Australia
244,470,flight,19,,2024-11-22 19:00:00-05:00,2024-12-29,523.05,Italy
245,38,flight,5,,2026-03-12 20:00:00-04:00,2026-06-11,414.60,Canada
246,483,flight,167,,2025-03-26 20:00:00-04:00,2025-07-01,744.68,United Kingdom
247,134,flight,13,,2024-05-18 20:00:00-04:00,2024-08-14,923.57,United States
248,927,hotel,,44,2024-08-15 20:00:00-04:00,2024-10-20,3287.30,France
249,66,flight,153,,2024-11-24 19:00:00-05:00,2025-02-03,310.01,Australia
250,819,flight,52,,2025-07-06 20:00:00-04:00,2025-10-24,163.39,France
251,437,hotel,,84,2026-09-10 20:00:00-04:00,2026-11-08,996.90,Australia
252,1000,flight,55,,2025-01-17 19:00:00-05:00,2025-05-12,637.49,Germany
253,783,flight,86,,2025-03-23 20:00:00-04:00,2025-04-22,262.31,United States
254,65,flight,194,,2024-11-03 19:00:00-05:00,2024-11-29,1096.69,Canada
255,426,flight,142,,2025-08-05 20:00:00-04:00,2025-09-29,861.15,Germany
256,169,hotel,,11,2025-12-30 19:00:00-05:00,2026-03-22,574.56,United Kingdom
257,103,hotel,,125,2024-07-08 20:00:00-04:00,2024-07-18,1062.36,Canada
258,7,flight,181,,2024-09-10 20:00:00-04:00,2024-09-29,858.99,Canada
259,668,hotel,,122,2024-11-06 19:00:00-05:00,2025-02-10,631.08,United States
260,212,flight,134,,2026-02-26 19:00:00-05:00,2026-04-09,1012.70,Australia
261,462,hotel,,10,2024-07-20 20:00:00-04:00,2024-08-19,4688.60,United Kingdom
262,185,hotel,,78,2026-08-31 20:00:00-04:00,2026-09-19,2434.62,Germany
263,429,flight,50,,2024-11-08 19:00:00-05:00,2024-12-16,460.12,United States
264,121,flight,195,,2025-12-31 19:00:00-05:00,2026-02-23,940.00,Mexico
265,553,flight,161,,2025-08-21 20:00:00-04:00,2025-12-05,575.39,Australia
266,676,flight,50,,2025-08-07 20:00:00-04:00,2025-08-21,460.12,United States
267,116,flight,122,,2026-10-26 20:00:00-04:00,2027-02-19,528.84,United Arab Emirates
268,510,flight,12,,2026-02-24 19:00:00-05:00,2026-05-28,1197.34,Canada
269,56,hotel,,112,2026-06-09 20:00:00-04:00,2026-07-13,2707.55,Italy
270,343,hotel,,14,2024-09-07 20:00:00-04:00,2024-09-28,1951.29,Japan
271,181,flight,132,,2024-10-04 20:00:00-04:00,2024-12-13,174.94,United Kingdom
272,119,flight,114,,2025-11-17 19:00:00-05:00,2026-02-25,275.32,Mexico
273,607,hotel,,84,2024-10-05 20:00:00-04:00,2024-11-07,1993.80,Australia
274,798,flight,26,,2025-03-21 20:00:00-04:00,2025-04-27,499.26,Canada
275,243,hotel,,57,2025-08-18 20:00:00-04:00,2025-10-13,976.74,United Kingdom
276,483,hotel,,112,2024-12-19 19:00:00-05:00,2025-04-19,1624.53,Italy
277,222,hotel,,96,2025-12-09 19:00:00-05:00,2026-02-04,1332.75,Canada
278,469,flight,70,,2025-11-25 19:00:00-05:00,2026-01-17,604.49,Japan
279,208,hotel,,146,2025-01-11 19:00:00-05:00,2025-01-23,342.44,United Kingdom
280,288,flight,120,,2025-03-05 19:00:00-05:00,2025-06-30,317.34,Mexico
281,470,hotel,,88,2024-04-27 20:00:00-04:00,2024-08-10,943.20,Canada
282,908,hotel,,44,2025-06-30 20:00:00-04:00,2025-07-28,3287.30,France
283,994,flight,134,,2025-02-24 19:00:00-05:00,2025-04-25,1012.70,Australia
284,501,flight,119,,2026-07-19 20:00:00-04:00,2026-09-25,701.66,United Arab Emirates
285,286,flight,64,,2025-06-04 20:00:00-04:00,2025-09-14,656.81,Australia
286,254,hotel,,57,2026-06-07 20:00:00-04:00,2026-08-28,4883.70,United Kingdom
287,969,flight,107,,2026-09-18 20:00:00-04:00,2026-09-26,1058.08,Australia
288,46,flight,197,,2026-07-15 20:00:00-04:00,2026-10-24,1068.57,United States
289,517,flight,101,,2025-09-01 20:00:00-04:00,2025-11-15,749.17,Australia
290,491,flight,62,,2025-10-11 20:00:00-04:00,2025-12-21,989.89,Canada
291,86,flight,105,,2025-05-05 20:00:00-04:00,2025-08-14,1031.35,United Kingdom
292,973,flight,76,,2025-08-21 20:00:00-04:00,2025-10-13,632.05,Japan
293,245,flight,172,,2025-06-11 20:00:00-04:00,2025-08-19,888.92,Japan
294,313,flight,147,,2025-08-20 20:00:00-04:00,2025-10-25,854.53,United Kingdom
295,766,flight,198,,2025-04-06 20:00:00-04:00,2025-06-12,979.03,Canada
296,142,hotel,,95,2025-01-20 19:00:00-05:00,2025-05-09,1099.12,United Kingdom
297,721,flight,99,,2025-04-07 20:00:00-04:00,2025-04-24,1180.40,United Kingdom
298,915,hotel,,76,2026-02-13 19:00:00-05:00,2026-02-25,938.28,Mexico
299,771,hotel,,139,2025-04-05 20:00:00-04:00,2025-06-30,5082.90,United States
300,814,flight,159,,2025-05-07 20:00:00-04:00,2025-05-25,920.22,Germany
301,902,hotel,,94,2025-08-06 20:00:00-04:00,2025-10-18,523.81,United States
302,114,hotel,,11,2024-07-06 20:00:00-04:00,2024-09-11,1149.12,United Kingdom
303,376,flight,181,,2026-05-23 20:00:00-04:00,2026-08-10,858.99,Canada
304,69,flight,62,,2024-05-08 20:00:00-04:00,2024-06-27,989.89,Canada
305,553,flight,189,,2025-11-24 19:00:00-05:00,2026-02-01,1011.48,Australia
306,962,flight,91,,2024-06-25 20:00:00-04:00,2024-08-13,706.88,France
307,920,hotel,,109,2026-05-06 20:00:00-04:00,2026-08-09,1629.35,Mexico
308,56,flight,116,,2026-07-24 20:00:00-04:00,2026-09-14,497.09,France
309,498,flight,137,,2025-04-14 20:00:00-04:00,2025-07-21,943.76,Japan
310,695,hotel,,95,2025-08-22 20:00:00-04:00,2025-11-17,274.78,United Kingdom
311,193,hotel,,101,2025-06-22 20:00:00-04:00,2025-07-10,773.37,Canada
312,296,flight,71,,2024-06-13 20:00:00-04:00,2024-07-12,306.09,United States
313,115,flight,53,,2026-10-09 20:00:00-04:00,2026-11-05,306.60,Canada
314,534,flight,175,,2024-10-16 20:00:00-04:00,2024-12-16,1171.31,United States
315,555,flight,108,,2025-06-29 20:00:00-04:00,2025-08-20,973.52,Mexico
316,455,flight,17,,2025-11-06 19:00:00-05:00,2025-12-08,644.32,Japan
317,23,flight,86,,2026-04-25 20:00:00-04:00,2026-07-24,262.31,United States
318,422,hotel,,84,2025-12-15 19:00:00-05:00,2026-03-15,3987.60,Australia
319,608,hotel,,146,2024-10-30 20:00:00-04:00,2024-12-15,1027.32,United Kingdom
320,920,hotel,,67,2025-11-17 19:00:00-05:00,2026-03-06,2085.72,United States
321,496,hotel,,13,2024-07-21 20:00:00-04:00,2024-11-04,975.81,Japan
322,362,hotel,,42,2025-03-24 20:00:00-04:00,2025-04-22,3016.98,Australia
323,293,flight,182,,2025-05-07 20:00:00-04:00,2025-08-30,829.62,United Kingdom
324,710,flight,30,,2025-02-22 19:00:00-05:00,2025-04-01,552.48,Canada
325,43,hotel,,113,2026-02-18 19:00:00-05:00,2026-03-14,2045.55,Japan
326,379,flight,182,,2025-01-01 19:00:00-05:00,2025-03-21,829.62,United Kingdom
327,36,hotel,,96,2024-10-10 20:00:00-04:00,2024-11-05,3554.00,Canada
328,553,flight,32,,2025-09-26 20:00:00-04:00,2025-11-11,168.81,Italy
329,943,flight,197,,2025-08-13 20:00:00-04:00,2025-10-23,1068.57,United States
330,149,hotel,,2,2025-08-14 20:00:00-04:00,2025-09-10,745.56,Germany
331,1000,hotel,,76,2025-07-03 20:00:00-04:00,2025-10-09,1072.32,Mexico
332,918,hotel,,38,2025-09-23 20:00:00-04:00,2025-12-25,1991.90,Germany
333,747,hotel,,29,2025-12-22 19:00:00-05:00,2026-03-28,2982.80,Canada
334,922,flight,142,,2026-01-18 19:00:00-05:00,2026-04-22,861.15,Germany
335,120,hotel,,57,2025-02-03 19:00:00-05:00,2025-04-03,3906.96,United Kingdom
336,366,flight,156,,2025-06-12 20:00:00-04:00,2025-06-27,635.99,Canada
337,657,flight,57,,2025-10-19 20:00:00-04:00,2026-01-02,925.47,United States
338,801,hotel,,22,2026-04-22 20:00:00-04:00,2026-05-02,4168.80,Mexico
339,870,hotel,,23,2025-03-18 20:00:00-04:00,2025-06-19,4118.31,Japan
340,404,flight,155,,2025-08-09 20:00:00-04:00,2025-09-26,1032.12,Germany
341,620,flight,102,,2024-12-22 19:00:00-05:00,2025-02-14,1071.35,Germany
342,152,hotel,,96,2026-05-22 20:00:00-04:00,2026-07-18,444.25,Canada
343,292,hotel,,115,2026-07-08 20:00:00-04:00,2026-08-24,761.76,United States
344,90,flight,107,,2024-10-05 20:00:00-04:00,2025-01-15,1058.08,Australia
345,823,hotel,,109,2025-04-15 20:00:00-04:00,2025-05-13,2281.09,Mexico
346,143,flight,78,,2025-09-17 20:00:00-04:00,2025-10-21,573.61,Japan
347,487,hotel,,97,2025-06-21 20:00:00-04:00,2025-09-12,180.18,Italy
348,7,hotel,,107,2025-05-04 20:00:00-04:00,2025-06-15,625.56,United States
349,570,hotel,,36,2025-10-18 20:00:00-04:00,2026-01-06,700.20,Italy
350,191,hotel,,126,2024-09-27 20:00:00-04:00,2024-12-14,313.68,Japan
351,843,hotel,,127,2025-07-30 20:00:00-04:00,2025-09-14,2845.08,Australia
352,758,hotel,,1,2024-10-17 20:00:00-04:00,2024-10-28,1173.33,Japan
353,269,hotel,,121,2026-10-21 20:00:00-04:00,2027-02-12,182.20,Canada
354,670,hotel,,126,2025-04-30 20:00:00-04:00,2025-05-30,1254.72,Japan
355,30,flight,18,,2025-06-14 20:00:00-04:00,2025-08-24,1144.27,United Kingdom
356,614,hotel,,145,2025-11-29 19:00:00-05:00,2026-02-06,3773.49,Canada
357,890,hotel,,122,2025-01-31 19:00:00-05:00,2025-05-06,420.72,United States
358,383,flight,149,,2025-12-10 19:00:00-05:00,2026-01-07,413.22,Japan
359,60,flight,178,,2025-03-23 20:00:00-04:00,2025-05-29,230.94,Italy
360,139,hotel,,70,2024-09-01 20:00:00-04:00,2024-09-15,2916.66,Germany
361,430,hotel,,75,2025-11-19 19:00:00-05:00,2026-01-03,843.39,Australia
362,655,flight,197,,2026-08-21 20:00:00-04:00,2026-09-22,1068.57,United States
363,644,flight,193,,2025-06-21 20:00:00-04:00,2025-09-13,1017.84,United States
364,172,hotel,,78,2024-08-18 20:00:00-04:00,2024-12-09,2028.85,Germany
365,702,hotel,,149,2025-09-12 20:00:00-04:00,2025-11-27,2378.22,United States
366,844,flight,133,,2025-08-18 20:00:00-04:00,2025-09-12,206.98,Japan
367,289,hotel,,88,2025-02-19 19:00:00-05:00,2025-04-20,707.40,Canada
368,105,flight,57,,2024-11-07 19:00:00-05:00,2025-01-18,925.47,United States
369,852,flight,177,,2025-12-12 19:00:00-05:00,2026-03-08,676.93,France
370,852,flight,20,,2025-09-30 20:00:00-04:00,2025-12-05,423.59,United States
371,120,flight,90,,2025-01-30 19:00:00-05:00,2025-04-09,841.38,Canada
372,320,hotel,,114,2024-07-05 20:00:00-04:00,2024-10-25,4930.80,France
373,536,hotel,,78,2025-12-15 19:00:00-05:00,2026-03-23,405.77,Germany
374,763,flight,178,,2026-03-24 20:00:00-04:00,2026-04-17,230.94,Italy
375,146,flight,54,,2025-08-04 20:00:00-04:00,2025-08-28,1100.02,Japan
376,134,flight,196,,2024-09-24 20:00:00-04:00,2024-12-29,1018.90,Australia
377,803,flight,199,,2024-04-27 20:00:00-04:00,2024-05-07,252.60,Australia
378,496,hotel,,28,2024-03-17 20:00:00-04:00,2024-04-19,535.58,Mexico
379,813,flight,65,,2025-11-23 19:00:00-05:00,2025-12-16,791.89,United Kingdom
380,45,flight,3,,2026-07-15 20:00:00-04:00,2026-10-16,384.96,France
381,773,flight,53,,2024-05-31 20:00:00-04:00,2024-08-24,306.60,Canada
382,602,flight,90,,2025-07-03 20:00:00-04:00,2025-10-04,841.38,Canada
383,30,flight,192,,2025-04-08 20:00:00-04:00,2025-08-02,167.39,Japan
384,965,hotel,,91,2026-10-23 20:00:00-04:00,2026-12-14,494.70,United States
385,876,flight,18,,2026-05-05 20:00:00-04:00,2026-07-24,1144.27,United Kingdom
386,102,flight,184,,2025-06-07 20:00:00-04:00,2025-07-12,191.15,Mexico
387,197,hotel,,138,2024-08-03 20:00:00-04:00,2024-11-15,267.68,Canada
388,997,flight,182,,2025-08-16 20:00:00-04:00,2025-10-27,829.62,United Kingdom
389,487,hotel,,48,2026-05-11 20:00:00-04:00,2026-08-02,1993.84,United States
390,690,flight,91,,2025-10-19 20:00:00-04:00,2026-02-10,706.88,France
391,389,hotel,,59,2025-05-16 20:00:00-04:00,2025-07-28,3522.33,France
392,116,hotel,,29,2026-01-12 19:00:00-05:00,2026-03-20,3355.65,Canada
393,140,hotel,,74,2025-03-12 20:00:00-04:00,2025-06-18,5104.17,Japan
394,740,flight,127,,2026-03-10 20:00:00-04:00,2026-04-28,690.02,United States
395,119,hotel,,80,2025-12-12 19:00:00-05:00,2026-02-16,2583.52,United Arab Emirates
396,232,hotel,,110,2026-07-27 20:00:00-04:00,2026-11-21,1628.68,United Arab Emirates
397,878,flight,95,,2026-03-01 19:00:00-05:00,2026-06-03,437.28,Italy
398,184,flight,173,,2026-04-24 20:00:00-04:00,2026-07-03,757.56,Germany
399,108,hotel,,22,2025-09-24 20:00:00-04:00,2025-12-07,926.40,Mexico
400,147,hotel,,27,2025-08-25 20:00:00-04:00,2025-11-29,770.34,Mexico
401,67,hotel,,52,2026-04-28 20:00:00-04:00,2026-06-18,2254.10,United States
402,865,hotel,,109,2024-06-16 20:00:00-04:00,2024-07-23,2606.96,Mexico
403,286,hotel,,92,2025-09-22 20:00:00-04:00,2025-11-20,1734.00,United States
404,683,hotel,,72,2026-04-07 20:00:00-04:00,2026-06-19,1375.32,France
405,787,hotel,,65,2025-01-24 19:00:00-05:00,2025-02-16,2225.28,Canada
406,510,flight,8,,2026-10-22 20:00:00-04:00,2026-11-16,655.83,Japan
407,102,flight,174,,2024-10-14 20:00:00-04:00,2024-12-24,533.56,United States
408,28,flight,174,,2026-08-25 20:00:00-04:00,2026-11-18,533.56,United States
409,335,flight,160,,2025-06-21 20:00:00-04:00,2025-09-16,1042.07,France
410,99,flight,134,,2026-01-23 19:00:00-05:00,2026-05-07,1012.70,Australia
411,786,hotel,,76,2025-06-05 20:00:00-04:00,2025-07-08,1072.32,Mexico
412,503,hotel,,139,2026-10-10 20:00:00-04:00,2026-11-30,4574.61,United States
413,19,flight,31,,2026-02-04 19:00:00-05:00,2026-06-04,1147.57,United States
414,393,hotel,,97,2025-05-26 20:00:00-04:00,2025-09-20,720.72,Italy
415,471,flight,143,,2025-04-08 20:00:00-04:00,2025-05-08,298.44,Australia
416,676,hotel,,126,2026-03-15 20:00:00-04:00,2026-04-13,2195.76,Japan
417,138,hotel,,29,2025-12-15 19:00:00-05:00,2026-02-23,3728.50,Canada
418,692,hotel,,139,2025-09-30 20:00:00-04:00,2025-12-17,5082.90,United States
419,482,hotel,,41,2026-01-11 19:00:00-05:00,2026-05-08,3624.75,Canada
420,58,hotel,,97,2025-04-25 20:00:00-04:00,2025-07-05,900.90,Italy
421,693,hotel,,16,2025-02-22 19:00:00-05:00,2025-04-12,450.04,Mexico
422,605,flight,94,,2024-11-20 19:00:00-05:00,2025-03-15,679.32,United Arab Emirates
423,358,flight,98,,2025-03-11 20:00:00-04:00,2025-05-01,370.20,Italy
424,100,hotel,,106,2024-12-22 19:00:00-05:00,2025-02-13,860.52,United States
425,58,flight,166,,2025-04-17 20:00:00-04:00,2025-05-25,945.07,United Kingdom
426,320,flight,79,,2025-04-12 20:00:00-04:00,2025-04-28,1017.20,France
427,118,hotel,,138,2025-05-18 20:00:00-04:00,2025-05-28,1606.08,Canada
428,39,hotel,,109,2026-04-15 20:00:00-04:00,2026-08-11,3258.70,Mexico
429,528,hotel,,121,2025-05-21 20:00:00-04:00,2025-05-31,911.00,Canada
430,23,hotel,,100,2026-02-11 19:00:00-05:00,2026-05-03,761.40,France
431,587,flight,177,,2026-09-16 20:00:00-04:00,2026-10-06,676.93,France
432,692,flight,129,,2025-04-18 20:00:00-04:00,2025-06-28,325.76,Japan
433,831,hotel,,77,2024-06-13 20:00:00-04:00,2024-09-07,1445.22,Japan
434,993,hotel,,20,2024-06-02 20:00:00-04:00,2024-08-12,5385.06,United Kingdom
435,220,hotel,,77,2025-02-16 19:00:00-05:00,2025-03-02,2408.70,Japan
436,412,flight,24,,2027-01-07 19:00:00-05:00,2027-04-20,1191.97,United Kingdom
437,735,flight,70,,2025-09-13 20:00:00-04:00,2025-11-03,604.49,Japan
438,69,hotel,,89,2024-10-03 20:00:00-04:00,2024-11-06,988.64,Germany
439,668,hotel,,77,2024-12-21 19:00:00-05:00,2025-04-10,1686.09,Japan
440,680,hotel,,103,2024-05-14 20:00:00-04:00,2024-07-14,2593.20,United Arab Emirates
441,640,hotel,,141,2026-10-28 20:00:00-04:00,2027-02-10,1738.53,Japan
442,903,flight,133,,2025-11-18 19:00:00-05:00,2026-02-24,206.98,Japan
443,884,flight,55,,2025-04-17 20:00:00-04:00,2025-06-27,637.49,Germany
444,677,hotel,,137,2024-08-21 20:00:00-04:00,2024-11-18,4209.90,France
445,874,hotel,,16,2025-09-14 20:00:00-04:00,2025-12-24,4050.36,Mexico
446,206,hotel,,62,2026-05-18 20:00:00-04:00,2026-06-13,882.36,United States
447,765,hotel,,82,2024-09-09 20:00:00-04:00,2024-11-08,816.28,Australia
448,650,flight,74,,2025-08-12 20:00:00-04:00,2025-09-23,402.94,United Arab Emirates
449,662,flight,154,,2024-05-19 20:00:00-04:00,2024-08-22,327.07,United States
450,242,hotel,,39,2025-02-23 19:00:00-05:00,2025-03-17,1940.20,United States
451,29,flight,125,,2024-11-16 19:00:00-05:00,2025-01-22,1156.84,Italy
452,574,hotel,,10,2025-02-09 19:00:00-05:00,2025-05-10,1875.44,United Kingdom
453,164,hotel,,67,2024-10-18 20:00:00-04:00,2024-10-29,2607.15,United States
454,675,flight,11,,2024-12-03 19:00:00-05:00,2025-03-30,843.56,United States
455,987,hotel,,22,2025-03-11 20:00:00-04:00,2025-03-26,2779.20,Mexico
456,617,hotel,,94,2024-09-23 20:00:00-04:00,2024-11-22,1047.62,United States
457,407,flight,147,,2025-03-11 20:00:00-04:00,2025-04-02,854.53,United Kingdom
458,753,flight,149,,2026-08-12 20:00:00-04:00,2026-11-13,413.22,Japan
459,973,hotel,,24,2026-02-24 19:00:00-05:00,2026-06-25,790.68,United States
460,615,flight,150,,2025-01-22 19:00:00-05:00,2025-03-13,1149.12,Canada
461,755,hotel,,56,2024-09-20 20:00:00-04:00,2024-11-21,515.52,Canada
462,110,flight,113,,2025-01-14 19:00:00-05:00,2025-02-26,621.26,Germany
463,419,hotel,,126,2027-01-01 19:00:00-05:00,2027-01-16,2823.12,Japan
464,384,flight,109,,2025-09-03 20:00:00-04:00,2025-11-19,556.93,United States
465,487,flight,38,,2025-10-08 20:00:00-04:00,2026-02-05,1145.49,United Kingdom
466,372,hotel,,79,2024-10-04 20:00:00-04:00,2025-01-25,94.86,Mexico
467,661,flight,14,,2026-09-10 20:00:00-04:00,2026-12-29,510.33,Italy
468,708,flight,99,,2025-08-19 20:00:00-04:00,2025-11-05,1180.40,United Kingdom
469,317,hotel,,137,2025-04-28 20:00:00-04:00,2025-05-21,1683.96,France
470,879,hotel,,101,2025-11-02 19:00:00-05:00,2025-11-11,1288.95,Canada
471,309,flight,54,,2025-08-07 20:00:00-04:00,2025-09-22,1100.02,Japan
472,881,flight,82,,2024-09-21 20:00:00-04:00,2024-12-18,902.49,Canada
473,901,hotel,,21,2025-07-08 20:00:00-04:00,2025-08-20,2326.64,United States
474,483,hotel,,109,2025-05-11 20:00:00-04:00,2025-08-18,651.74,Mexico
475,845,flight,130,,2025-12-25 19:00:00-05:00,2026-02-04,371.32,Japan
476,68,hotel,,141,2025-01-07 19:00:00-05:00,2025-04-02,3477.06,Japan
477,465,flight,165,,2025-04-26 20:00:00-04:00,2025-07-25,677.28,United States
478,189,hotel,,1,2026-12-26 19:00:00-05:00,2027-01-20,2737.77,Japan
479,205,hotel,,22,2024-10-07 20:00:00-04:00,2024-12-27,926.40,Mexico
480,162,flight,197,,2025-04-12 20:00:00-04:00,2025-07-20,1068.57,United States
481,851,flight,106,,2026-10-31 20:00:00-04:00,2027-02-03,526.62,France
482,812,hotel,,35,2025-03-24 20:00:00-04:00,2025-06-01,1639.05,Japan
483,178,hotel,,22,2024-08-19 20:00:00-04:00,2024-09-21,3242.40,Mexico
484,377,flight,97,,2025-07-11 20:00:00-04:00,2025-11-08,897.47,United Arab Emirates
485,968,flight,143,,2024-07-25 20:00:00-04:00,2024-08-04,298.44,Australia
486,663,flight,51,,2024-04-15 20:00:00-04:00,2024-06-21,872.61,Italy
487,269,flight,159,,2025-12-23 19:00:00-05:00,2026-02-20,920.22,Germany
488,440,hotel,,95,2025-05-29 20:00:00-04:00,2025-06-17,412.17,United Kingdom
489,970,flight,135,,2025-10-10 20:00:00-04:00,2026-01-17,811.73,Canada
490,446,hotel,,31,2025-12-26 19:00:00-05:00,2026-03-07,856.28,Canada
491,731,flight,69,,2025-11-21 19:00:00-05:00,2026-03-19,385.18,Australia
492,295,hotel,,111,2025-04-07 20:00:00-04:00,2025-05-01,846.88,Australia
493,615,flight,174,,2025-01-06 19:00:00-05:00,2025-04-17,533.56,United States
494,194,hotel,,38,2026-05-19 20:00:00-04:00,2026-07-18,199.19,Germany
495,298,hotel,,116,2024-07-02 20:00:00-04:00,2024-09-27,1751.88,Australia
496,379,hotel,,121,2024-10-31 20:00:00-04:00,2024-11-09,273.30,Canada
497,893,hotel,,55,2025-02-08 19:00:00-05:00,2025-04-07,1090.88,United States
498,726,hotel,,19,2025-01-26 19:00:00-05:00,2025-03-07,534.12,United Kingdom
499,571,flight,61,,2026-03-23 20:00:00-04:00,2026-05-12,1160.43,United States
500,483,hotel,,12,2025-09-28 20:00:00-04:00,2025-12-30,163.58,United Arab Emirates
501,260,hotel,,95,2026-03-29 20:00:00-04:00,2026-05-26,412.17,United Kingdom
502,992,flight,67,,2025-05-16 20:00:00-04:00,2025-06-15,198.27,Canada
503,174,hotel,,120,2025-06-26 20:00:00-04:00,2025-10-24,602.97,United Kingdom
504,92,hotel,,111,2025-05-10 20:00:00-04:00,2025-07-24,635.16,Australia
505,267,flight,33,,2024-08-04 20:00:00-04:00,2024-08-17,878.20,Italy
506,512,hotel,,73,2024-11-26 19:00:00-05:00,2025-01-28,833.95,Japan
507,628,hotel,,112,2025-06-28 20:00:00-04:00,2025-08-15,1624.53,Italy
508,324,hotel,,113,2024-04-17 20:00:00-04:00,2024-07-05,409.11,Japan
509,194,flight,47,,2026-03-15 20:00:00-04:00,2026-04-21,589.77,United Kingdom
510,37,hotel,,120,2024-12-01 19:00:00-05:00,2024-12-29,1406.93,United Kingdom
511,119,hotel,,92,2025-08-09 20:00:00-04:00,2025-10-12,1950.75,United States
512,497,hotel,,38,2025-02-23 19:00:00-05:00,2025-03-17,398.38,Germany
513,358,flight,73,,2024-08-07 20:00:00-04:00,2024-12-04,1062.89,Canada
514,185,flight,70,,2026-07-09 20:00:00-04:00,2026-10-30,604.49,Japan
515,577,flight,135,,2025-03-10 20:00:00-04:00,2025-03-18,811.73,Canada
516,786,flight,64,,2025-05-11 20:00:00-04:00,2025-05-28,656.81,Australia
517,787,hotel,,85,2025-11-11 19:00:00-05:00,2025-12-01,294.35,Germany
518,292,flight,152,,2026-07-30 20:00:00-04:00,2026-09-23,623.18,Canada
519,952,flight,8,,2026-04-21 20:00:00-04:00,2026-05-18,655.83,Japan
520,84,hotel,,123,2026-10-27 20:00:00-04:00,2027-01-27,2965.52,Canada
521,644,hotel,,2,2026-03-04 19:00:00-05:00,2026-06-04,497.04,Germany
522,994,flight,116,,2025-12-12 19:00:00-05:00,2026-03-09,497.09,France
523,333,flight,13,,2025-07-25 20:00:00-04:00,2025-11-20,923.57,United States
524,821,hotel,,15,2024-10-06 20:00:00-04:00,2025-01-24,913.48,Japan
525,561,hotel,,66,2025-12-18 19:00:00-05:00,2026-02-15,1594.47,Canada
526,246,hotel,,54,2025-04-13 20:00:00-04:00,2025-04-23,1494.39,Japan
527,398,hotel,,40,2026-03-01 19:00:00-05:00,2026-05-30,798.38,Japan
528,306,hotel,,80,2025-04-06 20:00:00-04:00,2025-07-17,3229.40,United Arab Emirates
529,135,hotel,,95,2025-04-08 20:00:00-04:00,2025-04-28,1236.51,United Kingdom
530,205,hotel,,100,2024-12-14 19:00:00-05:00,2025-04-14,1015.20,France
531,275,hotel,,109,2024-12-17 19:00:00-05:00,2025-03-31,1955.22,Mexico
532,629,flight,110,,2026-08-31 20:00:00-04:00,2026-11-27,930.85,France
533,96,flight,119,,2024-10-30 20:00:00-04:00,2024-12-20,701.66,United Arab Emirates
534,693,flight,183,,2025-08-27 20:00:00-04:00,2025-11-30,284.28,France
535,159,hotel,,135,2026-11-01 19:00:00-05:00,2027-01-28,844.24,France
536,298,hotel,,123,2024-10-13 20:00:00-04:00,2024-10-31,1853.45,Canada
537,153,flight,64,,2026-04-07 20:00:00-04:00,2026-05-23,656.81,Australia
538,536,hotel,,13,2026-02-16 19:00:00-05:00,2026-05-07,2927.43,Japan
539,79,flight,131,,2026-10-27 20:00:00-04:00,2026-11-17,365.86,Japan
540,436,hotel,,146,2024-06-20 20:00:00-04:00,2024-08-26,1712.20,United Kingdom
541,364,hotel,,129,2025-04-22 20:00:00-04:00,2025-05-10,454.92,Italy
542,117,hotel,,47,2024-08-05 20:00:00-04:00,2024-11-21,603.05,United Arab Emirates
543,47,flight,181,,2025-11-05 19:00:00-05:00,2026-03-05,858.99,Canada
544,305,hotel,,117,2025-11-09 19:00:00-05:00,2026-02-17,1674.72,United States
545,639,hotel,,48,2026-07-03 20:00:00-04:00,2026-10-30,996.92,United States
546,190,flight,173,,2026-02-11 19:00:00-05:00,2026-03-24,757.56,Germany
547,109,hotel,,2,2025-01-25 19:00:00-05:00,2025-02-04,579.88,Germany
548,120,flight,123,,2025-04-19 20:00:00-04:00,2025-07-19,648.60,Mexico
549,472,hotel,,125,2027-02-06 19:00:00-05:00,2027-05-20,2655.90,Canada
550,634,hotel,,102,2025-08-05 20:00:00-04:00,2025-11-07,1605.60,Canada
551,90,flight,49,,2024-04-30 20:00:00-04:00,2024-05-09,966.86,Italy
552,115,flight,7,,2027-01-19 19:00:00-05:00,2027-02-20,829.71,Australia
553,215,hotel,,62,2026-08-29 20:00:00-04:00,2026-09-24,2058.84,United States
554,863,flight,198,,2025-11-25 19:00:00-05:00,2026-01-10,979.03,Canada
555,475,flight,6,,2024-11-15 19:00:00-05:00,2025-01-16,763.71,United States
556,120,flight,180,,2025-04-10 20:00:00-04:00,2025-07-21,585.34,Italy
557,456,hotel,,116,2024-10-04 20:00:00-04:00,2024-10-14,4379.70,Australia
558,249,flight,101,,2025-10-06 20:00:00-04:00,2025-12-25,749.17,Australia
559,53,hotel,,111,2026-01-13 19:00:00-05:00,2026-02-03,1482.04,Australia
560,869,hotel,,142,2025-11-07 19:00:00-05:00,2026-01-30,1782.30,Japan
561,38,hotel,,132,2026-01-25 19:00:00-05:00,2026-04-05,3520.60,Japan
562,743,hotel,,16,2024-11-03 19:00:00-05:00,2025-02-10,4050.36,Mexico
563,20,hotel,,142,2025-07-24 20:00:00-04:00,2025-09-10,712.92,Japan
564,275,hotel,,127,2025-07-01 20:00:00-04:00,2025-07-23,3161.20,Australia
565,962,hotel,,112,2024-10-17 20:00:00-04:00,2025-01-22,541.51,Italy
566,166,hotel,,89,2026-05-12 20:00:00-04:00,2026-07-19,3954.56,Germany
567,238,flight,87,,2026-08-02 20:00:00-04:00,2026-11-05,1126.73,Japan
568,944,hotel,,76,2024-06-10 20:00:00-04:00,2024-10-09,938.28,Mexico
569,983,hotel,,93,2025-09-10 20:00:00-04:00,2025-12-10,1824.24,Italy
570,819,flight,73,,2026-04-18 20:00:00-04:00,2026-05-22,1062.89,Canada
571,708,flight,34,,2026-03-19 20:00:00-04:00,2026-05-27,552.73,Japan
572,178,flight,126,,2024-06-16 20:00:00-04:00,2024-09-09,717.25,Germany
573,104,hotel,,61,2025-04-23 20:00:00-04:00,2025-06-08,1485.52,United States
574,571,flight,67,,2026-03-06 19:00:00-05:00,2026-04-28,198.27,Canada
575,366,flight,129,,2025-03-26 20:00:00-04:00,2025-07-17,325.76,Japan
576,33,flight,30,,2025-06-03 20:00:00-04:00,2025-08-05,552.48,Canada
577,633,flight,58,,2024-09-05 20:00:00-04:00,2024-11-23,1044.60,France
578,499,hotel,,91,2024-09-10 20:00:00-04:00,2024-12-27,164.90,United States
579,789,hotel,,132,2025-04-28 20:00:00-04:00,2025-08-23,3520.60,Japan
580,686,flight,113,,2025-12-15 19:00:00-05:00,2025-12-29,621.26,Germany
581,819,hotel,,27,2025-07-30 20:00:00-04:00,2025-08-20,2311.02,Mexico
582,43,flight,31,,2025-07-24 20:00:00-04:00,2025-10-20,1147.57,United States
583,892,flight,187,,2025-06-07 20:00:00-04:00,2025-07-05,786.85,Canada
584,300,hotel,,26,2024-10-23 20:00:00-04:00,2025-01-02,1029.72,United Kingdom
585,663,hotel,,36,2024-08-19 20:00:00-04:00,2024-12-09,350.10,Italy
586,869,flight,197,,2025-08-27 20:00:00-04:00,2025-10-27,1068.57,United States
587,788,flight,122,,2025-08-16 20:00:00-04:00,2025-12-08,528.84,United Arab Emirates
588,350,hotel,,22,2024-11-24 19:00:00-05:00,2024-12-23,2316.00,Mexico
589,382,hotel,,63,2026-08-19 20:00:00-04:00,2026-11-15,1767.81,Italy
590,772,hotel,,110,2024-05-28 20:00:00-04:00,2024-06-22,2850.19,United Arab Emirates
591,941,hotel,,133,2024-09-24 20:00:00-04:00,2025-01-19,1037.34,France
592,967,flight,198,,2025-11-15 19:00:00-05:00,2025-12-11,979.03,Canada
593,11,flight,81,,2025-03-05 19:00:00-05:00,2025-04-25,1007.42,France
594,412,flight,101,,2026-10-02 20:00:00-04:00,2026-10-17,749.17,Australia
595,778,flight,39,,2025-10-30 20:00:00-04:00,2026-01-28,913.53,Italy
596,925,flight,170,,2026-09-13 20:00:00-04:00,2026-12-21,693.78,Italy
597,897,hotel,,142,2024-12-31 19:00:00-05:00,2025-02-28,1782.30,Japan
598,739,hotel,,72,2026-04-18 20:00:00-04:00,2026-04-27,4125.96,France
599,626,flight,115,,2026-08-06 20:00:00-04:00,2026-10-04,427.45,Australia
600,660,flight,159,,2024-12-19 19:00:00-05:00,2025-03-16,920.22,Germany
601,668,hotel,,104,2025-03-30 20:00:00-04:00,2025-05-21,1933.36,France
602,903,hotel,,138,2025-02-13 19:00:00-05:00,2025-02-25,1606.08,Canada
603,400,flight,73,,2026-07-26 20:00:00-04:00,2026-10-11,1062.89,Canada
604,219,flight,80,,2026-08-23 20:00:00-04:00,2026-11-09,740.45,Mexico
605,534,hotel,,6,2025-04-09 20:00:00-04:00,2025-05-07,373.63,Germany
606,912,hotel,,78,2025-12-29 19:00:00-05:00,2026-04-22,2840.39,Germany
607,518,flight,96,,2024-07-11 20:00:00-04:00,2024-11-03,782.65,United States
608,266,hotel,,32,2025-01-03 19:00:00-05:00,2025-01-17,3968.64,Italy
609,306,flight,61,,2025-04-17 20:00:00-04:00,2025-06-07,1160.43,United States
610,825,flight,73,,2024-12-20 19:00:00-05:00,2025-02-04,1062.89,Canada
611,683,flight,134,,2026-08-02 20:00:00-04:00,2026-09-27,1012.70,Australia
612,756,flight,133,,2024-07-12 20:00:00-04:00,2024-08-30,206.98,Japan
613,597,flight,26,,2025-07-07 20:00:00-04:00,2025-09-11,499.26,Canada
614,151,hotel,,24,2025-10-17 20:00:00-04:00,2025-11-04,197.67,United States
615,436,flight,115,,2025-01-01 19:00:00-05:00,2025-02-05,427.45,Australia
616,80,hotel,,104,2026-07-10 20:00:00-04:00,2026-09-23,4833.40,France
617,573,hotel,,128,2024-11-10 19:00:00-05:00,2025-01-31,2815.82,United Kingdom
618,451,hotel,,42,2026-07-13 20:00:00-04:00,2026-11-03,1005.66,Australia
619,518,flight,118,,2025-02-14 19:00:00-05:00,2025-05-24,979.40,Canada
620,133,flight,117,,2025-08-01 20:00:00-04:00,2025-09-05,776.72,United Arab Emirates
621,485,flight,95,,2026-03-18 20:00:00-04:00,2026-06-05,437.28,Italy
622,944,flight,105,,2025-02-06 19:00:00-05:00,2025-06-03,1031.35,United Kingdom
623,113,flight,75,,2025-01-17 19:00:00-05:00,2025-04-08,728.02,Italy
624,42,flight,79,,2024-05-09 20:00:00-04:00,2024-07-03,1017.20,France
625,384,hotel,,8,2025-08-22 20:00:00-04:00,2025-10-31,1112.19,United Kingdom
626,146,hotel,,73,2025-03-24 20:00:00-04:00,2025-05-10,667.16,Japan
627,188,hotel,,141,2025-04-29 20:00:00-04:00,2025-05-22,3477.06,Japan
628,70,flight,147,,2024-09-27 20:00:00-04:00,2024-12-05,854.53,United Kingdom
629,318,hotel,,97,2025-02-18 19:00:00-05:00,2025-06-06,720.72,Italy
630,855,flight,163,,2024-04-26 20:00:00-04:00,2024-07-07,562.12,United States
631,472,hotel,,39,2027-02-11 19:00:00-05:00,2027-04-17,2910.30,United States
632,92,hotel,,102,2024-11-26 19:00:00-05:00,2025-01-02,1926.72,Canada
633,554,flight,114,,2025-08-17 20:00:00-04:00,2025-12-16,275.32,Mexico
634,754,hotel,,43,2025-10-03 20:00:00-04:00,2025-10-22,470.09,United States
635,586,hotel,,32,2026-11-23 19:00:00-05:00,2027-02-21,4464.72,Italy
636,88,flight,148,,2026-07-23 20:00:00-04:00,2026-10-08,634.33,Australia
637,776,flight,49,,2025-05-16 20:00:00-04:00,2025-07-29,966.86,Italy
638,769,hotel,,31,2025-09-23 20:00:00-04:00,2025-10-03,1926.63,Canada
639,185,flight,53,,2026-03-11 20:00:00-04:00,2026-06-27,306.60,Canada
640,252,hotel,,137,2026-04-16 20:00:00-04:00,2026-08-05,4209.90,France
641,329,hotel,,126,2026-06-30 20:00:00-04:00,2026-07-13,313.68,Japan
642,349,hotel,,7,2024-10-03 20:00:00-04:00,2024-12-03,2653.92,United States
643,325,hotel,,30,2025-07-20 20:00:00-04:00,2025-08-08,868.86,United Arab Emirates
644,555,flight,47,,2025-03-25 20:00:00-04:00,2025-04-20,589.77,United Kingdom
645,262,flight,105,,2026-05-04 20:00:00-04:00,2026-06-20,1031.35,United Kingdom
646,695,flight,84,,2025-02-02 19:00:00-05:00,2025-04-29,1021.38,United States
647,186,flight,77,,2025-04-04 20:00:00-04:00,2025-04-19,619.42,Canada
648,400,flight,106,,2026-04-14 20:00:00-04:00,2026-05-10,526.62,France
649,915,hotel,,31,2025-09-27 20:00:00-04:00,2025-11-22,214.07,Canada
650,208,flight,61,,2025-09-08 20:00:00-04:00,2025-11-30,1160.43,United States
651,505,hotel,,16,2026-04-26 20:00:00-04:00,2026-06-07,2700.24,Mexico
652,476,hotel,,8,2024-12-19 19:00:00-05:00,2025-02-26,2595.11,United Kingdom
653,649,flight,142,,2026-01-17 19:00:00-05:00,2026-02-28,861.15,Germany
654,987,flight,143,,2025-07-05 20:00:00-04:00,2025-10-18,298.44,Australia
655,668,flight,105,,2024-09-09 20:00:00-04:00,2024-11-28,1031.35,United Kingdom
656,457,flight,53,,2027-01-28 19:00:00-05:00,2027-04-10,306.60,Canada
657,802,flight,44,,2026-06-29 20:00:00-04:00,2026-09-14,279.77,United States
658,801,flight,143,,2026-10-14 20:00:00-04:00,2026-12-15,298.44,Australia
659,463,flight,119,,2024-07-02 20:00:00-04:00,2024-10-22,701.66,United Arab Emirates
660,985,hotel,,1,2026-11-11 19:00:00-05:00,2026-12-10,391.11,Japan
661,956,hotel,,65,2025-02-13 19:00:00-05:00,2025-05-08,1947.12,Canada
662,360,flight,131,,2024-12-10 19:00:00-05:00,2025-04-04,365.86,Japan
663,289,flight,137,,2024-09-06 20:00:00-04:00,2024-12-17,943.76,Japan
664,577,flight,102,,2024-10-16 20:00:00-04:00,2024-11-04,1071.35,Germany
665,716,flight,143,,2025-04-17 20:00:00-04:00,2025-07-26,298.44,Australia
666,287,hotel,,130,2024-11-07 19:00:00-05:00,2025-02-01,2869.08,Italy
667,906,hotel,,116,2024-12-20 19:00:00-05:00,2025-01-30,2189.85,Australia
668,252,hotel,,118,2026-08-25 20:00:00-04:00,2026-09-28,5640.40,Japan
669,337,flight,166,,2025-03-27 20:00:00-04:00,2025-04-21,945.07,United Kingdom
670,945,flight,2,,2026-03-15 20:00:00-04:00,2026-05-22,647.80,France
671,924,flight,106,,2026-12-28 19:00:00-05:00,2027-01-27,526.62,France
672,570,hotel,,21,2025-05-09 20:00:00-04:00,2025-07-24,581.66,United States
673,552,flight,173,,2025-06-03 20:00:00-04:00,2025-08-06,757.56,Germany
674,127,hotel,,92,2026-08-18 20:00:00-04:00,2026-12-09,1517.25,United States
675,182,flight,95,,2026-02-19 19:00:00-05:00,2026-04-27,437.28,Italy
676,959,flight,57,,2025-05-10 20:00:00-04:00,2025-05-19,925.47,United States
677,761,flight,182,,2025-09-30 20:00:00-04:00,2026-01-03,829.62,United Kingdom
678,367,flight,158,,2024-03-29 20:00:00-04:00,2024-07-19,1033.88,Japan
679,641,hotel,,127,2026-06-10 20:00:00-04:00,2026-07-17,1896.72,Australia
680,38,hotel,,54,2026-03-14 20:00:00-04:00,2026-06-20,498.13,Japan
681,201,hotel,,72,2025-02-07 19:00:00-05:00,2025-06-06,4584.40,France
682,513,hotel,,50,2025-03-15 20:00:00-04:00,2025-06-01,1756.40,United Arab Emirates
683,689,flight,33,,2024-11-07 19:00:00-05:00,2025-01-29,878.20,Italy
684,764,flight,146,,2025-06-02 20:00:00-04:00,2025-07-13,381.83,United Kingdom
685,877,flight,71,,2025-12-27 19:00:00-05:00,2026-04-07,306.09,United States
686,197,flight,137,,2025-04-27 20:00:00-04:00,2025-07-30,943.76,Japan
687,630,hotel,,117,2026-07-05 20:00:00-04:00,2026-09-22,209.34,United States
688,961,hotel,,14,2026-05-31 20:00:00-04:00,2026-09-02,1300.86,Japan
689,443,hotel,,133,2025-11-08 19:00:00-05:00,2025-12-01,1383.12,France
690,508,hotel,,12,2025-07-26 20:00:00-04:00,2025-11-08,654.32,United Arab Emirates
691,49,hotel,,115,2026-03-27 20:00:00-04:00,2026-06-11,507.84,United States
692,6,hotel,,21,2025-12-02 19:00:00-05:00,2026-01-21,2908.30,United States
693,828,flight,109,,2026-04-23 20:00:00-04:00,2026-07-28,556.93,United States
694,981,flight,43,,2026-04-16 20:00:00-04:00,2026-05-19,200.65,France
695,338,hotel,,25,2025-09-23 20:00:00-04:00,2025-12-20,378.95,Canada
696,492,hotel,,86,2025-10-30 20:00:00-04:00,2026-01-21,400.25,Germany
697,254,flight,88,,2026-06-27 20:00:00-04:00,2026-08-04,902.63,Italy
698,853,flight,61,,2026-01-24 19:00:00-05:00,2026-04-08,1160.43,United States
699,967,flight,113,,2026-02-04 19:00:00-05:00,2026-05-02,621.26,Germany
700,783,flight,149,,2025-04-09 20:00:00-04:00,2025-06-13,413.22,Japan
701,128,flight,97,,2024-08-21 20:00:00-04:00,2024-09-02,897.47,United Arab Emirates
702,321,flight,114,,2025-03-10 20:00:00-04:00,2025-03-25,275.32,Mexico
703,57,hotel,,111,2026-08-30 20:00:00-04:00,2026-11-26,423.44,Australia
704,105,flight,76,,2025-06-02 20:00:00-04:00,2025-06-16,632.05,Japan
705,871,hotel,,106,2025-08-30 20:00:00-04:00,2025-09-19,573.68,United States
706,886,flight,119,,2024-12-01 19:00:00-05:00,2025-01-27,701.66,United Arab Emirates
707,815,hotel,,26,2025-11-06 19:00:00-05:00,2026-02-01,2059.44,United Kingdom
708,667,flight,85,,2026-07-10 20:00:00-04:00,2026-09-22,887.20,United States
709,602,flight,4,,2025-05-25 20:00:00-04:00,2025-06-15,595.00,Germany
710,610,flight,50,,2026-08-21 20:00:00-04:00,2026-12-08,460.12,United States
711,927,flight,66,,2025-05-19 20:00:00-04:00,2025-07-31,657.23,United Kingdom
712,364,hotel,,114,2025-02-28 19:00:00-05:00,2025-06-08,1479.24,France
713,249,flight,33,,2025-05-31 20:00:00-04:00,2025-06-15,878.20,Italy
714,320,hotel,,92,2025-01-12 19:00:00-05:00,2025-04-13,1083.75,United States
715,598,flight,80,,2025-09-26 20:00:00-04:00,2025-12-03,740.45,Mexico
716,618,hotel,,3,2025-03-06 19:00:00-05:00,2025-04-30,3152.52,Australia
717,601,flight,130,,2025-09-17 20:00:00-04:00,2025-10-25,371.32,Japan
718,839,flight,51,,2025-07-24 20:00:00-04:00,2025-09-14,872.61,Italy
719,1000,flight,18,,2025-06-29 20:00:00-04:00,2025-08-01,1144.27,United Kingdom
720,350,flight,178,,2025-02-15 19:00:00-05:00,2025-04-24,230.94,Italy
721,709,hotel,,85,2025-12-12 19:00:00-05:00,2026-03-18,2943.50,Germany
722,580,hotel,,108,2026-12-04 19:00:00-05:00,2027-01-19,2774.22,Italy
723,167,flight,11,,2024-12-07 19:00:00-05:00,2025-04-06,843.56,United States
724,508,flight,58,,2024-11-05 19:00:00-05:00,2025-02-02,1044.60,France
725,710,flight,55,,2025-07-28 20:00:00-04:00,2025-10-23,637.49,Germany
726,245,hotel,,97,2025-11-19 19:00:00-05:00,2026-03-10,360.36,Italy
727,410,flight,3,,2024-04-15 20:00:00-04:00,2024-06-08,384.96,France
728,76,hotel,,30,2025-08-15 20:00:00-04:00,2025-11-02,1303.29,United Arab Emirates
729,298,hotel,,150,2024-06-11 20:00:00-04:00,2024-09-07,1603.20,United States
730,45,flight,73,,2026-05-23 20:00:00-04:00,2026-06-25,1062.89,Canada
731,179,flight,45,,2025-08-31 20:00:00-04:00,2025-12-09,879.95,Italy
732,348,flight,6,,2026-03-20 20:00:00-04:00,2026-04-22,763.71,United States
733,181,hotel,,36,2024-11-10 19:00:00-05:00,2024-11-20,1225.35,Italy
734,671,flight,79,,2025-08-10 20:00:00-04:00,2025-09-13,1017.20,France
735,468,flight,96,,2024-09-03 20:00:00-04:00,2024-12-23,782.65,United States
736,677,flight,160,,2024-12-31 19:00:00-05:00,2025-04-20,1042.07,France
737,903,hotel,,31,2025-12-31 19:00:00-05:00,2026-01-16,642.21,Canada
738,904,flight,137,,2025-03-24 20:00:00-04:00,2025-04-25,943.76,Japan
739,388,hotel,,110,2024-08-27 20:00:00-04:00,2024-11-19,1628.68,United Arab Emirates
740,944,flight,49,,2025-02-13 19:00:00-05:00,2025-05-07,966.86,Italy
741,875,hotel,,64,2024-05-31 20:00:00-04:00,2024-07-19,430.06,United States
742,645,hotel,,131,2024-09-29 20:00:00-04:00,2025-01-23,2931.00,Germany
743,908,hotel,,21,2024-12-10 19:00:00-05:00,2025-03-21,2326.64,United States
744,810,flight,100,,2024-08-18 20:00:00-04:00,2024-10-30,895.87,United Arab Emirates
745,770,hotel,,119,2025-12-06 19:00:00-05:00,2026-02-18,1245.54,France
746,330,hotel,,124,2026-06-06 20:00:00-04:00,2026-09-10,2901.44,Italy
747,486,hotel,,150,2025-02-24 19:00:00-05:00,2025-04-24,267.20,United States
748,213,flight,61,,2025-02-01 19:00:00-05:00,2025-04-07,1160.43,United States
749,406,flight,97,,2025-08-11 20:00:00-04:00,2025-10-12,897.47,United Arab Emirates
750,586,flight,141,,2026-08-19 20:00:00-04:00,2026-09-28,986.61,United States
751,87,flight,114,,2026-03-13 20:00:00-04:00,2026-04-27,275.32,Mexico
752,532,hotel,,11,2025-05-05 20:00:00-04:00,2025-07-26,1532.16,United Kingdom
753,525,hotel,,120,2024-11-23 19:00:00-05:00,2025-01-27,1406.93,United Kingdom
754,419,hotel,,70,2026-11-15 19:00:00-05:00,2027-01-02,3402.77,Germany
755,26,flight,68,,2026-04-03 20:00:00-04:00,2026-05-10,889.80,France
756,661,flight,76,,2026-04-07 20:00:00-04:00,2026-04-25,632.05,Japan
757,863,flight,26,,2026-03-02 19:00:00-05:00,2026-04-08,499.26,Canada
758,122,flight,140,,2025-02-02 19:00:00-05:00,2025-02-14,647.69,France
759,206,hotel,,85,2026-01-02 19:00:00-05:00,2026-04-06,1471.75,Germany
760,310,hotel,,36,2026-01-20 19:00:00-05:00,2026-04-28,1575.45,Italy
761,935,hotel,,77,2024-08-05 20:00:00-04:00,2024-11-19,1204.35,Japan
762,843,hotel,,149,2025-04-28 20:00:00-04:00,2025-06-26,396.37,United States
763,484,flight,59,,2026-01-27 19:00:00-05:00,2026-03-05,1152.84,Canada
764,741,flight,133,,2025-02-08 19:00:00-05:00,2025-03-17,206.98,Japan
765,602,hotel,,22,2025-11-22 19:00:00-05:00,2026-01-12,2779.20,Mexico
766,867,flight,179,,2024-12-29 19:00:00-05:00,2025-04-14,315.23,United Kingdom
767,428,flight,143,,2025-04-09 20:00:00-04:00,2025-06-13,298.44,Australia
768,31,hotel,,33,2025-09-28 20:00:00-04:00,2025-12-18,2222.15,United States
769,966,flight,169,,2026-02-22 19:00:00-05:00,2026-06-13,216.00,Italy
770,855,hotel,,108,2024-08-07 20:00:00-04:00,2024-09-12,3236.59,Italy
771,703,hotel,,77,2026-11-19 19:00:00-05:00,2027-02-03,1445.22,Japan
772,602,flight,9,,2026-01-15 19:00:00-05:00,2026-05-03,424.20,Germany
773,945,flight,146,,2025-07-25 20:00:00-04:00,2025-09-13,381.83,United Kingdom
774,645,hotel,,101,2025-02-07 19:00:00-05:00,2025-03-13,515.58,Canada
775,548,hotel,,28,2025-05-30 20:00:00-04:00,2025-08-06,3213.48,Mexico
776,584,hotel,,24,2025-04-14 20:00:00-04:00,2025-05-30,593.01,United States
777,107,flight,177,,2026-03-17 20:00:00-04:00,2026-07-08,676.93,France
778,618,hotel,,51,2024-10-21 20:00:00-04:00,2024-11-21,888.74,Italy
779,934,hotel,,60,2024-08-22 20:00:00-04:00,2024-09-25,2335.95,Japan
780,676,flight,95,,2025-11-06 19:00:00-05:00,2025-11-21,437.28,Italy
781,531,flight,106,,2025-05-04 20:00:00-04:00,2025-06-22,526.62,France
782,401,flight,138,,2026-01-04 19:00:00-05:00,2026-01-28,1124.45,United States
783,429,hotel,,53,2024-03-03 19:00:00-05:00,2024-04-29,1767.66,Australia
784,892,flight,182,,2025-05-11 20:00:00-04:00,2025-07-13,829.62,United Kingdom
785,681,hotel,,148,2024-10-19 20:00:00-04:00,2025-01-12,2596.60,Australia
786,602,flight,176,,2025-12-13 19:00:00-05:00,2026-03-22,1008.10,United States
787,470,hotel,,37,2024-05-13 20:00:00-04:00,2024-05-21,1617.04,Canada
788,66,hotel,,64,2025-08-02 20:00:00-04:00,2025-11-21,3870.54,United States
789,337,hotel,,148,2024-11-28 19:00:00-05:00,2025-02-03,519.32,Australia
790,755,flight,117,,2024-10-17 20:00:00-04:00,2025-01-15,776.72,United Arab Emirates
791,356,hotel,,45,2025-10-14 20:00:00-04:00,2026-01-08,1993.11,Mexico
792,256,flight,111,,2025-02-21 19:00:00-05:00,2025-06-02,1107.06,Italy
793,469,hotel,,146,2025-12-09 19:00:00-05:00,2026-01-09,684.88,United Kingdom
794,403,flight,41,,2024-07-26 20:00:00-04:00,2024-11-24,1070.37,United States
795,281,hotel,,56,2025-09-25 20:00:00-04:00,2025-10-11,1374.72,Canada
796,422,flight,194,,2025-07-21 20:00:00-04:00,2025-08-07,1096.69,Canada
797,108,hotel,,43,2025-09-09 20:00:00-04:00,2025-11-13,2350.45,United States
798,213,flight,19,,2025-06-14 20:00:00-04:00,2025-06-25,523.05,Italy
799,655,hotel,,103,2026-06-14 20:00:00-04:00,2026-08-04,2074.56,United Arab Emirates
800,407,flight,30,,2024-11-16 19:00:00-05:00,2024-12-26,552.48,Canada
801,727,flight,192,,2025-06-13 20:00:00-04:00,2025-09-14,167.39,Japan
802,476,hotel,,22,2025-07-10 20:00:00-04:00,2025-07-26,4168.80,Mexico
803,673,flight,36,,2025-03-22 20:00:00-04:00,2025-05-25,776.19,Mexico
804,483,hotel,,5,2025-02-12 19:00:00-05:00,2025-03-13,4188.20,United Kingdom
805,103,flight,137,,2024-09-16 20:00:00-04:00,2024-10-09,943.76,Japan
806,760,hotel,,3,2025-12-20 19:00:00-05:00,2026-01-06,1751.40,Australia
807,158,hotel,,56,2025-09-05 20:00:00-04:00,2025-10-05,171.84,Canada
808,915,flight,13,,2025-12-30 19:00:00-05:00,2026-04-06,923.57,United States
809,857,flight,79,,2025-10-27 20:00:00-04:00,2026-01-31,1017.20,France
810,455,flight,13,,2026-04-12 20:00:00-04:00,2026-04-20,923.57,United States
811,791,hotel,,96,2025-03-23 20:00:00-04:00,2025-05-01,1777.00,Canada
812,205,flight,8,,2024-05-08 20:00:00-04:00,2024-07-08,655.83,Japan
813,15,hotel,,17,2025-05-01 20:00:00-04:00,2025-08-04,1233.08,United Kingdom
814,982,flight,186,,2025-11-09 19:00:00-05:00,2025-12-08,819.50,Australia
815,172,flight,28,,2024-10-08 20:00:00-04:00,2024-12-20,952.71,Australia
816,836,hotel,,49,2024-08-08 20:00:00-04:00,2024-10-26,2033.10,United Kingdom
817,213,hotel,,60,2025-05-28 20:00:00-04:00,2025-06-20,1868.76,Japan
818,109,hotel,,4,2024-10-09 20:00:00-04:00,2024-11-08,2048.20,Italy
819,670,hotel,,55,2024-10-05 20:00:00-04:00,2024-12-01,1246.72,United States
820,226,flight,72,,2026-07-23 20:00:00-04:00,2026-11-12,825.57,France
821,666,hotel,,56,2024-11-10 19:00:00-05:00,2024-11-26,1202.88,Canada
822,309,hotel,,138,2025-05-31 20:00:00-04:00,2025-09-07,2676.80,Canada
823,176,hotel,,84,2025-08-21 20:00:00-04:00,2025-11-13,3489.15,Australia
824,695,flight,163,,2025-06-22 20:00:00-04:00,2025-07-22,562.12,United States
825,780,hotel,,18,2026-01-31 19:00:00-05:00,2026-04-10,1087.62,Mexico
826,19,hotel,,60,2026-01-10 19:00:00-05:00,2026-03-24,4204.71,Japan
827,602,flight,158,,2025-07-28 20:00:00-04:00,2025-08-07,1033.88,Japan
828,778,flight,189,,2025-05-03 20:00:00-04:00,2025-06-10,1011.48,Australia
829,439,flight,16,,2026-06-23 20:00:00-04:00,2026-07-11,1032.67,United Kingdom
830,141,hotel,,52,2025-05-13 20:00:00-04:00,2025-06-27,676.23,United States
831,385,flight,61,,2025-09-29 20:00:00-04:00,2025-10-11,1160.43,United States
832,946,hotel,,72,2024-12-01 19:00:00-05:00,2024-12-26,2750.64,France
833,660,flight,107,,2024-12-07 19:00:00-05:00,2025-03-26,1058.08,Australia
834,664,hotel,,85,2024-01-18 19:00:00-05:00,2024-02-24,1766.10,Germany
835,249,flight,171,,2026-02-09 19:00:00-05:00,2026-02-23,1075.63,Canada
836,255,flight,98,,2025-03-15 20:00:00-04:00,2025-07-12,370.20,Italy
837,534,hotel,,2,2024-08-20 20:00:00-04:00,2024-10-23,165.68,Germany
838,891,hotel,,14,2025-11-26 19:00:00-05:00,2025-12-28,650.43,Japan
839,961,flight,45,,2025-09-09 20:00:00-04:00,2025-09-28,879.95,Italy
840,607,flight,21,,2024-07-03 20:00:00-04:00,2024-09-13,206.36,Canada
841,437,hotel,,51,2026-03-06 19:00:00-05:00,2026-04-04,1777.48,Italy
842,435,flight,78,,2026-01-12 19:00:00-05:00,2026-02-20,573.61,Japan
843,293,hotel,,70,2025-12-29 19:00:00-05:00,2026-01-31,3888.88,Germany
844,82,hotel,,43,2024-09-29 20:00:00-04:00,2024-11-24,3760.72,United States
845,452,hotel,,111,2025-01-30 19:00:00-05:00,2025-04-26,635.16,Australia
846,840,hotel,,98,2026-01-17 19:00:00-05:00,2026-05-02,1236.83,Australia
847,875,flight,138,,2024-08-16 20:00:00-04:00,2024-11-08,1124.45,United States
848,157,flight,119,,2025-04-20 20:00:00-04:00,2025-06-15,701.66,United Arab Emirates
849,314,hotel,,144,2026-01-24 19:00:00-05:00,2026-03-21,4679.80,Australia
850,493,flight,184,,2025-11-29 19:00:00-05:00,2025-12-24,191.15,Mexico
851,481,flight,2,,2024-06-02 20:00:00-04:00,2024-07-04,647.80,France
852,14,hotel,,107,2025-06-30 20:00:00-04:00,2025-08-28,1459.64,United States
853,994,hotel,,79,2025-07-26 20:00:00-04:00,2025-10-04,948.60,Mexico
854,73,hotel,,99,2025-12-10 19:00:00-05:00,2026-01-02,1450.20,Germany
855,167,flight,198,,2024-11-28 19:00:00-05:00,2025-01-07,979.03,Canada
856,936,hotel,,126,2025-06-05 20:00:00-04:00,2025-09-11,1882.08,Japan
857,714,flight,109,,2026-09-07 20:00:00-04:00,2026-11-03,556.93,United States
858,754,flight,9,,2025-03-11 20:00:00-04:00,2025-05-19,424.20,Germany
859,944,hotel,,8,2025-02-21 19:00:00-05:00,2025-05-30,1112.19,United Kingdom
860,268,hotel,,66,2025-05-11 20:00:00-04:00,2025-06-06,2125.96,Canada
861,617,flight,198,,2024-08-28 20:00:00-04:00,2024-09-19,979.03,Canada
862,95,hotel,,21,2025-08-03 20:00:00-04:00,2025-11-09,2617.47,United States
863,932,flight,110,,2026-09-05 20:00:00-04:00,2026-10-04,930.85,France
864,259,hotel,,98,2025-06-10 20:00:00-04:00,2025-08-25,1766.90,Australia
865,316,hotel,,147,2024-08-10 20:00:00-04:00,2024-08-31,3392.58,Australia
866,834,flight,54,,2026-06-02 20:00:00-04:00,2026-09-13,1100.02,Japan
867,953,hotel,,2,2025-07-21 20:00:00-04:00,2025-09-06,248.52,Germany
868,836,hotel,,18,2024-02-25 19:00:00-05:00,2024-03-16,1268.89,Mexico
869,538,hotel,,111,2026-05-05 20:00:00-04:00,2026-06-18,635.16,Australia
870,181,hotel,,35,2024-12-24 19:00:00-05:00,2025-04-01,1311.24,Japan
871,499,flight,116,,2024-12-02 19:00:00-05:00,2024-12-24,497.09,France
872,581,flight,16,,2026-05-19 20:00:00-04:00,2026-06-21,1032.67,United Kingdom
873,768,flight,105,,2025-11-14 19:00:00-05:00,2025-12-25,1031.35,United Kingdom
874,452,flight,21,,2025-04-07 20:00:00-04:00,2025-05-06,206.36,Canada
875,301,flight,71,,2025-03-08 19:00:00-05:00,2025-03-31,306.09,United States
876,66,hotel,,61,2024-10-12 20:00:00-04:00,2025-01-02,2971.04,United States
877,497,flight,69,,2024-06-20 20:00:00-04:00,2024-07-05,385.18,Australia
878,770,flight,11,,2026-03-01 19:00:00-05:00,2026-05-22,843.56,United States
879,100,flight,2,,2025-03-23 20:00:00-04:00,2025-07-10,647.80,France
880,385,hotel,,87,2025-07-11 20:00:00-04:00,2025-09-17,3239.80,United States
881,440,hotel,,88,2025-09-19 20:00:00-04:00,2025-12-23,1414.80,Canada
882,837,flight,103,,2026-07-30 20:00:00-04:00,2026-10-31,261.79,Mexico
883,388,flight,85,,2024-09-16 20:00:00-04:00,2025-01-13,887.20,United States
884,826,flight,179,,2024-03-10 20:00:00-04:00,2024-05-15,315.23,United Kingdom
885,412,flight,32,,2026-03-07 19:00:00-05:00,2026-05-31,168.81,Italy
886,890,hotel,,64,2025-03-09 20:00:00-04:00,2025-06-21,2580.36,United States
887,463,hotel,,49,2025-03-22 20:00:00-04:00,2025-05-21,203.31,United Kingdom
888,654,hotel,,93,2024-09-15 20:00:00-04:00,2024-12-13,228.03,Italy
889,993,hotel,,60,2025-02-01 19:00:00-05:00,2025-04-06,4671.90,Japan
890,497,hotel,,21,2025-04-25 20:00:00-04:00,2025-08-12,1744.98,United States
891,439,hotel,,26,2026-07-13 20:00:00-04:00,2026-11-07,2402.68,United Kingdom
892,301,flight,134,,2025-08-26 20:00:00-04:00,2025-09-21,1012.70,Australia
893,898,flight,23,,2024-11-11 19:00:00-05:00,2025-01-21,463.27,Mexico
894,309,hotel,,30,2025-07-04 20:00:00-04:00,2025-09-07,3475.44,United Arab Emirates
895,679,flight,44,,2024-07-18 20:00:00-04:00,2024-08-22,279.77,United States
896,772,flight,184,,2024-03-27 20:00:00-04:00,2024-05-29,191.15,Mexico
897,30,flight,197,,2025-07-10 20:00:00-04:00,2025-09-05,1068.57,United States
898,288,flight,122,,2025-05-19 20:00:00-04:00,2025-08-20,528.84,United Arab Emirates
899,975,flight,137,,2025-05-07 20:00:00-04:00,2025-06-01,943.76,Japan
900,649,hotel,,86,2026-02-23 19:00:00-05:00,2026-06-12,320.20,Germany
901,955,flight,97,,2026-01-05 19:00:00-05:00,2026-02-25,897.47,United Arab Emirates
902,933,hotel,,144,2025-10-22 20:00:00-04:00,2026-01-20,3275.86,Australia
903,828,flight,30,,2026-04-22 20:00:00-04:00,2026-06-02,552.48,Canada
904,298,flight,88,,2024-04-30 20:00:00-04:00,2024-05-19,902.63,Italy
905,759,flight,95,,2024-07-20 20:00:00-04:00,2024-10-09,437.28,Italy
906,131,hotel,,1,2025-11-30 19:00:00-05:00,2026-02-19,1955.55,Japan
907,64,flight,82,,2025-11-20 19:00:00-05:00,2026-01-21,902.49,Canada
908,790,hotel,,33,2026-05-02 20:00:00-04:00,2026-08-19,3999.87,United States
909,680,flight,3,,2024-03-27 20:00:00-04:00,2024-05-24,384.96,France
910,552,hotel,,76,2024-12-03 19:00:00-05:00,2024-12-29,536.16,Mexico
911,512,hotel,,73,2024-08-09 20:00:00-04:00,2024-11-01,500.37,Japan
912,765,flight,80,,2024-12-02 19:00:00-05:00,2025-01-19,740.45,Mexico
913,515,flight,181,,2025-09-08 20:00:00-04:00,2026-01-02,858.99,Canada
914,588,hotel,,56,2026-10-28 20:00:00-04:00,2027-02-19,1374.72,Canada
915,299,hotel,,86,2025-03-23 20:00:00-04:00,2025-07-12,240.15,Germany
916,848,flight,189,,2024-04-26 20:00:00-04:00,2024-08-01,1011.48,Australia
917,54,flight,101,,2025-10-26 20:00:00-04:00,2026-02-04,749.17,Australia
918,307,flight,101,,2025-01-21 19:00:00-05:00,2025-04-09,749.17,Australia
919,346,hotel,,90,2026-10-01 20:00:00-04:00,2026-12-08,3771.04,Italy
920,401,flight,73,,2026-08-06 20:00:00-04:00,2026-11-15,1062.89,Canada
921,290,flight,141,,2025-10-21 20:00:00-04:00,2026-02-15,986.61,United States
922,404,flight,193,,2025-02-06 19:00:00-05:00,2025-03-27,1017.84,United States
923,811,flight,118,,2026-09-13 20:00:00-04:00,2026-10-29,979.40,Canada
924,671,flight,114,,2025-12-10 19:00:00-05:00,2026-01-04,275.32,Mexico
925,713,hotel,,54,2025-07-09 20:00:00-04:00,2025-08-04,1992.52,Japan
926,824,flight,93,,2026-07-03 20:00:00-04:00,2026-07-12,332.33,Australia
927,744,flight,38,,2026-09-01 20:00:00-04:00,2026-12-18,1145.49,United Kingdom
928,386,hotel,,44,2026-05-15 20:00:00-04:00,2026-09-07,328.73,France
929,99,hotel,,14,2025-10-19 20:00:00-04:00,2025-11-18,433.62,Japan
930,528,hotel,,39,2025-11-04 19:00:00-05:00,2026-01-06,3395.35,United States
931,251,flight,102,,2024-09-09 20:00:00-04:00,2024-10-17,1071.35,Germany
932,501,hotel,,45,2026-09-07 20:00:00-04:00,2026-11-30,1993.11,Mexico
933,795,flight,167,,2025-02-01 19:00:00-05:00,2025-05-30,744.68,United Kingdom
934,392,hotel,,114,2026-04-15 20:00:00-04:00,2026-07-15,2958.48,France
935,12,flight,32,,2025-12-02 19:00:00-05:00,2025-12-20,168.81,Italy
936,501,flight,147,,2025-10-01 20:00:00-04:00,2025-12-23,854.53,United Kingdom
937,587,hotel,,25,2026-05-29 20:00:00-04:00,2026-09-02,3789.50,Canada
938,186,hotel,,112,2024-12-07 19:00:00-05:00,2025-03-07,2707.55,Italy
939,586,flight,17,,2026-03-31 20:00:00-04:00,2026-05-19,644.32,Japan
940,731,flight,180,,2026-03-11 20:00:00-04:00,2026-07-01,585.34,Italy
941,21,hotel,,138,2026-12-05 19:00:00-05:00,2027-03-27,2409.12,Canada
942,501,flight,150,,2026-06-12 20:00:00-04:00,2026-10-05,1149.12,Canada
943,552,flight,31,,2024-10-09 20:00:00-04:00,2025-01-09,1147.57,United States
944,186,flight,115,,2024-04-06 20:00:00-04:00,2024-06-24,427.45,Australia
945,820,hotel,,33,2025-12-23 19:00:00-05:00,2026-01-05,4444.30,United States
946,212,flight,66,,2025-05-19 20:00:00-04:00,2025-08-06,657.23,United Kingdom
947,872,flight,130,,2025-05-02 20:00:00-04:00,2025-05-25,371.32,Japan
948,306,hotel,,109,2025-06-02 20:00:00-04:00,2025-07-01,325.87,Mexico
949,255,hotel,,76,2024-05-31 20:00:00-04:00,2024-08-13,1206.36,Mexico
950,456,flight,178,,2024-11-27 19:00:00-05:00,2025-02-05,230.94,Italy
951,321,hotel,,131,2025-11-10 19:00:00-05:00,2026-01-25,1172.40,Germany
952,705,flight,12,,2025-05-24 20:00:00-04:00,2025-09-13,1197.34,Canada
953,243,flight,77,,2025-08-12 20:00:00-04:00,2025-09-07,619.42,Canada
954,877,flight,142,,2025-06-11 20:00:00-04:00,2025-09-04,861.15,Germany
955,222,hotel,,109,2026-01-29 19:00:00-05:00,2026-02-22,651.74,Mexico
956,564,hotel,,42,2026-06-09 20:00:00-04:00,2026-08-04,2346.54,Australia
957,468,flight,109,,2024-07-06 20:00:00-04:00,2024-10-08,556.93,United States
958,963,flight,19,,2026-04-01 20:00:00-04:00,2026-05-05,523.05,Italy
959,645,hotel,,50,2025-06-16 20:00:00-04:00,2025-09-21,1053.84,United Arab Emirates
960,578,flight,40,,2024-11-24 19:00:00-05:00,2025-03-17,679.87,Australia
961,324,hotel,,64,2024-08-12 20:00:00-04:00,2024-08-23,860.12,United States
962,277,flight,176,,2025-01-15 19:00:00-05:00,2025-02-06,1008.10,United States
963,562,hotel,,23,2024-08-26 20:00:00-04:00,2024-10-15,2745.54,Japan
964,932,hotel,,58,2026-06-20 20:00:00-04:00,2026-07-16,1435.85,Germany
965,11,flight,97,,2025-08-02 20:00:00-04:00,2025-09-07,897.47,United Arab Emirates
966,975,flight,135,,2024-08-03 20:00:00-04:00,2024-09-02,811.73,Canada
967,746,hotel,,126,2025-08-08 20:00:00-04:00,2025-11-29,627.36,Japan
968,542,hotel,,73,2026-10-25 20:00:00-04:00,2027-01-14,1501.11,Japan
969,278,flight,82,,2025-09-03 20:00:00-04:00,2025-10-02,902.49,Canada
970,970,hotel,,137,2026-01-03 19:00:00-05:00,2026-02-24,3788.91,France
971,609,hotel,,33,2025-03-03 19:00:00-05:00,2025-05-25,2222.15,United States
972,10,flight,37,,2025-01-14 19:00:00-05:00,2025-02-07,1195.95,United Arab Emirates
973,388,hotel,,95,2024-04-14 20:00:00-04:00,2024-07-23,549.56,United Kingdom
974,695,hotel,,47,2025-12-30 19:00:00-05:00,2026-03-06,689.20,United Arab Emirates
975,363,hotel,,71,2025-01-13 19:00:00-05:00,2025-02-26,2066.89,Australia
976,534,flight,23,,2024-10-22 20:00:00-04:00,2025-01-19,463.27,Mexico
977,971,hotel,,81,2026-08-09 20:00:00-04:00,2026-11-23,300.52,Australia
978,650,flight,62,,2025-02-21 19:00:00-05:00,2025-06-02,989.89,Canada
979,968,flight,15,,2024-10-07 20:00:00-04:00,2024-12-27,1101.85,Canada
980,87,hotel,,3,2026-11-08 19:00:00-05:00,2027-01-18,2451.96,Australia
981,694,flight,132,,2026-06-12 20:00:00-04:00,2026-08-22,174.94,United Kingdom
982,702,flight,158,,2026-02-17 19:00:00-05:00,2026-02-26,1033.88,Japan
983,195,flight,180,,2025-04-11 20:00:00-04:00,2025-06-12,585.34,Italy
984,548,hotel,,136,2025-06-28 20:00:00-04:00,2025-10-08,1947.80,France
985,44,hotel,,135,2025-12-07 19:00:00-05:00,2026-03-11,1688.48,France
986,180,flight,35,,2025-06-02 20:00:00-04:00,2025-09-25,1015.04,Japan
987,527,hotel,,127,2025-03-11 20:00:00-04:00,2025-05-12,2212.84,Australia
988,175,hotel,,64,2024-08-24 20:00:00-04:00,2024-10-14,3870.54,United States
989,872,flight,124,,2025-08-15 20:00:00-04:00,2025-09-30,852.39,Japan
990,301,hotel,,146,2024-12-14 19:00:00-05:00,2024-12-22,2397.08,United Kingdom
991,223,hotel,,10,2026-10-15 20:00:00-04:00,2026-12-27,3750.88,United Kingdom
992,914,hotel,,2,2025-09-01 20:00:00-04:00,2025-10-24,828.40,Germany
993,472,hotel,,28,2026-08-06 20:00:00-04:00,2026-09-28,535.58,Mexico
994,359,flight,3,,2026-06-17 20:00:00-04:00,2026-08-09,384.96,France
995,104,hotel,,22,2025-04-22 20:00:00-04:00,2025-05-25,4168.80,Mexico
996,527,flight,125,,2025-09-11 20:00:00-04:00,2025-10-04,1156.84,Italy
997,8,flight,58,,2025-07-09 20:00:00-04:00,2025-08-18,1044.60,France
998,482,hotel,,94,2025-10-07 20:00:00-04:00,2025-11-22,3666.67,United States
999,914,flight,69,,2026-05-04 20:00:00-04:00,2026-08-23,385.18,Australia
1000,112,hotel,,113,2026-05-08 20:00:00-04:00,2026-08-31,1227.33,Japan
1001,144,hotel,,92,2025-09-05 20:00:00-04:00,2025-09-13,867.00,United States
1002,114,flight,35,,2024-05-25 20:00:00-04:00,2024-06-07,1015.04,Japan
1003,405,hotel,,42,2026-07-13 20:00:00-04:00,2026-07-25,1340.88,Australia
1004,972,hotel,,31,2026-01-15 19:00:00-05:00,2026-02-26,1498.49,Canada
1005,501,hotel,,33,2026-09-04 20:00:00-04:00,2026-12-12,2666.58,United States
1006,770,hotel,,100,2025-12-07 19:00:00-05:00,2026-03-17,380.70,France
1007,113,flight,40,,2024-07-22 20:00:00-04:00,2024-08-15,679.87,Australia
1008,353,flight,14,,2025-12-28 19:00:00-05:00,2026-02-04,510.33,Italy
1009,695,hotel,,3,2025-08-10 20:00:00-04:00,2025-11-02,2451.96,Australia
1010,492,hotel,,22,2026-03-11 20:00:00-04:00,2026-05-20,3242.40,Mexico
1011,254,flight,64,,2026-07-16 20:00:00-04:00,2026-08-16,656.81,Australia
1012,288,flight,64,,2025-05-22 20:00:00-04:00,2025-08-27,656.81,Australia
1013,683,hotel,,27,2025-11-11 19:00:00-05:00,2026-01-18,2311.02,Mexico
1014,626,flight,152,,2025-11-17 19:00:00-05:00,2026-03-14,623.18,Canada
1015,645,flight,34,,2024-11-21 19:00:00-05:00,2024-12-14,552.73,Japan
1016,411,flight,38,,2025-11-09 19:00:00-05:00,2025-12-11,1145.49,United Kingdom
1017,437,flight,24,,2026-08-09 20:00:00-04:00,2026-09-11,1191.97,United Kingdom
1018,886,flight,135,,2024-10-24 20:00:00-04:00,2024-12-23,811.73,Canada
1019,314,flight,110,,2025-12-23 19:00:00-05:00,2026-02-12,930.85,France
1020,491,flight,165,,2025-11-10 19:00:00-05:00,2026-01-11,677.28,United States
1021,53,hotel,,94,2026-03-06 19:00:00-05:00,2026-04-17,2619.05,United States
1022,966,hotel,,64,2026-06-11 20:00:00-04:00,2026-08-11,2580.36,United States
1023,917,flight,1,,2024-11-12 19:00:00-05:00,2024-11-25,432.54,Italy
1024,54,hotel,,121,2025-06-07 20:00:00-04:00,2025-07-21,455.50,Canada
1025,931,flight,65,,2026-03-09 20:00:00-04:00,2026-04-09,791.89,United Kingdom
1026,972,hotel,,78,2025-08-14 20:00:00-04:00,2025-10-03,811.54,Germany
1027,100,flight,198,,2025-06-13 20:00:00-04:00,2025-08-30,979.03,Canada
1028,883,flight,190,,2024-08-06 20:00:00-04:00,2024-09-29,326.11,Germany
1029,830,hotel,,96,2026-07-19 20:00:00-04:00,2026-10-02,1777.00,Canada
1030,666,hotel,,99,2025-02-03 19:00:00-05:00,2025-04-26,290.04,Germany
1031,909,flight,191,,2024-11-07 19:00:00-05:00,2025-02-03,222.29,Australia
1032,617,flight,168,,2024-09-12 20:00:00-04:00,2024-12-04,1136.13,Canada
1033,838,flight,115,,2024-08-25 20:00:00-04:00,2024-12-01,427.45,Australia
1034,948,flight,159,,2025-08-27 20:00:00-04:00,2025-11-12,920.22,Germany
1035,352,hotel,,52,2025-09-18 20:00:00-04:00,2026-01-01,2028.69,United States
1036,739,flight,50,,2025-11-15 19:00:00-05:00,2025-12-09,460.12,United States
1037,429,hotel,,94,2024-11-09 19:00:00-05:00,2024-12-31,4190.48,United States
1038,645,flight,124,,2025-03-07 19:00:00-05:00,2025-03-23,852.39,Japan
1039,430,flight,71,,2026-01-19 19:00:00-05:00,2026-04-13,306.09,United States
1040,714,flight,145,,2026-03-06 19:00:00-05:00,2026-03-19,372.32,United States
1041,63,flight,176,,2026-08-31 20:00:00-04:00,2026-11-10,1008.10,United States
1042,546,flight,193,,2024-07-14 20:00:00-04:00,2024-09-16,1017.84,United States
1043,522,hotel,,100,2025-06-16 20:00:00-04:00,2025-10-01,888.30,France
1044,622,hotel,,1,2026-04-04 20:00:00-04:00,2026-05-05,1173.33,Japan
1045,586,flight,3,,2026-12-09 19:00:00-05:00,2027-03-16,384.96,France
1046,901,hotel,,135,2026-03-05 19:00:00-05:00,2026-06-11,2110.60,France
1047,311,flight,69,,2025-02-03 19:00:00-05:00,2025-05-12,385.18,Australia
1048,566,flight,12,,2024-07-07 20:00:00-04:00,2024-08-12,1197.34,Canada
1049,547,flight,164,,2025-07-30 20:00:00-04:00,2025-08-12,637.94,United Kingdom
1050,152,hotel,,14,2026-01-21 19:00:00-05:00,2026-03-04,867.24,Japan
1051,844,flight,1,,2026-05-12 20:00:00-04:00,2026-06-03,432.54,Italy
1052,665,hotel,,95,2024-12-05 19:00:00-05:00,2025-02-28,824.34,United Kingdom
1053,86,hotel,,76,2024-07-23 20:00:00-04:00,2024-09-21,804.24,Mexico
1054,59,flight,188,,2025-12-31 19:00:00-05:00,2026-02-05,380.33,United Kingdom
1055,989,hotel,,5,2024-05-26 20:00:00-04:00,2024-07-05,3769.38,United Kingdom
1056,674,flight,168,,2026-01-07 19:00:00-05:00,2026-03-04,1136.13,Canada
1057,264,flight,84,,2025-06-03 20:00:00-04:00,2025-07-09,1021.38,United States
1058,276,flight,193,,2025-08-28 20:00:00-04:00,2025-11-24,1017.84,United States
1059,405,flight,187,,2026-09-10 20:00:00-04:00,2026-10-17,786.85,Canada
1060,744,hotel,,123,2026-03-26 20:00:00-04:00,2026-04-21,741.38,Canada
1061,508,flight,46,,2025-06-27 20:00:00-04:00,2025-07-28,845.61,Japan
1062,194,hotel,,73,2026-05-19 20:00:00-04:00,2026-08-17,166.79,Japan
1063,318,flight,101,,2024-11-28 19:00:00-05:00,2025-03-20,749.17,Australia
1064,704,flight,19,,2024-12-08 19:00:00-05:00,2025-01-03,523.05,Italy
1065,437,flight,104,,2026-05-18 20:00:00-04:00,2026-08-16,359.90,France
1066,103,flight,26,,2024-04-25 20:00:00-04:00,2024-07-19,499.26,Canada
1067,387,hotel,,4,2024-02-17 19:00:00-05:00,2024-03-10,292.60,Italy
1068,136,flight,37,,2025-12-25 19:00:00-05:00,2026-02-05,1195.95,United Arab Emirates
1069,962,flight,28,,2024-03-06 19:00:00-05:00,2024-06-23,952.71,Australia
1070,556,hotel,,52,2026-12-18 19:00:00-05:00,2027-01-05,676.23,United States
1071,492,hotel,,85,2026-01-09 19:00:00-05:00,2026-02-25,2354.80,Germany
1072,159,flight,178,,2026-03-05 19:00:00-05:00,2026-05-21,230.94,Italy
1073,274,flight,12,,2024-03-25 20:00:00-04:00,2024-07-16,1197.34,Canada
1074,106,hotel,,107,2025-04-04 20:00:00-04:00,2025-06-16,625.56,United States
1075,2,flight,110,,2025-12-04 19:00:00-05:00,2026-01-10,930.85,France
1076,395,flight,74,,2025-09-20 20:00:00-04:00,2025-12-20,402.94,United Arab Emirates
1077,232,hotel,,29,2027-02-15 19:00:00-05:00,2027-06-16,2982.80,Canada
1078,174,flight,73,,2025-04-28 20:00:00-04:00,2025-05-19,1062.89,Canada
1079,366,flight,31,,2025-11-07 19:00:00-05:00,2025-12-27,1147.57,United States
1080,370,flight,39,,2024-02-12 19:00:00-05:00,2024-05-07,913.53,Italy
1081,183,hotel,,47,2025-04-10 20:00:00-04:00,2025-05-30,603.05,United Arab Emirates
1082,154,hotel,,74,2025-12-22 19:00:00-05:00,2026-04-13,3402.78,Japan
1083,897,flight,170,,2024-10-16 20:00:00-04:00,2024-12-26,693.78,Italy
1084,378,hotel,,20,2026-10-20 20:00:00-04:00,2027-02-07,598.34,United Kingdom
1085,883,flight,82,,2025-01-19 19:00:00-05:00,2025-02-14,902.49,Canada
1086,152,hotel,,123,2026-06-30 20:00:00-04:00,2026-10-08,741.38,Canada
1087,116,hotel,,24,2026-04-01 20:00:00-04:00,2026-04-27,1186.02,United States
1088,131,flight,82,,2025-12-03 19:00:00-05:00,2026-01-25,902.49,Canada
1089,507,hotel,,106,2026-01-24 19:00:00-05:00,2026-04-30,1434.20,United States
1090,813,hotel,,63,2025-06-06 20:00:00-04:00,2025-09-24,4124.89,Italy
1091,429,hotel,,127,2024-10-29 20:00:00-04:00,2025-01-13,2845.08,Australia
1092,550,flight,149,,2025-02-11 19:00:00-05:00,2025-03-01,413.22,Japan
1093,733,hotel,,57,2024-10-20 20:00:00-04:00,2025-01-09,976.74,United Kingdom
1094,241,hotel,,5,2025-10-25 20:00:00-04:00,2025-11-28,2512.92,United Kingdom
1095,572,hotel,,16,2025-09-06 20:00:00-04:00,2025-09-28,2700.24,Mexico
1096,370,flight,37,,2024-06-19 20:00:00-04:00,2024-08-24,1195.95,United Arab Emirates
1097,856,hotel,,58,2025-02-16 19:00:00-05:00,2025-03-22,287.17,Germany
1098,765,flight,181,,2024-03-31 20:00:00-04:00,2024-07-06,858.99,Canada
1099,147,hotel,,109,2025-02-14 19:00:00-05:00,2025-05-22,1955.22,Mexico
1100,56,flight,19,,2026-12-20 19:00:00-05:00,2027-03-12,523.05,Italy
1101,489,flight,94,,2024-04-12 20:00:00-04:00,2024-05-08,679.32,United Arab Emirates
1102,145,flight,4,,2025-07-02 20:00:00-04:00,2025-07-19,595.00,Germany
1103,583,hotel,,47,2024-06-12 20:00:00-04:00,2024-09-25,689.20,United Arab Emirates
1104,762,flight,77,,2026-04-24 20:00:00-04:00,2026-07-30,619.42,Canada
1105,482,hotel,,4,2025-09-18 20:00:00-04:00,2025-11-21,1463.00,Italy
1106,114,flight,165,,2024-01-31 19:00:00-05:00,2024-05-30,677.28,United States
1107,33,flight,3,,2025-08-27 20:00:00-04:00,2025-09-24,384.96,France
1108,406,hotel,,117,2026-02-19 19:00:00-05:00,2026-06-19,1884.06,United States
1109,729,hotel,,79,2026-01-01 19:00:00-05:00,2026-03-14,379.44,Mexico
1110,434,flight,134,,2024-10-18 20:00:00-04:00,2024-11-06,1012.70,Australia
1111,387,flight,159,,2024-05-25 20:00:00-04:00,2024-07-23,920.22,Germany
1112,58,flight,191,,2025-06-30 20:00:00-04:00,2025-07-31,222.29,Australia
1113,1000,flight,123,,2025-07-26 20:00:00-04:00,2025-10-01,648.60,Mexico
1114,321,hotel,,14,2025-07-17 20:00:00-04:00,2025-08-15,1300.86,Japan
1115,663,hotel,,28,2024-06-08 20:00:00-04:00,2024-07-20,1071.16,Mexico
1116,80,hotel,,86,2026-06-02 20:00:00-04:00,2026-09-17,80.05,Germany
1117,246,hotel,,28,2025-05-21 20:00:00-04:00,2025-08-06,1071.16,Mexico
1118,217,flight,142,,2024-08-18 20:00:00-04:00,2024-09-19,861.15,Germany
1119,207,flight,22,,2025-07-29 20:00:00-04:00,2025-09-09,645.83,Japan
1120,584,flight,124,,2025-03-06 19:00:00-05:00,2025-06-23,852.39,Japan
1121,47,flight,80,,2025-09-14 20:00:00-04:00,2025-10-03,740.45,Mexico
1122,9,hotel,,129,2024-08-30 20:00:00-04:00,2024-10-27,1819.68,Italy
1123,323,hotel,,25,2026-05-05 20:00:00-04:00,2026-05-29,2273.70,Canada
1124,418,flight,199,,2026-04-20 20:00:00-04:00,2026-08-09,252.60,Australia
1125,154,flight,98,,2025-12-03 19:00:00-05:00,2026-03-22,370.20,Italy
1126,489,flight,39,,2024-08-23 20:00:00-04:00,2024-09-20,913.53,Italy
1127,699,hotel,,24,2024-05-24 20:00:00-04:00,2024-09-22,790.68,United States
1128,906,flight,37,,2025-01-12 19:00:00-05:00,2025-04-13,1195.95,United Arab Emirates
1129,788,flight,187,,2025-12-25 19:00:00-05:00,2026-03-09,786.85,Canada
1130,624,hotel,,34,2026-09-27 20:00:00-04:00,2027-01-13,770.16,Italy
1131,298,hotel,,111,2025-01-17 19:00:00-05:00,2025-05-14,211.72,Australia
1132,913,hotel,,20,2025-12-27 19:00:00-05:00,2026-01-30,1795.02,United Kingdom
1133,581,hotel,,4,2026-04-03 20:00:00-04:00,2026-07-23,877.80,Italy
1134,785,hotel,,23,2026-12-02 19:00:00-05:00,2027-03-31,3660.72,Japan
1135,97,hotel,,76,2024-07-18 20:00:00-04:00,2024-08-16,402.12,Mexico
1136,70,hotel,,91,2024-12-18 19:00:00-05:00,2025-02-10,329.80,United States
1137,73,flight,118,,2026-11-19 19:00:00-05:00,2027-03-05,979.40,Canada
1138,265,hotel,,114,2024-08-18 20:00:00-04:00,2024-12-01,1479.24,France
1139,963,flight,11,,2026-04-18 20:00:00-04:00,2026-06-27,843.56,United States
1140,373,hotel,,34,2026-03-18 20:00:00-04:00,2026-05-17,1026.88,Italy
1141,376,hotel,,106,2026-01-03 19:00:00-05:00,2026-01-21,1290.78,United States
1142,461,hotel,,15,2026-05-29 20:00:00-04:00,2026-06-11,1826.96,Japan
1143,717,flight,27,,2024-10-09 20:00:00-04:00,2025-02-03,624.66,France
1144,298,hotel,,103,2024-05-24 20:00:00-04:00,2024-08-12,1037.28,United Arab Emirates
1145,229,hotel,,24,2026-08-03 20:00:00-04:00,2026-11-04,1186.02,United States
1146,478,hotel,,120,2026-06-21 20:00:00-04:00,2026-09-05,401.98,United Kingdom
1147,88,flight,197,,2025-11-04 19:00:00-05:00,2026-01-01,1068.57,United States
1148,444,flight,17,,2025-12-24 19:00:00-05:00,2026-02-12,644.32,Japan
1149,325,hotel,,55,2026-01-14 19:00:00-05:00,2026-03-25,1246.72,United States
1150,118,hotel,,140,2025-10-11 20:00:00-04:00,2025-10-23,1385.52,Mexico
1151,972,hotel,,55,2025-04-24 20:00:00-04:00,2025-07-22,935.04,United States
1152,582,flight,98,,2026-08-18 20:00:00-04:00,2026-12-03,370.20,Italy
1153,64,hotel,,55,2025-12-12 19:00:00-05:00,2026-02-18,155.84,United States
1154,217,flight,70,,2025-02-26 19:00:00-05:00,2025-04-29,604.49,Japan
1155,259,flight,18,,2024-11-08 19:00:00-05:00,2024-12-04,1144.27,United Kingdom
1156,281,hotel,,116,2024-11-29 19:00:00-05:00,2025-01-14,3065.79,Australia
1157,538,flight,48,,2026-05-12 20:00:00-04:00,2026-06-22,446.84,Japan
1158,851,flight,88,,2026-02-16 19:00:00-05:00,2026-04-19,902.63,Italy
1159,987,hotel,,90,2025-05-24 20:00:00-04:00,2025-06-26,3771.04,Italy
1160,494,hotel,,42,2026-12-07 19:00:00-05:00,2027-03-13,2346.54,Australia
1161,364,hotel,,51,2024-07-02 20:00:00-04:00,2024-09-19,888.74,Italy
1162,741,flight,188,,2024-11-23 19:00:00-05:00,2025-02-24,380.33,United Kingdom
1163,761,hotel,,118,2025-05-17 20:00:00-04:00,2025-06-13,1692.12,Japan
1164,512,hotel,,105,2024-07-23 20:00:00-04:00,2024-11-09,872.15,Australia
1165,534,flight,33,,2025-01-04 19:00:00-05:00,2025-04-28,878.20,Italy
1166,650,hotel,,25,2025-12-06 19:00:00-05:00,2026-02-26,378.95,Canada
1167,224,flight,140,,2026-03-15 20:00:00-04:00,2026-06-20,647.69,France
1168,793,flight,56,,2024-12-19 19:00:00-05:00,2025-02-13,1044.86,France
1169,357,flight,148,,2025-06-04 20:00:00-04:00,2025-09-06,634.33,Australia
1170,979,flight,94,,2026-02-12 19:00:00-05:00,2026-06-04,679.32,United Arab Emirates
1171,17,hotel,,32,2026-04-22 20:00:00-04:00,2026-07-03,3968.64,Italy
1172,665,hotel,,91,2024-08-15 20:00:00-04:00,2024-10-14,989.40,United States
1173,849,hotel,,86,2026-01-19 19:00:00-05:00,2026-05-04,160.10,Germany
1174,949,flight,96,,2025-06-21 20:00:00-04:00,2025-08-22,782.65,United States
1175,182,flight,98,,2026-09-21 20:00:00-04:00,2026-11-23,370.20,Italy
1176,292,hotel,,26,2026-11-30 19:00:00-05:00,2027-01-13,686.48,United Kingdom
1177,826,flight,5,,2024-04-23 20:00:00-04:00,2024-07-23,414.60,Canada
1178,632,hotel,,140,2025-04-23 20:00:00-04:00,2025-07-03,923.68,Mexico
1179,649,hotel,,9,2026-09-22 20:00:00-04:00,2026-12-13,1901.90,Germany
1180,873,hotel,,117,2025-03-05 19:00:00-05:00,2025-04-10,1884.06,United States
1181,391,flight,121,,2025-11-15 19:00:00-05:00,2026-03-12,516.87,Japan
1182,974,flight,119,,2026-03-27 20:00:00-04:00,2026-07-14,701.66,United Arab Emirates
1183,423,hotel,,58,2025-06-14 20:00:00-04:00,2025-08-08,2584.53,Germany
1184,291,hotel,,79,2025-02-17 19:00:00-05:00,2025-03-30,664.02,Mexico
1185,690,flight,9,,2025-07-21 20:00:00-04:00,2025-09-20,424.20,Germany
1186,16,flight,96,,2025-03-26 20:00:00-04:00,2025-07-13,782.65,United States
1187,861,hotel,,147,2026-08-06 20:00:00-04:00,2026-09-04,3958.01,Australia
1188,248,hotel,,101,2025-11-29 19:00:00-05:00,2026-02-23,257.79,Canada
1189,821,hotel,,100,2024-06-28 20:00:00-04:00,2024-09-25,380.70,France
1190,413,hotel,,112,2025-03-05 19:00:00-05:00,2025-04-02,2166.04,Italy
1191,102,flight,162,,2025-05-26 20:00:00-04:00,2025-06-18,423.65,Australia
1192,591,hotel,,142,2025-09-14 20:00:00-04:00,2025-10-25,1069.38,Japan
1193,972,hotel,,24,2025-05-24 20:00:00-04:00,2025-06-12,197.67,United States
1194,448,flight,152,,2026-08-21 20:00:00-04:00,2026-12-05,623.18,Canada
1195,157,flight,140,,2025-10-22 20:00:00-04:00,2026-01-28,647.69,France
1196,943,flight,7,,2025-11-06 19:00:00-05:00,2026-01-01,829.71,Australia
1197,761,flight,162,,2025-12-28 19:00:00-05:00,2026-03-27,423.65,Australia
1198,797,hotel,,57,2026-01-29 19:00:00-05:00,2026-03-08,2441.85,United Kingdom
1199,199,flight,67,,2026-04-25 20:00:00-04:00,2026-08-09,198.27,Canada
1200,676,flight,37,,2025-08-06 20:00:00-04:00,2025-08-24,1195.95,United Arab Emirates
1201,643,flight,27,,2025-06-03 20:00:00-04:00,2025-08-24,624.66,France
1202,114,hotel,,28,2024-11-01 20:00:00-04:00,2024-11-24,1606.74,Mexico
1203,290,hotel,,20,2025-01-28 19:00:00-05:00,2025-02-16,4786.72,United Kingdom
1204,865,hotel,,26,2024-07-30 20:00:00-04:00,2024-09-26,2745.92,United Kingdom
1205,815,flight,125,,2025-07-23 20:00:00-04:00,2025-08-09,1156.84,Italy
1206,983,flight,108,,2025-01-16 19:00:00-05:00,2025-04-21,973.52,Mexico
1207,385,hotel,,42,2025-09-25 20:00:00-04:00,2025-11-29,1005.66,Australia
1208,306,flight,146,,2024-11-27 19:00:00-05:00,2025-02-27,381.83,United Kingdom
1209,647,flight,89,,2025-12-24 19:00:00-05:00,2026-02-13,1122.96,France
1210,496,flight,190,,2024-05-16 20:00:00-04:00,2024-07-29,326.11,Germany
1211,261,flight,8,,2025-10-05 20:00:00-04:00,2025-12-29,655.83,Japan
1212,549,flight,195,,2026-10-14 20:00:00-04:00,2026-12-26,940.00,Mexico
1213,157,flight,56,,2025-06-14 20:00:00-04:00,2025-07-06,1044.86,France
1214,31,hotel,,22,2025-09-27 20:00:00-04:00,2025-11-02,1389.60,Mexico
1215,275,hotel,,24,2025-07-05 20:00:00-04:00,2025-08-07,1186.02,United States
1216,726,hotel,,127,2024-11-21 19:00:00-05:00,2025-03-04,2212.84,Australia
1217,525,hotel,,45,2024-07-26 20:00:00-04:00,2024-09-04,1138.92,Mexico
1218,704,hotel,,150,2025-05-23 20:00:00-04:00,2025-06-13,2672.00,United States
1219,320,flight,125,,2024-08-08 20:00:00-04:00,2024-11-16,1156.84,Italy
1220,444,hotel,,70,2026-01-04 19:00:00-05:00,2026-03-29,2916.66,Germany
1221,638,flight,110,,2025-01-24 19:00:00-05:00,2025-03-22,930.85,France
1222,205,hotel,,17,2024-11-07 19:00:00-05:00,2025-02-03,2466.16,United Kingdom
1223,172,flight,151,,2024-11-26 19:00:00-05:00,2025-01-05,449.39,Japan
1224,420,hotel,,136,2025-04-18 20:00:00-04:00,2025-08-09,1168.68,France
1225,408,flight,83,,2026-04-21 20:00:00-04:00,2026-05-22,252.31,Japan
1226,440,flight,19,,2025-09-13 20:00:00-04:00,2025-10-22,523.05,Italy
1227,221,hotel,,81,2024-09-28 20:00:00-04:00,2024-10-24,300.52,Australia
1228,10,hotel,,85,2025-01-30 19:00:00-05:00,2025-02-08,1177.40,Germany
1229,477,hotel,,17,2024-05-24 20:00:00-04:00,2024-08-11,2157.89,United Kingdom
1230,291,flight,27,,2024-12-11 19:00:00-05:00,2025-01-15,624.66,France
1231,575,hotel,,20,2026-06-10 20:00:00-04:00,2026-10-09,5983.40,United Kingdom
1232,915,hotel,,112,2026-05-02 20:00:00-04:00,2026-08-14,3249.06,Italy
1233,833,hotel,,13,2026-01-19 19:00:00-05:00,2026-02-21,2602.16,Japan
1234,511,flight,31,,2025-09-26 20:00:00-04:00,2025-11-26,1147.57,United States
1235,128,hotel,,84,2024-10-16 20:00:00-04:00,2025-01-08,4984.50,Australia
1236,393,flight,73,,2025-10-07 20:00:00-04:00,2025-10-17,1062.89,Canada
1237,19,flight,34,,2026-02-20 19:00:00-05:00,2026-04-05,552.73,Japan
1238,862,hotel,,136,2025-03-12 20:00:00-04:00,2025-05-27,194.78,France
1239,346,flight,25,,2025-11-23 19:00:00-05:00,2026-01-30,300.39,Canada
1240,850,hotel,,82,2024-12-02 19:00:00-05:00,2025-01-14,2448.84,Australia
1241,410,flight,81,,2025-01-21 19:00:00-05:00,2025-05-08,1007.42,France
1242,506,flight,179,,2026-02-24 19:00:00-05:00,2026-04-11,315.23,United Kingdom
1243,466,hotel,,96,2025-11-17 19:00:00-05:00,2025-12-10,4442.50,Canada
1244,106,flight,3,,2025-06-05 20:00:00-04:00,2025-06-19,384.96,France
1245,143,flight,177,,2025-12-18 19:00:00-05:00,2026-04-15,676.93,France
1246,742,hotel,,23,2025-08-10 20:00:00-04:00,2025-09-08,1830.36,Japan
1247,742,hotel,,14,2026-01-17 19:00:00-05:00,2026-01-25,1084.05,Japan
1248,905,flight,78,,2024-08-27 20:00:00-04:00,2024-09-10,573.61,Japan
1249,77,hotel,,98,2025-01-11 19:00:00-05:00,2025-04-17,883.45,Australia
1250,716,flight,118,,2025-04-16 20:00:00-04:00,2025-07-07,979.40,Canada
1251,123,flight,38,,2025-05-06 20:00:00-04:00,2025-09-01,1145.49,United Kingdom
1252,772,hotel,,32,2024-12-24 19:00:00-05:00,2025-02-27,4464.72,Italy
1253,541,flight,170,,2026-11-02 19:00:00-05:00,2027-01-10,693.78,Italy
1254,502,hotel,,124,2024-12-01 19:00:00-05:00,2025-03-17,1450.72,Italy
1255,95,hotel,,22,2025-06-12 20:00:00-04:00,2025-09-19,2779.20,Mexico
1256,572,flight,189,,2026-06-02 20:00:00-04:00,2026-08-31,1011.48,Australia
1257,877,flight,20,,2026-03-25 20:00:00-04:00,2026-04-11,423.59,United States
1258,996,hotel,,4,2025-09-29 20:00:00-04:00,2025-11-03,1170.40,Italy
1259,480,hotel,,27,2025-01-22 19:00:00-05:00,2025-04-02,1540.68,Mexico
1260,214,hotel,,117,2024-08-18 20:00:00-04:00,2024-11-24,628.02,United States
1261,869,flight,94,,2025-03-22 20:00:00-04:00,2025-04-27,679.32,United Arab Emirates
1262,395,hotel,,52,2026-02-04 19:00:00-05:00,2026-04-18,1577.87,United States
1263,193,flight,43,,2025-09-28 20:00:00-04:00,2025-11-29,200.65,France
1264,703,hotel,,27,2026-09-22 20:00:00-04:00,2026-12-21,770.34,Mexico
1265,473,flight,5,,2025-09-27 20:00:00-04:00,2025-11-04,414.60,Canada
1266,916,hotel,,8,2024-05-12 20:00:00-04:00,2024-06-23,2965.84,United Kingdom
1267,678,hotel,,31,2026-06-06 20:00:00-04:00,2026-07-17,1926.63,Canada
1268,87,hotel,,39,2026-09-06 20:00:00-04:00,2026-10-11,3395.35,United States
1269,515,hotel,,14,2026-01-06 19:00:00-05:00,2026-02-25,1734.48,Japan
1270,280,hotel,,98,2026-01-21 19:00:00-05:00,2026-02-04,1236.83,Australia
1271,199,hotel,,46,2026-01-18 19:00:00-05:00,2026-03-18,4430.90,Canada
1272,283,hotel,,28,2026-11-03 19:00:00-05:00,2027-01-05,535.58,Mexico
1273,662,flight,30,,2024-03-05 19:00:00-05:00,2024-04-10,552.48,Canada
1274,55,flight,62,,2026-01-04 19:00:00-05:00,2026-02-15,989.89,Canada
1275,68,flight,159,,2024-10-25 20:00:00-04:00,2024-11-30,920.22,Germany
1276,717,hotel,,26,2025-02-07 19:00:00-05:00,2025-04-06,1372.96,United Kingdom
1277,752,hotel,,44,2026-07-30 20:00:00-04:00,2026-09-02,1314.92,France
1278,356,hotel,,74,2026-03-24 20:00:00-04:00,2026-06-16,567.13,Japan
1279,97,flight,160,,2024-10-23 20:00:00-04:00,2025-01-28,1042.07,France
1280,489,hotel,,44,2025-03-15 20:00:00-04:00,2025-04-22,1972.38,France
1281,698,flight,86,,2025-06-27 20:00:00-04:00,2025-07-28,262.31,United States
1282,922,hotel,,122,2026-01-19 19:00:00-05:00,2026-01-28,1472.52,United States
1283,343,flight,20,,2024-11-14 19:00:00-05:00,2024-12-25,423.59,United States
1284,175,flight,122,,2025-04-28 20:00:00-04:00,2025-06-20,528.84,United Arab Emirates
1285,598,flight,64,,2026-03-20 20:00:00-04:00,2026-07-17,656.81,Australia
1286,484,flight,5,,2025-07-31 20:00:00-04:00,2025-11-20,414.60,Canada
1287,581,hotel,,129,2026-06-09 20:00:00-04:00,2026-08-23,1364.76,Italy
1288,774,flight,78,,2024-10-16 20:00:00-04:00,2024-11-05,573.61,Japan
1289,824,hotel,,90,2026-03-23 20:00:00-04:00,2026-06-01,4848.48,Italy
1290,264,hotel,,118,2025-02-26 19:00:00-05:00,2025-04-21,564.04,Japan
1291,848,hotel,,86,2024-06-04 20:00:00-04:00,2024-09-10,720.45,Germany
1292,794,hotel,,133,2025-06-10 20:00:00-04:00,2025-07-22,172.89,France
1293,152,hotel,,37,2026-03-06 19:00:00-05:00,2026-06-06,1212.78,Canada
1294,510,flight,190,,2026-04-09 20:00:00-04:00,2026-06-29,326.11,Germany
1295,713,hotel,,23,2025-08-13 20:00:00-04:00,2025-09-16,1830.36,Japan
1296,943,hotel,,71,2025-12-11 19:00:00-05:00,2026-01-01,2657.43,Australia
1297,921,hotel,,68,2025-10-03 20:00:00-04:00,2025-11-02,1552.14,Japan
1298,910,hotel,,107,2026-08-11 20:00:00-04:00,2026-11-02,1042.60,United States
1299,317,flight,134,,2024-06-03 20:00:00-04:00,2024-08-24,1012.70,Australia
1300,719,hotel,,111,2026-11-03 19:00:00-05:00,2026-11-26,1693.76,Australia
1301,581,hotel,,3,2026-07-10 20:00:00-04:00,2026-08-01,2802.24,Australia
1302,950,flight,39,,2026-04-02 20:00:00-04:00,2026-07-06,913.53,Italy
1303,536,hotel,,42,2026-08-03 20:00:00-04:00,2026-10-21,1676.10,Australia
1304,499,hotel,,76,2024-04-22 20:00:00-04:00,2024-08-10,134.04,Mexico
1305,465,flight,152,,2025-07-20 20:00:00-04:00,2025-09-02,623.18,Canada
1306,127,flight,2,,2026-10-15 20:00:00-04:00,2026-12-01,647.80,France
1307,441,hotel,,1,2026-07-10 20:00:00-04:00,2026-11-01,391.11,Japan
1308,258,flight,73,,2026-04-28 20:00:00-04:00,2026-08-26,1062.89,Canada
1309,805,flight,70,,2025-01-29 19:00:00-05:00,2025-05-08,604.49,Japan
1310,147,flight,21,,2025-09-10 20:00:00-04:00,2025-12-01,206.36,Canada
1311,298,flight,91,,2024-03-20 20:00:00-04:00,2024-05-27,706.88,France
1312,255,hotel,,26,2024-12-10 19:00:00-05:00,2025-02-07,1716.20,United Kingdom
1313,943,hotel,,45,2025-11-19 19:00:00-05:00,2026-01-05,2847.30,Mexico
1314,447,hotel,,52,2024-12-30 19:00:00-05:00,2025-01-24,1127.05,United States
1315,139,hotel,,78,2025-03-20 20:00:00-04:00,2025-04-22,2028.85,Germany
1316,88,hotel,,119,2026-06-27 20:00:00-04:00,2026-09-23,3736.62,France
1317,188,hotel,,36,2025-12-07 19:00:00-05:00,2025-12-27,1575.45,Italy
1318,453,hotel,,92,2025-12-25 19:00:00-05:00,2026-03-30,1734.00,United States
1319,363,hotel,,106,2024-12-25 19:00:00-05:00,2025-02-24,1147.36,United States
1320,29,flight,194,,2025-01-12 19:00:00-05:00,2025-01-31,1096.69,Canada
1321,144,hotel,,132,2025-05-30 20:00:00-04:00,2025-08-20,2112.36,Japan
1322,131,hotel,,101,2025-06-16 20:00:00-04:00,2025-09-28,773.37,Canada
1323,413,flight,196,,2025-02-05 19:00:00-05:00,2025-05-27,1018.90,Australia
1324,896,hotel,,15,2024-08-05 20:00:00-04:00,2024-08-23,2283.70,Japan
1325,850,flight,25,,2024-12-18 19:00:00-05:00,2025-03-12,300.39,Canada
1326,842,hotel,,85,2026-12-13 19:00:00-05:00,2027-02-20,294.35,Germany
1327,125,flight,133,,2027-01-16 19:00:00-05:00,2027-02-19,206.98,Japan
1328,148,hotel,,40,2024-03-15 20:00:00-04:00,2024-04-20,1995.95,Japan
1329,644,hotel,,125,2025-05-07 20:00:00-04:00,2025-08-26,5311.80,Canada
1330,705,flight,1,,2024-08-16 20:00:00-04:00,2024-09-01,432.54,Italy
1331,157,flight,64,,2025-09-02 20:00:00-04:00,2025-09-22,656.81,Australia
1332,210,flight,130,,2026-07-06 20:00:00-04:00,2026-07-17,371.32,Japan
1333,455,hotel,,77,2025-07-08 20:00:00-04:00,2025-07-31,1686.09,Japan
1334,496,flight,140,,2024-06-24 20:00:00-04:00,2024-10-17,647.69,France
1335,267,hotel,,32,2025-01-27 19:00:00-05:00,2025-04-23,3472.56,Italy
1336,150,flight,191,,2025-12-11 19:00:00-05:00,2026-01-06,222.29,Australia
1337,674,flight,190,,2025-04-17 20:00:00-04:00,2025-06-29,326.11,Germany
1338,717,flight,75,,2025-03-22 20:00:00-04:00,2025-05-30,728.02,Italy
1339,297,flight,95,,2026-05-24 20:00:00-04:00,2026-08-03,437.28,Italy
1340,684,hotel,,28,2025-06-22 20:00:00-04:00,2025-08-18,4284.64,Mexico
1341,427,hotel,,73,2025-05-13 20:00:00-04:00,2025-05-24,1334.32,Japan
1342,124,hotel,,78,2024-08-10 20:00:00-04:00,2024-10-31,405.77,Germany
1343,661,hotel,,36,2025-10-27 20:00:00-04:00,2025-12-19,1400.40,Italy
1344,904,hotel,,41,2025-05-07 20:00:00-04:00,2025-05-16,2416.50,Canada
1345,513,flight,135,,2025-06-14 20:00:00-04:00,2025-09-20,811.73,Canada
1346,400,flight,39,,2026-01-30 19:00:00-05:00,2026-05-01,913.53,Italy
1347,361,hotel,,36,2024-10-17 20:00:00-04:00,2025-01-24,875.25,Italy
1348,804,hotel,,124,2026-06-15 20:00:00-04:00,2026-07-01,2538.76,Italy
1349,986,hotel,,47,2026-12-06 19:00:00-05:00,2027-03-08,861.50,United Arab Emirates
1350,726,hotel,,83,2024-06-01 20:00:00-04:00,2024-09-06,5526.40,Mexico
1351,979,hotel,,104,2026-06-02 20:00:00-04:00,2026-08-28,966.68,France
1352,47,flight,25,,2025-06-26 20:00:00-04:00,2025-08-02,300.39,Canada
1353,682,flight,122,,2024-11-28 19:00:00-05:00,2025-03-02,528.84,United Arab Emirates
1354,332,flight,45,,2025-07-14 20:00:00-04:00,2025-08-04,879.95,Italy
1355,746,hotel,,16,2025-05-14 20:00:00-04:00,2025-05-30,4500.40,Mexico
1356,257,flight,192,,2025-04-30 20:00:00-04:00,2025-08-24,167.39,Japan
1357,75,hotel,,8,2026-04-04 20:00:00-04:00,2026-06-28,1112.19,United Kingdom
1358,329,flight,97,,2026-08-25 20:00:00-04:00,2026-10-29,897.47,United Arab Emirates
1359,137,flight,126,,2026-05-22 20:00:00-04:00,2026-07-01,717.25,Germany
1360,449,hotel,,42,2025-03-30 20:00:00-04:00,2025-05-02,2346.54,Australia
1361,834,flight,7,,2026-03-01 19:00:00-05:00,2026-05-22,829.71,Australia
1362,645,flight,36,,2024-11-08 19:00:00-05:00,2024-11-20,776.19,Mexico
1363,915,flight,105,,2025-11-18 19:00:00-05:00,2026-03-05,1031.35,United Kingdom
1364,582,flight,175,,2026-04-07 20:00:00-04:00,2026-05-08,1171.31,United States
1365,748,hotel,,54,2025-07-18 20:00:00-04:00,2025-11-09,4981.30,Japan
1366,848,hotel,,92,2024-09-14 20:00:00-04:00,2024-11-06,2167.50,United States
1367,922,flight,110,,2025-12-12 19:00:00-05:00,2026-02-14,930.85,France
1368,641,hotel,,21,2026-03-25 20:00:00-04:00,2026-06-13,872.49,United States
1369,802,hotel,,128,2026-02-09 19:00:00-05:00,2026-03-04,1609.04,United Kingdom
1370,53,hotel,,75,2026-01-20 19:00:00-05:00,2026-02-25,468.55,Australia
1371,400,hotel,,41,2025-12-06 19:00:00-05:00,2026-04-04,2013.75,Canada
1372,77,flight,129,,2025-04-18 20:00:00-04:00,2025-07-13,325.76,Japan
1373,320,hotel,,140,2025-03-07 19:00:00-05:00,2025-03-22,923.68,Mexico
1374,597,hotel,,8,2025-05-18 20:00:00-04:00,2025-08-17,370.73,United Kingdom
1375,347,hotel,,86,2026-03-16 20:00:00-04:00,2026-04-18,80.05,Germany
1376,143,flight,188,,2026-04-12 20:00:00-04:00,2026-08-02,380.33,United Kingdom
1377,338,flight,19,,2025-12-20 19:00:00-05:00,2026-03-01,523.05,Italy
1378,825,flight,107,,2024-12-18 19:00:00-05:00,2025-01-04,1058.08,Australia
1379,613,flight,34,,2025-09-29 20:00:00-04:00,2025-12-07,552.73,Japan
1380,278,flight,128,,2025-10-02 20:00:00-04:00,2025-10-14,461.26,France
1381,520,flight,111,,2026-03-20 20:00:00-04:00,2026-05-11,1107.06,Italy
1382,490,hotel,,15,2026-04-29 20:00:00-04:00,2026-05-09,456.74,Japan
1383,793,flight,98,,2024-11-15 19:00:00-05:00,2025-02-08,370.20,Italy
1384,699,flight,14,,2025-01-21 19:00:00-05:00,2025-03-31,510.33,Italy
1385,397,hotel,,111,2027-02-22 19:00:00-05:00,2027-03-18,1482.04,Australia
1386,563,flight,31,,2026-02-09 19:00:00-05:00,2026-04-14,1147.57,United States
1387,919,hotel,,88,2024-12-26 19:00:00-05:00,2025-01-27,1650.60,Canada
1388,941,flight,24,,2024-06-03 20:00:00-04:00,2024-07-10,1191.97,United Kingdom
1389,603,flight,192,,2025-06-24 20:00:00-04:00,2025-08-23,167.39,Japan
1390,771,flight,185,,2024-04-20 20:00:00-04:00,2024-08-17,421.17,United Kingdom
1391,256,flight,33,,2024-05-20 20:00:00-04:00,2024-06-04,878.20,Italy
1392,450,flight,81,,2025-05-04 20:00:00-04:00,2025-05-17,1007.42,France
1393,359,flight,156,,2026-04-22 20:00:00-04:00,2026-05-16,635.99,Canada
1394,408,hotel,,20,2027-01-24 19:00:00-05:00,2027-02-16,1196.68,United Kingdom
1395,257,flight,189,,2025-12-20 19:00:00-05:00,2026-03-28,1011.48,Australia
1396,833,hotel,,78,2026-01-30 19:00:00-05:00,2026-04-04,2434.62,Germany
1397,799,hotel,,135,2025-02-21 19:00:00-05:00,2025-04-01,2110.60,France
1398,327,flight,106,,2024-06-26 20:00:00-04:00,2024-08-17,526.62,France
1399,723,hotel,,53,2026-01-24 19:00:00-05:00,2026-02-11,1767.66,Australia
1400,862,flight,142,,2025-07-28 20:00:00-04:00,2025-11-07,861.15,Germany
1401,216,flight,37,,2025-02-23 19:00:00-05:00,2025-06-03,1195.95,United Arab Emirates
1402,37,flight,167,,2025-07-13 20:00:00-04:00,2025-09-15,744.68,United Kingdom
1403,783,hotel,,128,2024-07-21 20:00:00-04:00,2024-07-31,402.26,United Kingdom
1404,277,hotel,,77,2025-02-13 19:00:00-05:00,2025-04-11,481.74,Japan
1405,62,hotel,,127,2026-09-05 20:00:00-04:00,2026-11-01,316.12,Australia
1406,884,hotel,,12,2025-01-08 19:00:00-05:00,2025-03-13,654.32,United Arab Emirates
1407,211,hotel,,111,2025-10-20 20:00:00-04:00,2026-01-20,1905.48,Australia
1408,54,hotel,,90,2025-03-07 19:00:00-05:00,2025-05-23,538.72,Italy
1409,932,hotel,,56,2026-06-15 20:00:00-04:00,2026-10-04,171.84,Canada
1410,350,hotel,,15,2024-10-15 20:00:00-04:00,2025-01-31,913.48,Japan
1411,567,hotel,,137,2025-03-24 20:00:00-04:00,2025-05-07,3367.92,France
1412,435,hotel,,120,2025-05-30 20:00:00-04:00,2025-07-25,803.96,United Kingdom
1413,136,flight,175,,2026-04-05 20:00:00-04:00,2026-07-24,1171.31,United States
1414,974,hotel,,139,2025-11-11 19:00:00-05:00,2025-12-20,2541.45,United States
1415,346,hotel,,71,2025-11-07 19:00:00-05:00,2026-02-01,1771.62,Australia
1416,276,hotel,,4,2025-10-04 20:00:00-04:00,2026-01-23,585.20,Italy
1417,315,hotel,,46,2024-10-09 20:00:00-04:00,2025-02-02,3544.72,Canada
1418,474,flight,120,,2025-11-15 19:00:00-05:00,2025-11-24,317.34,Mexico
1419,38,hotel,,143,2026-03-07 19:00:00-05:00,2026-06-04,1505.64,Italy
1420,419,flight,71,,2026-12-27 19:00:00-05:00,2027-01-14,306.09,United States
1421,919,hotel,,47,2024-07-31 20:00:00-04:00,2024-10-03,430.75,United Arab Emirates
1422,785,hotel,,127,2026-07-07 20:00:00-04:00,2026-11-03,948.36,Australia
1423,233,flight,159,,2024-03-16 20:00:00-04:00,2024-07-13,920.22,Germany
1424,672,flight,168,,2026-04-11 20:00:00-04:00,2026-05-03,1136.13,Canada
1425,40,flight,113,,2025-10-25 20:00:00-04:00,2026-01-05,621.26,Germany
1426,594,hotel,,59,2025-05-17 20:00:00-04:00,2025-08-03,503.19,France
1427,975,hotel,,91,2024-10-10 20:00:00-04:00,2024-10-20,1484.10,United States
1428,736,flight,90,,2026-04-19 20:00:00-04:00,2026-05-27,841.38,Canada
1429,112,flight,29,,2026-02-20 19:00:00-05:00,2026-04-25,795.20,United Kingdom
1430,524,flight,84,,2026-02-28 19:00:00-05:00,2026-04-03,1021.38,United States
1431,585,hotel,,19,2024-12-19 19:00:00-05:00,2025-02-18,1869.42,United Kingdom
1432,897,hotel,,84,2024-08-12 20:00:00-04:00,2024-08-23,4984.50,Australia
1433,808,hotel,,96,2025-04-21 20:00:00-04:00,2025-06-20,3554.00,Canada
1434,966,hotel,,42,2026-04-26 20:00:00-04:00,2026-05-07,2011.32,Australia
1435,46,hotel,,7,2026-02-01 19:00:00-05:00,2026-04-25,589.76,United States
1436,624,flight,184,,2026-07-20 20:00:00-04:00,2026-10-01,191.15,Mexico
1437,800,hotel,,150,2024-10-05 20:00:00-04:00,2024-11-30,267.20,United States
1438,673,flight,167,,2024-10-03 20:00:00-04:00,2025-01-16,744.68,United Kingdom
1439,81,flight,129,,2025-09-23 20:00:00-04:00,2025-12-12,325.76,Japan
1440,589,hotel,,32,2026-01-20 19:00:00-05:00,2026-05-01,4464.72,Italy
1441,818,flight,169,,2026-09-10 20:00:00-04:00,2026-11-17,216.00,Italy
1442,538,hotel,,50,2025-11-13 19:00:00-05:00,2025-12-25,1756.40,United Arab Emirates
1443,301,flight,197,,2025-02-11 19:00:00-05:00,2025-03-22,1068.57,United States
1444,371,flight,192,,2026-05-14 20:00:00-04:00,2026-07-01,167.39,Japan
1445,996,flight,114,,2026-08-19 20:00:00-04:00,2026-09-26,275.32,Mexico
1446,751,hotel,,91,2025-06-28 20:00:00-04:00,2025-07-16,1484.10,United States
1447,518,flight,124,,2024-12-13 19:00:00-05:00,2025-03-14,852.39,Japan
1448,620,flight,108,,2024-09-01 20:00:00-04:00,2024-12-18,973.52,Mexico
1449,236,flight,199,,2026-04-16 20:00:00-04:00,2026-05-25,252.60,Australia
1450,932,hotel,,36,2027-01-12 19:00:00-05:00,2027-04-04,1750.50,Italy
1451,267,hotel,,31,2024-08-18 20:00:00-04:00,2024-10-05,428.14,Canada
1452,419,hotel,,148,2026-11-19 19:00:00-05:00,2026-12-15,4154.56,Australia
1453,648,flight,117,,2025-09-08 20:00:00-04:00,2026-01-06,776.72,United Arab Emirates
1454,16,flight,68,,2025-03-09 20:00:00-04:00,2025-05-09,889.80,France
1455,784,hotel,,9,2025-05-27 20:00:00-04:00,2025-06-20,2662.66,Germany
1456,25,flight,132,,2024-10-15 20:00:00-04:00,2024-11-08,174.94,United Kingdom
1457,888,hotel,,33,2025-09-17 20:00:00-04:00,2025-11-09,3111.01,United States
1458,714,flight,31,,2026-10-08 20:00:00-04:00,2026-11-22,1147.57,United States
1459,345,hotel,,28,2026-01-10 19:00:00-05:00,2026-04-05,535.58,Mexico
1460,76,hotel,,116,2026-03-17 20:00:00-04:00,2026-05-16,3065.79,Australia
1461,297,hotel,,47,2026-07-20 20:00:00-04:00,2026-08-14,861.50,United Arab Emirates
1462,939,flight,152,,2025-03-11 20:00:00-04:00,2025-03-19,623.18,Canada
1463,608,hotel,,117,2025-02-18 19:00:00-05:00,2025-05-20,1465.38,United States
1464,329,hotel,,72,2025-12-01 19:00:00-05:00,2026-02-12,916.88,France
1465,238,hotel,,13,2026-06-15 20:00:00-04:00,2026-08-05,3252.70,Japan
1466,531,hotel,,99,2025-07-02 20:00:00-04:00,2025-08-20,870.12,Germany
1467,776,flight,189,,2024-10-10 20:00:00-04:00,2024-10-23,1011.48,Australia
1468,904,flight,72,,2025-07-25 20:00:00-04:00,2025-10-07,825.57,France
1469,589,hotel,,73,2025-06-09 20:00:00-04:00,2025-07-31,500.37,Japan
1470,122,hotel,,113,2024-12-20 19:00:00-05:00,2025-02-28,1636.44,Japan
1471,907,flight,156,,2025-09-21 20:00:00-04:00,2025-11-01,635.99,Canada
1472,772,flight,72,,2024-05-30 20:00:00-04:00,2024-08-31,825.57,France
1473,145,flight,131,,2025-06-12 20:00:00-04:00,2025-08-29,365.86,Japan
1474,773,flight,11,,2024-04-12 20:00:00-04:00,2024-07-05,843.56,United States
1475,983,flight,7,,2024-10-04 20:00:00-04:00,2024-12-13,829.71,Australia
1476,379,flight,110,,2025-02-09 19:00:00-05:00,2025-05-01,930.85,France
1477,750,hotel,,117,2025-10-24 20:00:00-04:00,2025-11-17,1046.70,United States
1478,941,flight,31,,2025-01-29 19:00:00-05:00,2025-05-25,1147.57,United States
1479,456,hotel,,23,2024-10-15 20:00:00-04:00,2024-11-25,1372.77,Japan
1480,286,flight,21,,2025-04-27 20:00:00-04:00,2025-08-15,206.36,Canada
1481,763,flight,41,,2026-01-08 19:00:00-05:00,2026-02-26,1070.37,United States
1482,520,hotel,,132,2025-09-10 20:00:00-04:00,2025-11-15,704.12,Japan
1483,724,hotel,,26,2025-06-20 20:00:00-04:00,2025-08-22,3089.16,United Kingdom
1484,326,flight,161,,2026-01-08 19:00:00-05:00,2026-04-10,575.39,Australia
1485,37,flight,151,,2024-11-23 19:00:00-05:00,2024-12-18,449.39,Japan
1486,386,flight,68,,2026-05-12 20:00:00-04:00,2026-06-14,889.80,France
1487,482,flight,48,,2025-12-03 19:00:00-05:00,2026-03-25,446.84,Japan
1488,752,hotel,,51,2026-04-12 20:00:00-04:00,2026-05-06,888.74,Italy
1489,974,flight,18,,2025-09-30 20:00:00-04:00,2025-12-02,1144.27,United Kingdom
1490,503,flight,10,,2027-01-04 19:00:00-05:00,2027-02-03,953.75,Mexico
1491,429,hotel,,150,2024-12-07 19:00:00-05:00,2025-02-01,1068.80,United States
1492,654,hotel,,47,2025-05-12 20:00:00-04:00,2025-07-26,430.75,United Arab Emirates
1493,861,flight,125,,2026-07-15 20:00:00-04:00,2026-10-16,1156.84,Italy
1494,502,hotel,,140,2025-04-22 20:00:00-04:00,2025-06-14,3694.72,Mexico
1495,303,flight,194,,2026-05-05 20:00:00-04:00,2026-05-27,1096.69,Canada
1496,783,hotel,,84,2024-12-24 19:00:00-05:00,2025-02-27,1993.80,Australia
1497,679,hotel,,119,2024-05-14 20:00:00-04:00,2024-06-13,2491.08,France
1498,677,flight,102,,2024-09-30 20:00:00-04:00,2025-01-05,1071.35,Germany
1499,722,flight,126,,2025-02-07 19:00:00-05:00,2025-06-02,717.25,Germany
1500,616,hotel,,8,2026-04-04 20:00:00-04:00,2026-05-12,1853.65,United Kingdom
1501,275,flight,144,,2025-05-29 20:00:00-04:00,2025-06-13,714.01,United States
1502,791,hotel,,82,2025-04-22 20:00:00-04:00,2025-07-25,2856.98,Australia
1503,401,hotel,,67,2026-06-14 20:00:00-04:00,2026-08-12,521.43,United States
1504,275,hotel,,12,2025-02-21 19:00:00-05:00,2025-04-13,817.90,United Arab Emirates
1505,459,hotel,,43,2026-05-23 20:00:00-04:00,2026-08-12,4230.81,United States
1506,212,flight,85,,2026-02-13 19:00:00-05:00,2026-05-10,887.20,United States
1507,133,flight,98,,2024-08-21 20:00:00-04:00,2024-12-09,370.20,Italy
1508,93,hotel,,142,2026-01-13 19:00:00-05:00,2026-04-29,712.92,Japan
1509,671,flight,93,,2025-11-10 19:00:00-05:00,2025-12-14,332.33,Australia
1510,549,flight,138,,2026-04-12 20:00:00-04:00,2026-08-05,1124.45,United States
1511,406,flight,42,,2025-08-03 20:00:00-04:00,2025-11-21,773.62,France
1512,933,hotel,,56,2025-05-10 20:00:00-04:00,2025-07-09,1546.56,Canada
1513,751,flight,6,,2024-12-31 19:00:00-05:00,2025-01-12,763.71,United States
1514,774,flight,125,,2025-05-12 20:00:00-04:00,2025-07-09,1156.84,Italy
1515,44,flight,7,,2026-02-03 19:00:00-05:00,2026-03-21,829.71,Australia
1516,236,flight,192,,2025-08-01 20:00:00-04:00,2025-09-12,167.39,Japan
1517,127,hotel,,34,2027-01-08 19:00:00-05:00,2027-03-08,641.80,Italy
1518,883,flight,130,,2024-03-29 20:00:00-04:00,2024-04-15,371.32,Japan
1519,740,hotel,,139,2026-02-06 19:00:00-05:00,2026-02-15,5082.90,United States
1520,942,flight,151,,2024-06-03 20:00:00-04:00,2024-09-13,449.39,Japan
1521,812,hotel,,80,2024-11-12 19:00:00-05:00,2025-03-06,1937.64,United Arab Emirates
1522,436,flight,118,,2024-10-04 20:00:00-04:00,2024-11-16,979.40,Canada
1523,208,flight,148,,2025-03-22 20:00:00-04:00,2025-06-21,634.33,Australia
1524,483,hotel,,24,2025-04-20 20:00:00-04:00,2025-06-21,790.68,United States
1525,991,hotel,,124,2026-04-02 20:00:00-04:00,2026-05-15,1813.40,Italy
1526,930,flight,128,,2026-03-21 20:00:00-04:00,2026-03-31,461.26,France
1527,746,hotel,,140,2025-04-19 20:00:00-04:00,2025-08-02,923.68,Mexico
1528,464,flight,102,,2025-01-10 19:00:00-05:00,2025-01-21,1071.35,Germany
1529,790,flight,123,,2026-01-03 19:00:00-05:00,2026-02-27,648.60,Mexico
1530,577,flight,86,,2025-04-10 20:00:00-04:00,2025-05-27,262.31,United States
1531,148,flight,44,,2024-02-23 19:00:00-05:00,2024-05-12,279.77,United States
1532,213,hotel,,22,2025-08-20 20:00:00-04:00,2025-09-28,1389.60,Mexico
1533,413,hotel,,146,2025-03-08 19:00:00-05:00,2025-06-16,1369.76,United Kingdom
1534,61,hotel,,80,2024-07-24 20:00:00-04:00,2024-09-22,1937.64,United Arab Emirates
1535,855,flight,177,,2024-03-05 19:00:00-05:00,2024-04-23,676.93,France
1536,579,hotel,,54,2025-10-26 20:00:00-04:00,2025-12-07,4483.17,Japan
1537,814,hotel,,81,2025-02-25 19:00:00-05:00,2025-05-07,601.04,Australia
1538,330,hotel,,132,2026-09-07 20:00:00-04:00,2026-11-15,3168.54,Japan
1539,880,flight,180,,2026-01-24 19:00:00-05:00,2026-03-27,585.34,Italy
1540,80,hotel,,4,2025-10-02 20:00:00-04:00,2026-01-14,877.80,Italy
1541,533,flight,113,,2025-05-10 20:00:00-04:00,2025-06-12,621.26,Germany
1542,891,flight,109,,2025-11-10 19:00:00-05:00,2026-03-11,556.93,United States
1543,508,flight,135,,2025-09-20 20:00:00-04:00,2026-01-08,811.73,Canada
1544,499,flight,103,,2024-12-25 19:00:00-05:00,2025-02-24,261.79,Mexico
1545,10,hotel,,76,2024-04-13 20:00:00-04:00,2024-06-15,670.20,Mexico
1546,536,hotel,,96,2026-07-29 20:00:00-04:00,2026-11-27,4442.50,Canada
1547,666,flight,134,,2024-12-30 19:00:00-05:00,2025-02-13,1012.70,Australia
1548,702,flight,96,,2026-06-04 20:00:00-04:00,2026-09-11,782.65,United States
1549,532,hotel,,54,2025-09-06 20:00:00-04:00,2025-11-12,2988.78,Japan
1550,950,flight,184,,2025-10-30 20:00:00-04:00,2026-01-13,191.15,Mexico
1551,850,hotel,,107,2024-07-06 20:00:00-04:00,2024-08-23,625.56,United States
1552,154,hotel,,80,2025-03-12 20:00:00-04:00,2025-03-20,1291.76,United Arab Emirates
1553,205,flight,85,,2025-01-30 19:00:00-05:00,2025-04-06,887.20,United States
1554,97,flight,153,,2024-12-24 19:00:00-05:00,2025-03-01,310.01,Australia
1555,161,flight,144,,2026-04-25 20:00:00-04:00,2026-07-23,714.01,United States
1556,905,flight,4,,2024-12-25 19:00:00-05:00,2025-03-23,595.00,Germany
1557,951,flight,110,,2025-05-23 20:00:00-04:00,2025-07-06,930.85,France
1558,599,hotel,,104,2024-12-06 19:00:00-05:00,2025-03-03,2416.70,France
1559,575,flight,40,,2025-09-11 20:00:00-04:00,2025-12-03,679.87,Australia
1560,106,flight,68,,2025-07-04 20:00:00-04:00,2025-08-03,889.80,France
1561,578,flight,134,,2024-06-27 20:00:00-04:00,2024-10-15,1012.70,Australia
1562,602,hotel,,71,2025-09-16 20:00:00-04:00,2025-12-06,2952.70,Australia
1563,685,hotel,,1,2026-03-22 20:00:00-04:00,2026-04-20,1564.44,Japan
1564,222,flight,37,,2026-07-20 20:00:00-04:00,2026-08-15,1195.95,United Arab Emirates
1565,169,hotel,,20,2025-08-28 20:00:00-04:00,2025-10-16,598.34,United Kingdom
1566,141,hotel,,121,2025-04-05 20:00:00-04:00,2025-07-07,546.60,Canada
1567,310,flight,101,,2026-02-15 19:00:00-05:00,2026-05-05,749.17,Australia
1568,387,hotel,,91,2025-02-02 19:00:00-05:00,2025-04-11,824.50,United States
1569,859,hotel,,55,2026-01-15 19:00:00-05:00,2026-02-02,467.52,United States
1570,969,hotel,,112,2026-11-28 19:00:00-05:00,2026-12-24,4873.59,Italy
1571,453,hotel,,65,2026-04-02 20:00:00-04:00,2026-07-19,556.32,Canada
1572,572,hotel,,46,2026-05-29 20:00:00-04:00,2026-07-20,443.09,Canada
1573,887,hotel,,89,2026-11-02 19:00:00-05:00,2027-02-16,3460.24,Germany
1574,219,flight,46,,2026-06-18 20:00:00-04:00,2026-08-12,845.61,Japan
1575,956,flight,93,,2025-01-05 19:00:00-05:00,2025-03-10,332.33,Australia
1576,539,flight,80,,2024-11-03 19:00:00-05:00,2025-01-25,740.45,Mexico
1577,337,flight,129,,2024-10-12 20:00:00-04:00,2024-11-21,325.76,Japan
1578,944,flight,9,,2025-02-08 19:00:00-05:00,2025-03-22,424.20,Germany
1579,663,hotel,,102,2025-01-23 19:00:00-05:00,2025-04-02,321.12,Canada
1580,713,hotel,,15,2025-06-30 20:00:00-04:00,2025-09-26,4567.40,Japan
1581,844,flight,162,,2026-04-10 20:00:00-04:00,2026-07-04,423.65,Australia
1582,466,hotel,,140,2025-03-22 20:00:00-04:00,2025-05-29,923.68,Mexico
1583,40,hotel,,40,2024-11-23 19:00:00-05:00,2025-02-17,1197.57,Japan
1584,892,flight,31,,2025-01-15 19:00:00-05:00,2025-03-17,1147.57,United States
1585,58,hotel,,16,2025-11-03 19:00:00-05:00,2026-02-09,2700.24,Mexico
1586,100,hotel,,5,2024-10-06 20:00:00-04:00,2025-01-05,2512.92,United Kingdom
1587,858,hotel,,94,2026-07-28 20:00:00-04:00,2026-08-26,4714.29,United States
1588,15,hotel,,16,2025-08-24 20:00:00-04:00,2025-12-17,900.08,Mexico
1589,198,flight,45,,2025-12-02 19:00:00-05:00,2025-12-20,879.95,Italy
1590,455,flight,51,,2025-10-29 20:00:00-04:00,2026-01-22,872.61,Italy
1591,706,hotel,,1,2025-08-05 20:00:00-04:00,2025-11-02,1955.55,Japan
1592,281,hotel,,120,2024-12-18 19:00:00-05:00,2025-02-07,2009.90,United Kingdom
1593,857,flight,23,,2026-01-25 19:00:00-05:00,2026-04-02,463.27,Mexico
1594,120,flight,23,,2025-04-25 20:00:00-04:00,2025-08-04,463.27,Mexico
1595,191,hotel,,6,2025-02-28 19:00:00-05:00,2025-05-27,1120.89,Germany
1596,808,flight,96,,2025-02-20 19:00:00-05:00,2025-05-20,782.65,United States
1597,472,flight,175,,2026-07-11 20:00:00-04:00,2026-08-27,1171.31,United States
1598,658,flight,14,,2025-07-20 20:00:00-04:00,2025-09-05,510.33,Italy
1599,389,hotel,,36,2025-04-28 20:00:00-04:00,2025-06-10,1750.50,Italy
1600,324,hotel,,49,2024-05-25 20:00:00-04:00,2024-09-16,1016.55,United Kingdom
1601,905,flight,67,,2024-09-30 20:00:00-04:00,2024-11-14,198.27,Canada
1602,715,hotel,,126,2025-04-12 20:00:00-04:00,2025-05-01,1882.08,Japan
1603,593,hotel,,134,2026-03-08 20:00:00-04:00,2026-06-22,2659.12,Italy
1604,850,flight,150,,2024-07-19 20:00:00-04:00,2024-11-10,1149.12,Canada
1605,395,flight,54,,2025-12-24 19:00:00-05:00,2026-03-14,1100.02,Japan
1606,720,hotel,,74,2026-06-04 20:00:00-04:00,2026-09-02,2268.52,Japan
1607,351,hotel,,54,2024-03-17 20:00:00-04:00,2024-05-29,2490.65,Japan
1608,224,hotel,,30,2025-12-23 19:00:00-05:00,2026-01-04,3909.87,United Arab Emirates
1609,675,flight,120,,2024-09-08 20:00:00-04:00,2024-10-03,317.34,Mexico
1610,601,hotel,,97,2026-02-25 19:00:00-05:00,2026-05-16,900.90,Italy
1611,923,flight,27,,2025-04-18 20:00:00-04:00,2025-07-24,624.66,France
1612,645,hotel,,108,2024-07-31 20:00:00-04:00,2024-08-28,3698.96,Italy
1613,343,hotel,,48,2025-07-13 20:00:00-04:00,2025-08-02,1495.38,United States
1614,314,flight,48,,2026-04-28 20:00:00-04:00,2026-07-14,446.84,Japan
1615,771,flight,158,,2024-11-23 19:00:00-05:00,2025-03-14,1033.88,Japan
1616,468,hotel,,63,2024-09-18 20:00:00-04:00,2024-11-25,2946.35,Italy
1617,741,hotel,,124,2025-04-14 20:00:00-04:00,2025-06-04,2538.76,Italy
1618,308,flight,130,,2025-06-09 20:00:00-04:00,2025-09-22,371.32,Japan
1619,111,hotel,,69,2025-07-24 20:00:00-04:00,2025-11-08,4494.30,United Arab Emirates
1620,411,flight,43,,2025-09-13 20:00:00-04:00,2025-11-25,200.65,France
1621,945,hotel,,135,2026-03-09 20:00:00-04:00,2026-06-14,1688.48,France
1622,975,flight,86,,2024-08-06 20:00:00-04:00,2024-11-06,262.31,United States
1623,808,flight,197,,2024-12-17 19:00:00-05:00,2025-02-02,1068.57,United States
1624,145,hotel,,43,2025-10-19 20:00:00-04:00,2025-12-16,3760.72,United States
1625,1,flight,45,,2024-12-17 19:00:00-05:00,2025-04-17,879.95,Italy
1626,309,hotel,,61,2025-05-20 20:00:00-04:00,2025-06-20,1485.52,United States
1627,448,flight,176,,2026-02-06 19:00:00-05:00,2026-03-05,1008.10,United States
1628,569,hotel,,41,2025-05-03 20:00:00-04:00,2025-07-11,2416.50,Canada
1629,103,hotel,,101,2025-01-25 19:00:00-05:00,2025-04-30,1031.16,Canada
1630,935,hotel,,119,2025-07-09 20:00:00-04:00,2025-09-03,1660.72,France
1631,782,flight,82,,2025-06-10 20:00:00-04:00,2025-07-04,902.49,Canada
1632,782,flight,84,,2025-06-16 20:00:00-04:00,2025-09-30,1021.38,United States
1633,920,hotel,,109,2026-08-02 20:00:00-04:00,2026-11-11,3258.70,Mexico
1634,404,flight,172,,2025-05-27 20:00:00-04:00,2025-08-05,888.92,Japan
1635,759,flight,156,,2024-09-12 20:00:00-04:00,2025-01-11,635.99,Canada
1636,183,flight,88,,2025-01-17 19:00:00-05:00,2025-03-12,902.63,Italy
1637,514,flight,193,,2026-04-18 20:00:00-04:00,2026-07-11,1017.84,United States
1638,408,flight,36,,2027-01-18 19:00:00-05:00,2027-02-24,776.19,Mexico
1639,512,flight,78,,2024-06-17 20:00:00-04:00,2024-07-22,573.61,Japan
1640,446,flight,168,,2025-07-08 20:00:00-04:00,2025-09-03,1136.13,Canada
1641,185,hotel,,80,2026-01-07 19:00:00-05:00,2026-02-20,2260.58,United Arab Emirates
1642,692,hotel,,108,2024-11-14 19:00:00-05:00,2024-12-25,1387.11,Italy
1643,168,hotel,,28,2026-01-02 19:00:00-05:00,2026-03-17,4284.64,Mexico
1644,826,flight,188,,2024-09-02 20:00:00-04:00,2024-12-06,380.33,United Kingdom
1645,104,hotel,,82,2024-08-20 20:00:00-04:00,2024-09-17,1224.42,Australia
1646,589,hotel,,3,2026-04-06 20:00:00-04:00,2026-06-11,2802.24,Australia
1647,670,hotel,,14,2025-05-03 20:00:00-04:00,2025-08-17,1084.05,Japan
1648,436,hotel,,116,2025-03-23 20:00:00-04:00,2025-04-14,3941.73,Australia
1649,382,hotel,,137,2027-02-15 19:00:00-05:00,2027-04-06,2525.94,France
1650,115,flight,195,,2026-09-02 20:00:00-04:00,2026-11-17,940.00,Mexico
1651,393,flight,87,,2025-03-02 19:00:00-05:00,2025-03-10,1126.73,Japan
1652,971,hotel,,117,2026-04-24 20:00:00-04:00,2026-07-06,1465.38,United States
1653,50,hotel,,32,2026-02-28 19:00:00-05:00,2026-03-13,3968.64,Italy
1654,472,hotel,,95,2026-04-01 20:00:00-04:00,2026-07-31,686.95,United Kingdom
1655,436,hotel,,7,2025-04-13 20:00:00-04:00,2025-05-28,2653.92,United States
1656,274,flight,107,,2024-08-12 20:00:00-04:00,2024-10-04,1058.08,Australia
1657,18,hotel,,10,2026-04-08 20:00:00-04:00,2026-05-24,4688.60,United Kingdom
1658,115,hotel,,102,2026-02-15 19:00:00-05:00,2026-05-02,1284.48,Canada
1659,180,flight,33,,2025-08-27 20:00:00-04:00,2025-09-16,878.20,Italy
1660,745,flight,111,,2025-12-22 19:00:00-05:00,2026-03-03,1107.06,Italy
1661,915,hotel,,63,2025-11-10 19:00:00-05:00,2026-01-15,5303.43,Italy
1662,583,hotel,,84,2024-04-17 20:00:00-04:00,2024-05-04,2990.70,Australia
1663,40,flight,164,,2025-09-16 20:00:00-04:00,2025-12-25,637.94,United Kingdom
1664,832,flight,186,,2024-12-19 19:00:00-05:00,2025-03-02,819.50,Australia
1665,81,hotel,,78,2026-04-23 20:00:00-04:00,2026-08-04,2840.39,Germany
1666,411,flight,66,,2025-09-24 20:00:00-04:00,2026-01-05,657.23,United Kingdom
1667,739,flight,50,,2026-06-02 20:00:00-04:00,2026-06-24,460.12,United States
1668,585,hotel,,132,2024-06-09 20:00:00-04:00,2024-09-03,3168.54,Japan
1669,875,flight,13,,2025-03-06 19:00:00-05:00,2025-06-24,923.57,United States
1670,384,hotel,,112,2025-07-13 20:00:00-04:00,2025-10-26,2707.55,Italy
1671,765,flight,172,,2024-06-20 20:00:00-04:00,2024-08-31,888.92,Japan
1672,47,hotel,,73,2025-07-07 20:00:00-04:00,2025-10-09,833.95,Japan
1673,6,hotel,,107,2025-12-09 19:00:00-05:00,2025-12-19,625.56,United States
1674,282,hotel,,82,2025-04-04 20:00:00-04:00,2025-06-27,816.28,Australia
1675,227,flight,84,,2024-04-11 20:00:00-04:00,2024-07-18,1021.38,United States
1676,227,flight,187,,2025-02-09 19:00:00-05:00,2025-03-25,786.85,Canada
1677,730,hotel,,85,2025-06-11 20:00:00-04:00,2025-08-11,2649.15,Germany
1678,399,hotel,,88,2026-05-05 20:00:00-04:00,2026-05-14,1414.80,Canada
1679,328,hotel,,119,2026-05-24 20:00:00-04:00,2026-06-20,3321.44,France
1680,216,flight,66,,2025-07-27 20:00:00-04:00,2025-09-22,657.23,United Kingdom
1681,413,flight,147,,2025-05-18 20:00:00-04:00,2025-09-12,854.53,United Kingdom
1682,991,flight,144,,2026-05-08 20:00:00-04:00,2026-07-17,714.01,United States
1683,354,flight,136,,2025-11-17 19:00:00-05:00,2026-02-28,856.96,United States
1684,379,hotel,,81,2025-02-14 19:00:00-05:00,2025-05-29,1202.08,Australia
1685,691,hotel,,150,2025-09-05 20:00:00-04:00,2025-10-02,801.60,United States
1686,640,hotel,,107,2026-09-04 20:00:00-04:00,2026-11-06,208.52,United States
1687,770,hotel,,126,2026-01-04 19:00:00-05:00,2026-04-17,1254.72,Japan
1688,385,flight,32,,2025-05-17 20:00:00-04:00,2025-08-10,168.81,Italy
1689,100,hotel,,29,2024-10-18 20:00:00-04:00,2024-11-22,3728.50,Canada
1690,297,flight,200,,2025-10-16 20:00:00-04:00,2026-01-30,1105.59,Italy
1691,753,hotel,,91,2026-08-26 20:00:00-04:00,2026-10-25,659.60,United States
1692,429,hotel,,93,2024-07-09 20:00:00-04:00,2024-10-23,456.06,Italy
1693,681,hotel,,137,2025-04-13 20:00:00-04:00,2025-06-28,2946.93,France
1694,231,hotel,,119,2025-07-28 20:00:00-04:00,2025-11-09,2075.90,France
1695,846,hotel,,46,2024-09-06 20:00:00-04:00,2025-01-03,3101.63,Canada
1696,296,flight,86,,2025-01-16 19:00:00-05:00,2025-05-10,262.31,United States
1697,782,hotel,,26,2025-10-25 20:00:00-04:00,2025-11-24,2402.68,United Kingdom
1698,595,hotel,,49,2026-09-20 20:00:00-04:00,2026-11-19,203.31,United Kingdom
1699,634,flight,159,,2024-10-26 20:00:00-04:00,2025-01-20,920.22,Germany
1700,516,flight,188,,2025-03-25 20:00:00-04:00,2025-06-14,380.33,United Kingdom
1701,419,flight,64,,2026-08-19 20:00:00-04:00,2026-11-13,656.81,Australia
1702,171,hotel,,95,2025-12-05 19:00:00-05:00,2025-12-24,137.39,United Kingdom
1703,761,hotel,,50,2026-02-16 19:00:00-05:00,2026-04-30,526.92,United Arab Emirates
1704,469,hotel,,121,2025-05-08 20:00:00-04:00,2025-06-07,364.40,Canada
1705,331,flight,8,,2024-09-23 20:00:00-04:00,2024-10-09,655.83,Japan
1706,212,hotel,,114,2025-11-26 19:00:00-05:00,2026-01-04,1972.32,France
1707,816,flight,165,,2025-05-03 20:00:00-04:00,2025-07-14,677.28,United States
1708,114,hotel,,119,2024-03-22 20:00:00-04:00,2024-04-30,830.36,France
1709,8,flight,105,,2025-07-22 20:00:00-04:00,2025-10-24,1031.35,United Kingdom
1710,888,hotel,,107,2025-08-29 20:00:00-04:00,2025-09-15,1042.60,United States
1711,905,flight,137,,2025-05-08 20:00:00-04:00,2025-08-06,943.76,Japan
1712,732,flight,186,,2025-11-28 19:00:00-05:00,2026-02-05,819.50,Australia
1713,62,hotel,,11,2026-05-19 20:00:00-04:00,2026-09-10,1149.12,United Kingdom
1714,410,hotel,,32,2024-11-17 19:00:00-05:00,2025-03-05,992.16,Italy
1715,150,hotel,,29,2026-07-01 20:00:00-04:00,2026-10-13,1118.55,Canada
1716,376,hotel,,37,2026-05-28 20:00:00-04:00,2026-07-18,808.52,Canada
1717,815,hotel,,25,2025-04-10 20:00:00-04:00,2025-05-21,2273.70,Canada
1718,658,flight,126,,2026-01-03 19:00:00-05:00,2026-04-11,717.25,Germany
1719,771,flight,76,,2024-08-24 20:00:00-04:00,2024-10-14,632.05,Japan
1720,706,hotel,,116,2025-10-25 20:00:00-04:00,2026-02-10,2189.85,Australia
1721,582,hotel,,36,2026-08-15 20:00:00-04:00,2026-08-27,525.15,Italy
1722,535,hotel,,95,2024-06-13 20:00:00-04:00,2024-07-19,1373.90,United Kingdom
1723,372,hotel,,41,2024-09-03 20:00:00-04:00,2024-12-11,4027.50,Canada
1724,650,hotel,,113,2025-09-13 20:00:00-04:00,2025-12-21,2045.55,Japan
1725,159,flight,75,,2026-04-21 20:00:00-04:00,2026-07-15,728.02,Italy
1726,880,hotel,,59,2026-04-12 20:00:00-04:00,2026-07-10,503.19,France
1727,872,flight,38,,2026-01-12 19:00:00-05:00,2026-02-27,1145.49,United Kingdom
1728,599,flight,185,,2024-10-11 20:00:00-04:00,2024-12-04,421.17,United Kingdom
1729,521,hotel,,44,2024-12-01 19:00:00-05:00,2025-02-26,1972.38,France
1730,660,flight,129,,2025-01-10 19:00:00-05:00,2025-05-07,325.76,Japan
1731,322,hotel,,125,2025-12-08 19:00:00-05:00,2026-04-05,1593.54,Canada
1732,892,hotel,,98,2025-03-03 19:00:00-05:00,2025-05-11,176.69,Australia
1733,685,flight,80,,2026-05-29 20:00:00-04:00,2026-07-04,740.45,Mexico
1734,212,flight,156,,2025-06-20 20:00:00-04:00,2025-08-02,635.99,Canada
1735,797,flight,92,,2026-09-23 20:00:00-04:00,2026-10-26,657.08,Australia
1736,511,hotel,,4,2026-02-24 19:00:00-05:00,2026-05-24,2633.40,Italy
1737,920,flight,171,,2025-12-03 19:00:00-05:00,2026-01-26,1075.63,Canada
1738,34,hotel,,85,2026-02-22 19:00:00-05:00,2026-03-14,2649.15,Germany
1739,69,hotel,,138,2024-12-07 19:00:00-05:00,2025-02-21,535.36,Canada
1740,994,flight,134,,2025-08-27 20:00:00-04:00,2025-11-15,1012.70,Australia
1741,254,flight,190,,2026-03-08 20:00:00-04:00,2026-06-26,326.11,Germany
1742,188,flight,184,,2025-08-22 20:00:00-04:00,2025-11-26,191.15,Mexico
1743,468,flight,69,,2024-03-18 20:00:00-04:00,2024-06-11,385.18,Australia
1744,566,hotel,,49,2024-05-27 20:00:00-04:00,2024-09-07,406.62,United Kingdom
1745,928,flight,16,,2025-07-21 20:00:00-04:00,2025-09-05,1032.67,United Kingdom
1746,213,flight,195,,2025-02-22 19:00:00-05:00,2025-05-15,940.00,Mexico
1747,596,hotel,,138,2024-11-15 19:00:00-05:00,2024-12-05,267.68,Canada
1748,327,flight,30,,2024-09-07 20:00:00-04:00,2024-11-15,552.48,Canada
1749,453,flight,26,,2025-12-11 19:00:00-05:00,2026-01-13,499.26,Canada
1750,556,flight,77,,2026-10-23 20:00:00-04:00,2027-01-01,619.42,Canada
1751,583,flight,29,,2025-01-19 19:00:00-05:00,2025-03-23,795.20,United Kingdom
1752,738,hotel,,117,2025-01-08 19:00:00-05:00,2025-02-09,209.34,United States
1753,258,hotel,,127,2026-09-03 20:00:00-04:00,2026-10-15,948.36,Australia
1754,337,hotel,,77,2024-12-26 19:00:00-05:00,2025-02-08,1204.35,Japan
1755,889,flight,174,,2026-04-13 20:00:00-04:00,2026-05-26,533.56,United States
1756,575,hotel,,29,2026-06-19 20:00:00-04:00,2026-08-22,1118.55,Canada
1757,500,flight,121,,2025-12-27 19:00:00-05:00,2026-03-10,516.87,Japan
1758,508,flight,195,,2025-02-03 19:00:00-05:00,2025-02-19,940.00,Mexico
1759,443,hotel,,114,2025-08-08 20:00:00-04:00,2025-12-04,2958.48,France
1760,654,flight,28,,2024-12-15 19:00:00-05:00,2025-04-01,952.71,Australia
1761,782,flight,129,,2025-03-13 20:00:00-04:00,2025-04-29,325.76,Japan
1762,313,hotel,,27,2025-05-23 20:00:00-04:00,2025-07-30,1283.90,Mexico
1763,950,flight,40,,2026-05-26 20:00:00-04:00,2026-08-28,679.87,Australia
1764,332,flight,102,,2025-06-21 20:00:00-04:00,2025-10-05,1071.35,Germany
1765,805,flight,170,,2025-03-06 19:00:00-05:00,2025-05-31,693.78,Italy
1766,161,hotel,,107,2026-07-19 20:00:00-04:00,2026-09-25,1042.60,United States
1767,235,hotel,,78,2026-01-20 19:00:00-05:00,2026-05-17,2434.62,Germany
1768,149,hotel,,91,2025-08-21 20:00:00-04:00,2025-11-30,989.40,United States
1769,461,hotel,,101,2026-01-17 19:00:00-05:00,2026-04-07,1804.53,Canada
1770,6,hotel,,91,2025-09-22 20:00:00-04:00,2025-11-21,494.70,United States
1771,999,hotel,,52,2024-07-08 20:00:00-04:00,2024-07-18,901.64,United States
1772,678,hotel,,96,2026-05-07 20:00:00-04:00,2026-08-29,444.25,Canada
1773,330,hotel,,143,2026-03-24 20:00:00-04:00,2026-05-12,3387.69,Italy
1774,757,flight,129,,2026-01-29 19:00:00-05:00,2026-04-26,325.76,Japan
1775,451,hotel,,63,2026-02-04 19:00:00-05:00,2026-02-21,1767.81,Italy
1776,334,hotel,,12,2025-09-14 20:00:00-04:00,2025-11-21,1145.06,United Arab Emirates
1777,705,hotel,,97,2024-10-24 20:00:00-04:00,2024-12-06,90.09,Italy
1778,104,flight,71,,2025-07-07 20:00:00-04:00,2025-08-27,306.09,United States
1779,551,hotel,,29,2025-12-13 19:00:00-05:00,2026-01-26,2982.80,Canada
1780,138,flight,188,,2025-11-12 19:00:00-05:00,2026-02-27,380.33,United Kingdom
1781,424,flight,77,,2024-08-28 20:00:00-04:00,2024-11-19,619.42,Canada
1782,588,flight,113,,2026-09-22 20:00:00-04:00,2026-10-11,621.26,Germany
1783,252,hotel,,67,2026-12-22 19:00:00-05:00,2027-03-09,4692.87,United States
1784,544,hotel,,36,2026-09-13 20:00:00-04:00,2026-09-23,350.10,Italy
1785,892,hotel,,115,2025-06-06 20:00:00-04:00,2025-09-20,338.56,United States
1786,189,hotel,,118,2026-09-28 20:00:00-04:00,2026-11-04,3384.24,Japan
1787,342,flight,67,,2026-05-14 20:00:00-04:00,2026-08-20,198.27,Canada
1788,262,flight,165,,2026-04-27 20:00:00-04:00,2026-05-20,677.28,United States
1789,421,hotel,,125,2025-04-02 20:00:00-04:00,2025-07-22,531.18,Canada
1790,852,flight,5,,2025-11-18 19:00:00-05:00,2026-01-12,414.60,Canada
1791,580,hotel,,84,2026-02-08 19:00:00-05:00,2026-04-21,4486.05,Australia
1792,504,hotel,,18,2024-11-18 19:00:00-05:00,2025-01-07,362.54,Mexico
1793,579,flight,29,,2026-08-05 20:00:00-04:00,2026-11-20,795.20,United Kingdom
1794,545,flight,23,,2025-05-24 20:00:00-04:00,2025-09-17,463.27,Mexico
1795,588,hotel,,49,2026-10-17 20:00:00-04:00,2027-01-16,406.62,United Kingdom
1796,786,hotel,,116,2025-02-28 19:00:00-05:00,2025-05-06,1313.91,Australia
1797,667,hotel,,148,2025-12-27 19:00:00-05:00,2026-01-27,3115.92,Australia
1798,465,hotel,,148,2025-04-10 20:00:00-04:00,2025-06-08,2596.60,Australia
1799,7,hotel,,58,2024-06-20 20:00:00-04:00,2024-06-29,1723.02,Germany
1800,438,flight,58,,2025-10-04 20:00:00-04:00,2026-01-29,1044.60,France
1801,599,hotel,,52,2025-02-28 19:00:00-05:00,2025-05-05,2254.10,United States
1802,948,hotel,,49,2026-05-11 20:00:00-04:00,2026-06-07,609.93,United Kingdom
1803,212,hotel,,7,2025-07-06 20:00:00-04:00,2025-07-26,2653.92,United States
1804,617,flight,90,,2024-10-26 20:00:00-04:00,2025-01-11,841.38,Canada
1805,978,flight,81,,2025-08-09 20:00:00-04:00,2025-12-06,1007.42,France
1806,951,flight,52,,2025-12-05 19:00:00-05:00,2026-01-08,163.39,France
1807,311,flight,60,,2025-04-10 20:00:00-04:00,2025-05-22,1005.71,United States
1808,959,flight,36,,2025-03-25 20:00:00-04:00,2025-04-05,776.19,Mexico
1809,899,hotel,,97,2025-09-17 20:00:00-04:00,2026-01-09,90.09,Italy
1810,455,flight,115,,2025-12-21 19:00:00-05:00,2026-01-04,427.45,Australia
1811,450,hotel,,98,2025-03-22 20:00:00-04:00,2025-04-25,1766.90,Australia
1812,835,flight,130,,2025-05-05 20:00:00-04:00,2025-06-04,371.32,Japan
1813,936,flight,54,,2024-12-10 19:00:00-05:00,2025-03-24,1100.02,Japan
1814,124,hotel,,82,2025-06-10 20:00:00-04:00,2025-08-02,2856.98,Australia
1815,196,flight,130,,2024-08-16 20:00:00-04:00,2024-12-04,371.32,Japan
1816,369,hotel,,29,2025-06-27 20:00:00-04:00,2025-09-08,2982.80,Canada
1817,17,flight,108,,2026-05-29 20:00:00-04:00,2026-09-16,973.52,Mexico
1818,410,flight,80,,2024-10-10 20:00:00-04:00,2024-12-03,740.45,Mexico
1819,857,flight,167,,2025-11-19 19:00:00-05:00,2026-03-15,744.68,United Kingdom
1820,308,flight,167,,2026-02-04 19:00:00-05:00,2026-02-22,744.68,United Kingdom
1821,660,hotel,,71,2024-11-12 19:00:00-05:00,2024-11-22,1771.62,Australia
1822,47,flight,145,,2025-08-11 20:00:00-04:00,2025-09-10,372.32,United States
1823,10,flight,36,,2024-11-04 19:00:00-05:00,2024-12-01,776.19,Mexico
1824,712,hotel,,54,2025-12-30 19:00:00-05:00,2026-01-14,2490.65,Japan
1825,381,hotel,,45,2025-12-23 19:00:00-05:00,2026-02-22,854.19,Mexico
1826,959,flight,94,,2025-09-02 20:00:00-04:00,2025-10-03,679.32,United Arab Emirates
1827,901,flight,128,,2025-09-12 20:00:00-04:00,2025-09-23,461.26,France
1828,209,hotel,,96,2024-11-02 20:00:00-04:00,2025-01-29,2221.25,Canada
1829,637,hotel,,7,2024-09-18 20:00:00-04:00,2025-01-04,1769.28,United States
1830,30,hotel,,37,2025-02-10 19:00:00-05:00,2025-05-23,1414.91,Canada
1831,48,hotel,,135,2025-10-13 20:00:00-04:00,2026-01-21,1266.36,France
1832,162,flight,58,,2024-07-29 20:00:00-04:00,2024-09-19,1044.60,France
1833,95,hotel,,122,2025-02-14 19:00:00-05:00,2025-03-08,1682.88,United States
1834,426,hotel,,1,2024-10-21 20:00:00-04:00,2025-02-15,1955.55,Japan
1835,488,hotel,,83,2025-05-22 20:00:00-04:00,2025-06-15,4973.76,Mexico
1836,375,flight,192,,2025-02-19 19:00:00-05:00,2025-05-01,167.39,Japan
1837,852,flight,132,,2025-05-04 20:00:00-04:00,2025-06-09,174.94,United Kingdom
1838,133,flight,22,,2024-12-04 19:00:00-05:00,2025-03-06,645.83,Japan
1839,762,flight,158,,2026-02-19 19:00:00-05:00,2026-04-04,1033.88,Japan
1840,108,flight,48,,2025-06-07 20:00:00-04:00,2025-07-17,446.84,Japan
1841,748,hotel,,119,2025-09-27 20:00:00-04:00,2026-01-03,4151.80,France
1842,533,hotel,,109,2025-04-22 20:00:00-04:00,2025-06-10,1955.22,Mexico
1843,678,flight,9,,2026-09-30 20:00:00-04:00,2027-01-10,424.20,Germany
1844,766,hotel,,51,2025-07-06 20:00:00-04:00,2025-07-20,1333.11,Italy
1845,15,flight,61,,2025-12-13 19:00:00-05:00,2025-12-25,1160.43,United States
1846,166,hotel,,147,2026-07-18 20:00:00-04:00,2026-07-27,4523.44,Australia
1847,496,hotel,,148,2024-05-31 20:00:00-04:00,2024-08-27,3635.24,Australia
1848,463,flight,68,,2025-02-19 19:00:00-05:00,2025-05-17,889.80,France
1849,559,hotel,,72,2025-04-08 20:00:00-04:00,2025-07-20,4125.96,France
1850,947,hotel,,66,2025-05-25 20:00:00-04:00,2025-06-25,3188.94,Canada
1851,827,hotel,,25,2024-12-07 19:00:00-05:00,2025-02-11,2273.70,Canada
1852,782,hotel,,94,2024-12-26 19:00:00-05:00,2025-04-13,3666.67,United States
1853,658,flight,25,,2026-02-16 19:00:00-05:00,2026-03-12,300.39,Canada
1854,233,hotel,,141,2024-02-26 19:00:00-05:00,2024-03-20,2897.55,Japan
1855,130,hotel,,112,2026-03-11 20:00:00-04:00,2026-05-15,4873.59,Italy
1856,963,flight,102,,2026-03-16 20:00:00-04:00,2026-04-16,1071.35,Germany
1857,840,flight,175,,2026-03-20 20:00:00-04:00,2026-07-13,1171.31,United States
1858,228,flight,191,,2025-03-04 19:00:00-05:00,2025-06-13,222.29,Australia
1859,363,flight,136,,2025-02-13 19:00:00-05:00,2025-06-11,856.96,United States
1860,538,flight,139,,2026-03-03 19:00:00-05:00,2026-04-26,445.59,Japan
1861,236,flight,26,,2026-01-22 19:00:00-05:00,2026-02-19,499.26,Canada
1862,697,flight,159,,2025-03-04 19:00:00-05:00,2025-06-01,920.22,Germany
1863,232,flight,109,,2026-12-02 19:00:00-05:00,2027-02-26,556.93,United States
1864,879,flight,103,,2025-09-07 20:00:00-04:00,2025-09-21,261.79,Mexico
1865,304,hotel,,122,2026-02-06 19:00:00-05:00,2026-04-08,1682.88,United States
1866,330,flight,20,,2026-02-10 19:00:00-05:00,2026-02-18,423.59,United States
1867,258,hotel,,18,2026-02-14 19:00:00-05:00,2026-05-26,181.27,Mexico
1868,774,hotel,,124,2024-11-08 19:00:00-05:00,2024-12-04,1088.04,Italy
1869,783,flight,41,,2024-12-10 19:00:00-05:00,2025-03-28,1070.37,United States
1870,662,hotel,,50,2024-07-27 20:00:00-04:00,2024-10-18,702.56,United Arab Emirates
1871,855,hotel,,71,2024-03-23 20:00:00-04:00,2024-04-28,885.81,Australia
1872,915,hotel,,150,2025-07-20 20:00:00-04:00,2025-10-28,801.60,United States
1873,211,hotel,,71,2025-09-28 20:00:00-04:00,2025-12-31,1771.62,Australia
1874,12,flight,135,,2026-06-27 20:00:00-04:00,2026-08-13,811.73,Canada
1875,106,hotel,,113,2025-06-09 20:00:00-04:00,2025-09-09,2045.55,Japan
1876,842,flight,157,,2026-12-01 19:00:00-05:00,2027-03-14,729.26,Canada
1877,466,flight,194,,2025-01-29 19:00:00-05:00,2025-05-29,1096.69,Canada
1878,933,hotel,,98,2025-04-10 20:00:00-04:00,2025-04-23,883.45,Australia
1879,116,hotel,,44,2026-06-16 20:00:00-04:00,2026-09-06,2629.84,France
1880,777,hotel,,27,2025-10-21 20:00:00-04:00,2026-01-03,513.56,Mexico
1881,750,hotel,,127,2025-06-03 20:00:00-04:00,2025-09-30,2212.84,Australia
1882,432,flight,198,,2027-01-07 19:00:00-05:00,2027-01-28,979.03,Canada
1883,287,hotel,,131,2024-11-28 19:00:00-05:00,2025-02-25,1758.60,Germany
1884,430,hotel,,4,2026-04-26 20:00:00-04:00,2026-05-14,585.20,Italy
1885,731,hotel,,127,2025-12-18 19:00:00-05:00,2026-03-10,1264.48,Australia
1886,606,hotel,,27,2025-02-17 19:00:00-05:00,2025-03-31,2054.24,Mexico
1887,575,hotel,,98,2026-06-09 20:00:00-04:00,2026-08-22,176.69,Australia
1888,617,flight,165,,2025-06-20 20:00:00-04:00,2025-10-13,677.28,United States
1889,977,flight,31,,2025-01-31 19:00:00-05:00,2025-02-20,1147.57,United States
1890,990,flight,173,,2026-06-28 20:00:00-04:00,2026-09-18,757.56,Germany
1891,727,hotel,,11,2025-07-17 20:00:00-04:00,2025-10-24,1149.12,United Kingdom
1892,663,hotel,,134,2024-10-22 20:00:00-04:00,2025-01-11,332.39,Italy
1893,963,hotel,,111,2026-05-18 20:00:00-04:00,2026-08-29,211.72,Australia
1894,222,flight,85,,2025-09-21 20:00:00-04:00,2025-12-18,887.20,United States
1895,102,hotel,,8,2025-04-09 20:00:00-04:00,2025-07-28,2965.84,United Kingdom
1896,870,hotel,,89,2024-10-06 20:00:00-04:00,2025-01-26,2965.92,Germany
1897,997,flight,13,,2025-09-17 20:00:00-04:00,2025-11-21,923.57,United States
1898,333,hotel,,68,2026-03-31 20:00:00-04:00,2026-06-28,776.07,Japan
1899,215,hotel,,90,2026-04-24 20:00:00-04:00,2026-08-06,1616.16,Italy
1900,865,hotel,,91,2024-05-30 20:00:00-04:00,2024-07-19,1649.00,United States
1901,552,flight,79,,2024-12-04 19:00:00-05:00,2025-03-28,1017.20,France
1902,104,flight,81,,2025-07-07 20:00:00-04:00,2025-09-04,1007.42,France
1903,637,hotel,,98,2025-07-28 20:00:00-04:00,2025-08-28,706.76,Australia
1904,272,hotel,,113,2025-03-14 20:00:00-04:00,2025-05-04,2454.66,Japan
1905,773,flight,5,,2024-06-23 20:00:00-04:00,2024-08-11,414.60,Canada
1906,115,flight,130,,2026-11-21 19:00:00-05:00,2027-01-07,371.32,Japan
1907,718,hotel,,46,2026-04-28 20:00:00-04:00,2026-07-13,3101.63,Canada
1908,634,flight,24,,2024-11-26 19:00:00-05:00,2024-12-15,1191.97,United Kingdom
1909,729,hotel,,88,2025-07-27 20:00:00-04:00,2025-08-22,2122.20,Canada
1910,363,hotel,,27,2024-07-08 20:00:00-04:00,2024-09-03,1283.90,Mexico
1911,629,flight,114,,2026-07-05 20:00:00-04:00,2026-08-10,275.32,Mexico
1912,846,flight,40,,2024-10-21 20:00:00-04:00,2025-01-07,679.87,Australia
1913,684,hotel,,58,2024-12-17 19:00:00-05:00,2025-02-26,1148.68,Germany
1914,252,flight,56,,2026-10-15 20:00:00-04:00,2027-01-13,1044.86,France
1915,149,flight,6,,2025-08-02 20:00:00-04:00,2025-09-10,763.71,United States
1916,879,hotel,,143,2025-11-28 19:00:00-05:00,2026-01-28,3387.69,Italy
1917,582,flight,133,,2026-05-14 20:00:00-04:00,2026-06-14,206.98,Japan
1918,595,hotel,,100,2027-01-05 19:00:00-05:00,2027-03-27,634.50,France
1919,724,hotel,,95,2025-10-13 20:00:00-04:00,2025-12-15,824.34,United Kingdom
1920,922,flight,92,,2026-04-20 20:00:00-04:00,2026-07-06,657.08,Australia
1921,79,flight,180,,2026-07-21 20:00:00-04:00,2026-11-16,585.34,Italy
1922,253,flight,130,,2025-06-16 20:00:00-04:00,2025-10-02,371.32,Japan
1923,726,hotel,,27,2024-12-26 19:00:00-05:00,2025-02-12,2567.80,Mexico
1924,234,hotel,,142,2025-07-04 20:00:00-04:00,2025-10-02,1425.84,Japan
1925,477,hotel,,14,2024-11-15 19:00:00-05:00,2025-03-10,1734.48,Japan
1926,634,hotel,,112,2025-04-28 20:00:00-04:00,2025-07-20,1083.02,Italy
1927,977,flight,115,,2024-04-23 20:00:00-04:00,2024-07-11,427.45,Australia
1928,573,flight,181,,2024-12-22 19:00:00-05:00,2025-03-01,858.99,Canada
1929,152,flight,17,,2026-10-29 20:00:00-04:00,2026-12-21,644.32,Japan
1930,978,hotel,,8,2025-12-11 19:00:00-05:00,2026-01-20,3707.30,United Kingdom
1931,503,hotel,,35,2027-01-01 19:00:00-05:00,2027-04-16,2294.67,Japan
1932,221,hotel,,78,2024-08-27 20:00:00-04:00,2024-11-11,2434.62,Germany
1933,239,hotel,,139,2025-09-28 20:00:00-04:00,2026-01-12,5082.90,United States
1934,323,flight,183,,2026-09-12 20:00:00-04:00,2026-09-26,284.28,France
1935,773,hotel,,19,2025-01-23 19:00:00-05:00,2025-02-15,2670.60,United Kingdom
1936,66,hotel,,50,2024-12-18 19:00:00-05:00,2025-03-29,702.56,United Arab Emirates
1937,616,flight,167,,2025-07-19 20:00:00-04:00,2025-07-30,744.68,United Kingdom
1938,952,hotel,,23,2026-01-07 19:00:00-05:00,2026-02-26,915.18,Japan
1939,969,hotel,,100,2026-09-18 20:00:00-04:00,2026-12-24,888.30,France
1940,391,hotel,,88,2025-10-16 20:00:00-04:00,2026-02-09,707.40,Canada
1941,99,hotel,,111,2025-08-19 20:00:00-04:00,2025-09-18,1058.60,Australia
1942,512,flight,103,,2024-08-28 20:00:00-04:00,2024-10-08,261.79,Mexico
1943,206,flight,163,,2026-03-22 20:00:00-04:00,2026-06-20,562.12,United States
1944,84,hotel,,25,2026-06-18 20:00:00-04:00,2026-09-30,3410.55,Canada
1945,264,flight,143,,2025-08-26 20:00:00-04:00,2025-09-10,298.44,Australia
1946,61,hotel,,1,2024-05-04 20:00:00-04:00,2024-06-02,3519.99,Japan
1947,13,flight,79,,2024-08-25 20:00:00-04:00,2024-10-21,1017.20,France
1948,29,hotel,,49,2024-07-16 20:00:00-04:00,2024-08-15,2033.10,United Kingdom
1949,511,flight,89,,2026-02-07 19:00:00-05:00,2026-03-14,1122.96,France
1950,100,flight,147,,2025-05-02 20:00:00-04:00,2025-06-26,854.53,United Kingdom
1951,182,hotel,,46,2026-12-14 19:00:00-05:00,2027-04-09,3987.81,Canada
1952,153,hotel,,10,2025-05-07 20:00:00-04:00,2025-08-02,4219.74,United Kingdom
1953,910,flight,28,,2026-07-01 20:00:00-04:00,2026-08-15,952.71,Australia
1954,358,flight,43,,2025-02-21 19:00:00-05:00,2025-05-06,200.65,France
1955,922,flight,155,,2026-07-20 20:00:00-04:00,2026-08-21,1032.12,Germany
1956,159,hotel,,141,2026-09-25 20:00:00-04:00,2026-12-26,4056.57,Japan
1957,803,hotel,,142,2024-05-17 20:00:00-04:00,2024-08-18,712.92,Japan
1958,347,flight,62,,2026-05-09 20:00:00-04:00,2026-06-04,989.89,Canada
1959,984,hotel,,104,2025-02-09 19:00:00-05:00,2025-05-29,483.34,France
1960,367,flight,169,,2024-10-14 20:00:00-04:00,2025-02-02,216.00,Italy
1961,725,flight,170,,2025-09-25 20:00:00-04:00,2025-10-14,693.78,Italy
1962,671,hotel,,148,2025-11-14 19:00:00-05:00,2026-02-02,4673.88,Australia
1963,535,hotel,,52,2025-03-06 19:00:00-05:00,2025-06-04,1127.05,United States
1964,329,flight,51,,2026-04-19 20:00:00-04:00,2026-08-02,872.61,Italy
1965,300,hotel,,97,2024-08-31 20:00:00-04:00,2024-11-02,180.18,Italy
1966,503,flight,83,,2026-09-14 20:00:00-04:00,2026-10-05,252.31,Japan
1967,575,hotel,,79,2026-06-11 20:00:00-04:00,2026-08-07,758.88,Mexico
1968,806,hotel,,15,2026-04-18 20:00:00-04:00,2026-07-24,4110.66,Japan
1969,852,flight,79,,2025-06-05 20:00:00-04:00,2025-06-24,1017.20,France
1970,914,flight,190,,2026-06-27 20:00:00-04:00,2026-08-14,326.11,Germany
1971,50,flight,99,,2025-10-31 20:00:00-04:00,2025-12-16,1180.40,United Kingdom
1972,193,hotel,,112,2026-02-08 19:00:00-05:00,2026-02-22,4873.59,Italy
1973,537,flight,175,,2026-06-09 20:00:00-04:00,2026-08-03,1171.31,United States
1974,716,flight,118,,2025-05-25 20:00:00-04:00,2025-06-14,979.40,Canada
1975,973,flight,82,,2025-10-06 20:00:00-04:00,2026-01-13,902.49,Canada
1976,75,flight,147,,2026-06-05 20:00:00-04:00,2026-07-09,854.53,United Kingdom
1977,656,flight,53,,2025-06-06 20:00:00-04:00,2025-08-01,306.60,Canada
1978,922,flight,62,,2026-04-05 20:00:00-04:00,2026-04-13,989.89,Canada
1979,676,hotel,,59,2025-06-17 20:00:00-04:00,2025-08-13,3019.14,France
1980,940,hotel,,37,2025-05-26 20:00:00-04:00,2025-06-22,2021.30,Canada
1981,253,hotel,,147,2025-11-30 19:00:00-05:00,2026-03-05,2827.15,Australia
1982,210,hotel,,3,2026-06-03 20:00:00-04:00,2026-09-07,2451.96,Australia
1983,844,hotel,,49,2026-02-21 19:00:00-05:00,2026-04-05,1626.48,United Kingdom
1984,260,flight,102,,2026-09-11 20:00:00-04:00,2026-12-16,1071.35,Germany
1985,43,hotel,,58,2025-07-04 20:00:00-04:00,2025-10-04,574.34,Germany
1986,653,flight,126,,2025-01-30 19:00:00-05:00,2025-02-27,717.25,Germany
1987,69,flight,43,,2024-11-28 19:00:00-05:00,2025-01-16,200.65,France
1988,967,hotel,,102,2026-03-17 20:00:00-04:00,2026-06-24,1605.60,Canada
1989,550,hotel,,146,2024-12-22 19:00:00-05:00,2025-04-18,1712.20,United Kingdom
1990,112,flight,52,,2025-12-25 19:00:00-05:00,2026-04-17,163.39,France
1991,974,flight,128,,2026-07-10 20:00:00-04:00,2026-11-03,461.26,France
1992,206,flight,121,,2026-06-16 20:00:00-04:00,2026-06-28,516.87,Japan
1993,491,flight,10,,2025-04-20 20:00:00-04:00,2025-05-27,953.75,Mexico
1994,854,hotel,,18,2024-05-26 20:00:00-04:00,2024-06-13,725.08,Mexico
1995,447,hotel,,37,2024-10-19 20:00:00-04:00,2025-01-29,1617.04,Canada
1996,612,flight,197,,2026-11-03 19:00:00-05:00,2027-01-14,1068.57,United States
1997,998,flight,82,,2025-01-05 19:00:00-05:00,2025-04-15,902.49,Canada
1998,45,flight,65,,2026-04-30 20:00:00-04:00,2026-06-20,791.89,United Kingdom
1999,944,flight,52,,2024-09-30 20:00:00-04:00,2024-12-06,163.39,France
2000,924,flight,40,,2026-08-06 20:00:00-04:00,2026-10-01,679.87,Australia
2001,970,hotel,,58,2026-06-18 20:00:00-04:00,2026-07-04,861.51,Germany
2002,643,flight,185,,2024-12-30 19:00:00-05:00,2025-04-01,421.17,United Kingdom
2003,450,flight,63,,2025-07-24 20:00:00-04:00,2025-08-09,1180.65,France
2004,617,hotel,,37,2025-06-03 20:00:00-04:00,2025-07-01,1819.17,Canada
2005,988,hotel,,17,2025-03-20 20:00:00-04:00,2025-04-11,2157.89,United Kingdom
2006,531,flight,44,,2025-12-19 19:00:00-05:00,2026-03-29,279.77,United States
2007,742,hotel,,37,2025-10-23 20:00:00-04:00,2025-11-04,404.26,Canada
2008,701,flight,1,,2025-03-01 19:00:00-05:00,2025-04-26,432.54,Italy
2009,577,flight,146,,2024-11-30 19:00:00-05:00,2025-03-16,381.83,United Kingdom
2010,123,flight,145,,2025-10-11 20:00:00-04:00,2025-10-23,372.32,United States
2011,559,flight,122,,2025-02-17 19:00:00-05:00,2025-05-19,528.84,United Arab Emirates
2012,960,hotel,,100,2024-10-24 20:00:00-04:00,2025-01-27,1015.20,France
2013,933,flight,157,,2025-11-06 19:00:00-05:00,2026-01-15,729.26,Canada
2014,257,hotel,,123,2026-03-02 19:00:00-05:00,2026-05-07,1112.07,Canada
2015,466,hotel,,74,2025-04-17 20:00:00-04:00,2025-05-13,1701.39,Japan
2016,987,hotel,,42,2025-07-10 20:00:00-04:00,2025-11-07,2011.32,Australia
2017,758,flight,77,,2025-02-01 19:00:00-05:00,2025-05-23,619.42,Canada
2018,148,flight,182,,2024-08-28 20:00:00-04:00,2024-10-27,829.62,United Kingdom
2019,901,flight,161,,2026-01-12 19:00:00-05:00,2026-02-05,575.39,Australia
2020,362,flight,107,,2025-02-26 19:00:00-05:00,2025-04-28,1058.08,Australia
2021,472,hotel,,119,2026-10-20 20:00:00-04:00,2026-12-16,2491.08,France
2022,346,hotel,,35,2026-09-24 20:00:00-04:00,2026-11-22,2950.29,Japan
2023,211,flight,49,,2025-11-06 19:00:00-05:00,2026-02-13,966.86,Italy
2024,583,flight,159,,2025-02-28 19:00:00-05:00,2025-06-16,920.22,Germany
2025,373,hotel,,105,2026-06-01 20:00:00-04:00,2026-09-27,1046.58,Australia
2026,660,hotel,,37,2024-07-03 20:00:00-04:00,2024-08-30,1617.04,Canada
2027,112,hotel,,106,2025-11-06 19:00:00-05:00,2026-02-28,143.42,United States
2028,205,flight,41,,2024-10-19 20:00:00-04:00,2025-01-05,1070.37,United States
2029,676,hotel,,47,2025-12-08 19:00:00-05:00,2026-02-09,689.20,United Arab Emirates
2030,25,flight,171,,2025-03-24 20:00:00-04:00,2025-06-12,1075.63,Canada
2031,177,hotel,,40,2026-12-31 19:00:00-05:00,2027-03-21,2794.33,Japan
2032,589,flight,82,,2025-07-06 20:00:00-04:00,2025-09-04,902.49,Canada
2033,480,flight,125,,2024-12-23 19:00:00-05:00,2025-04-07,1156.84,Italy
2034,324,flight,17,,2025-01-11 19:00:00-05:00,2025-01-31,644.32,Japan
2035,88,flight,14,,2025-09-14 20:00:00-04:00,2026-01-10,510.33,Italy
2036,340,flight,52,,2026-07-16 20:00:00-04:00,2026-09-07,163.39,France
2037,762,flight,17,,2025-11-14 19:00:00-05:00,2025-12-31,644.32,Japan
2038,372,hotel,,115,2025-01-22 19:00:00-05:00,2025-05-16,677.12,United States
2039,347,flight,26,,2026-03-31 20:00:00-04:00,2026-05-16,499.26,Canada
2040,822,flight,107,,2024-05-28 20:00:00-04:00,2024-06-25,1058.08,Australia
2041,122,hotel,,142,2024-10-22 20:00:00-04:00,2025-01-09,2851.68,Japan
2042,717,hotel,,64,2025-07-10 20:00:00-04:00,2025-11-03,860.12,United States
2043,680,flight,194,,2024-09-16 20:00:00-04:00,2024-10-06,1096.69,Canada
2044,41,flight,98,,2026-02-13 19:00:00-05:00,2026-04-22,370.20,Italy
2045,489,flight,177,,2024-04-07 20:00:00-04:00,2024-06-29,676.93,France
2046,838,hotel,,147,2024-12-30 19:00:00-05:00,2025-03-22,1696.29,Australia
2047,459,flight,146,,2026-10-08 20:00:00-04:00,2027-01-09,381.83,United Kingdom
2048,353,hotel,,95,2025-02-24 19:00:00-05:00,2025-06-25,274.78,United Kingdom
2049,182,flight,174,,2026-11-02 19:00:00-05:00,2026-12-18,533.56,United States
2050,404,flight,172,,2025-01-26 19:00:00-05:00,2025-05-15,888.92,Japan
2051,202,hotel,,22,2025-09-29 20:00:00-04:00,2026-01-06,2779.20,Mexico
2052,618,hotel,,107,2024-10-16 20:00:00-04:00,2025-01-11,625.56,United States
2053,374,hotel,,72,2025-02-18 19:00:00-05:00,2025-05-02,4125.96,France
2054,926,flight,43,,2026-04-04 20:00:00-04:00,2026-05-22,200.65,France
2055,54,flight,68,,2026-02-12 19:00:00-05:00,2026-03-31,889.80,France
2056,460,hotel,,70,2024-12-28 19:00:00-05:00,2025-01-10,3888.88,Germany
2057,676,flight,9,,2025-09-05 20:00:00-04:00,2025-11-22,424.20,Germany
2058,134,flight,78,,2024-12-09 19:00:00-05:00,2024-12-19,573.61,Japan
2059,390,flight,100,,2026-09-22 20:00:00-04:00,2026-11-17,895.87,United Arab Emirates
2060,37,hotel,,86,2025-07-12 20:00:00-04:00,2025-09-06,480.30,Germany
2061,823,hotel,,88,2025-06-15 20:00:00-04:00,2025-09-21,707.40,Canada
2062,966,hotel,,50,2025-10-23 20:00:00-04:00,2026-01-09,1405.12,United Arab Emirates
2063,289,hotel,,22,2024-07-28 20:00:00-04:00,2024-10-01,2779.20,Mexico
2064,883,flight,33,,2024-03-01 19:00:00-05:00,2024-06-20,878.20,Italy
2065,826,flight,46,,2024-07-11 20:00:00-04:00,2024-07-28,845.61,Japan
2066,383,flight,61,,2025-10-17 20:00:00-04:00,2026-01-06,1160.43,United States
2067,798,flight,186,,2024-11-13 19:00:00-05:00,2024-11-22,819.50,Australia
2068,14,hotel,,40,2025-09-03 20:00:00-04:00,2025-09-20,3991.90,Japan
2069,642,hotel,,85,2025-10-24 20:00:00-04:00,2026-02-20,588.70,Germany
2070,628,flight,36,,2024-11-04 19:00:00-05:00,2025-02-10,776.19,Mexico
2071,205,flight,184,,2024-08-03 20:00:00-04:00,2024-08-22,191.15,Mexico
2072,975,flight,176,,2024-06-02 20:00:00-04:00,2024-08-04,1008.10,United States
2073,239,flight,21,,2025-08-11 20:00:00-04:00,2025-11-18,206.36,Canada
2074,397,hotel,,50,2027-01-17 19:00:00-05:00,2027-04-02,1405.12,United Arab Emirates
2075,838,flight,155,,2025-05-16 20:00:00-04:00,2025-07-26,1032.12,Germany
2076,724,flight,188,,2026-01-27 19:00:00-05:00,2026-03-12,380.33,United Kingdom
2077,693,flight,130,,2025-05-14 20:00:00-04:00,2025-06-14,371.32,Japan
2078,7,flight,68,,2024-09-09 20:00:00-04:00,2024-10-12,889.80,France
2079,148,flight,180,,2024-12-29 19:00:00-05:00,2025-01-21,585.34,Italy
2080,780,flight,83,,2025-05-31 20:00:00-04:00,2025-07-01,252.31,Japan
2081,775,flight,163,,2025-03-17 20:00:00-04:00,2025-05-14,562.12,United States
2082,857,hotel,,130,2026-02-12 19:00:00-05:00,2026-04-13,2390.90,Italy
2083,224,hotel,,89,2025-12-18 19:00:00-05:00,2026-04-10,1977.28,Germany
2084,544,flight,175,,2026-08-26 20:00:00-04:00,2026-12-25,1171.31,United States
2085,258,hotel,,16,2026-01-21 19:00:00-05:00,2026-02-06,900.08,Mexico
2086,506,hotel,,111,2025-09-06 20:00:00-04:00,2025-12-02,423.44,Australia
2087,691,hotel,,23,2025-08-27 20:00:00-04:00,2025-12-08,2745.54,Japan
2088,603,hotel,,17,2026-02-20 19:00:00-05:00,2026-05-26,3082.70,United Kingdom
2089,269,hotel,,123,2026-07-16 20:00:00-04:00,2026-09-07,2224.14,Canada
2090,512,hotel,,140,2025-01-31 19:00:00-05:00,2025-03-20,1847.36,Mexico
2091,234,flight,91,,2024-07-31 20:00:00-04:00,2024-11-04,706.88,France
2092,420,hotel,,104,2025-02-04 19:00:00-05:00,2025-03-25,3866.72,France
2093,890,hotel,,37,2024-11-02 20:00:00-04:00,2024-11-29,1414.91,Canada
2094,430,flight,82,,2026-01-05 19:00:00-05:00,2026-04-23,902.49,Canada
2095,391,flight,4,,2026-02-27 19:00:00-05:00,2026-04-22,595.00,Germany
2096,445,flight,48,,2025-07-11 20:00:00-04:00,2025-10-02,446.84,Japan
2097,223,flight,121,,2025-11-28 19:00:00-05:00,2026-01-25,516.87,Japan
2098,154,hotel,,6,2025-07-28 20:00:00-04:00,2025-08-30,2989.04,Germany
2099,402,flight,141,,2026-04-05 20:00:00-04:00,2026-07-28,986.61,United States
2100,285,flight,156,,2024-05-10 20:00:00-04:00,2024-07-19,635.99,Canada
2101,742,hotel,,41,2025-11-24 19:00:00-05:00,2026-01-26,3222.00,Canada
2102,993,flight,18,,2024-08-18 20:00:00-04:00,2024-09-08,1144.27,United Kingdom
2103,976,hotel,,75,2027-02-10 19:00:00-05:00,2027-04-20,281.13,Australia
2104,241,hotel,,126,2026-02-11 19:00:00-05:00,2026-04-13,313.68,Japan
2105,980,hotel,,87,2026-01-04 19:00:00-05:00,2026-02-01,1619.90,United States
2106,701,hotel,,34,2026-01-05 19:00:00-05:00,2026-01-28,1155.24,Italy
2107,289,hotel,,33,2024-12-24 19:00:00-05:00,2025-04-14,2666.58,United States
2108,579,hotel,,115,2025-11-25 19:00:00-05:00,2025-12-05,507.84,United States
2109,428,flight,177,,2024-12-13 19:00:00-05:00,2025-01-31,676.93,France
2110,240,hotel,,72,2025-07-07 20:00:00-04:00,2025-09-13,4125.96,France
2111,349,hotel,,33,2025-06-25 20:00:00-04:00,2025-07-27,2666.58,United States
2112,801,flight,157,,2027-01-09 19:00:00-05:00,2027-04-02,729.26,Canada
2113,243,flight,121,,2026-01-13 19:00:00-05:00,2026-04-03,516.87,Japan
2114,912,flight,25,,2026-02-04 19:00:00-05:00,2026-04-18,300.39,Canada
2115,394,flight,21,,2024-12-24 19:00:00-05:00,2025-02-11,206.36,Canada
2116,542,hotel,,69,2026-06-25 20:00:00-04:00,2026-09-18,898.86,United Arab Emirates
2117,461,hotel,,71,2025-09-20 20:00:00-04:00,2026-01-07,885.81,Australia
2118,373,flight,58,,2026-04-24 20:00:00-04:00,2026-06-02,1044.60,France
2119,649,flight,159,,2026-06-24 20:00:00-04:00,2026-08-16,920.22,Germany
2120,495,flight,125,,2026-07-13 20:00:00-04:00,2026-08-30,1156.84,Italy
2121,322,flight,153,,2026-04-24 20:00:00-04:00,2026-05-26,310.01,Australia
2122,620,flight,16,,2024-06-15 20:00:00-04:00,2024-09-24,1032.67,United Kingdom
2123,754,flight,130,,2025-08-02 20:00:00-04:00,2025-11-20,371.32,Japan
2124,290,flight,180,,2025-05-08 20:00:00-04:00,2025-07-09,585.34,Italy
2125,839,flight,53,,2025-05-21 20:00:00-04:00,2025-07-01,306.60,Canada
2126,148,hotel,,108,2024-01-18 19:00:00-05:00,2024-01-29,924.74,Italy
2127,378,hotel,,98,2026-01-04 19:00:00-05:00,2026-03-10,1590.21,Australia
2128,161,hotel,,71,2026-04-06 20:00:00-04:00,2026-04-27,2362.16,Australia
2129,283,flight,117,,2027-02-07 19:00:00-05:00,2027-05-03,776.72,United Arab Emirates
2130,292,flight,83,,2026-11-06 19:00:00-05:00,2026-11-30,252.31,Japan
2131,980,flight,84,,2025-04-19 20:00:00-04:00,2025-05-03,1021.38,United States
2132,566,hotel,,81,2024-10-16 20:00:00-04:00,2024-11-11,1051.82,Australia
2133,564,flight,166,,2026-12-14 19:00:00-05:00,2027-02-15,945.07,United Kingdom
2134,332,hotel,,9,2025-06-14 20:00:00-04:00,2025-08-02,1901.90,Germany
2135,332,flight,186,,2025-12-01 19:00:00-05:00,2025-12-16,819.50,Australia
2136,735,flight,18,,2025-07-26 20:00:00-04:00,2025-08-11,1144.27,United Kingdom
2137,144,flight,42,,2025-03-19 20:00:00-04:00,2025-06-01,773.62,France
2138,963,flight,93,,2025-08-17 20:00:00-04:00,2025-11-29,332.33,Australia
2139,996,hotel,,106,2026-02-19 19:00:00-05:00,2026-03-09,860.52,United States
2140,769,flight,140,,2025-09-18 20:00:00-04:00,2025-11-16,647.69,France
2141,64,hotel,,102,2026-03-30 20:00:00-04:00,2026-07-17,963.36,Canada
2142,562,flight,41,,2024-11-07 19:00:00-05:00,2025-01-11,1070.37,United States
2143,119,hotel,,15,2025-11-13 19:00:00-05:00,2025-12-21,4110.66,Japan
2144,25,flight,179,,2025-08-03 20:00:00-04:00,2025-11-26,315.23,United Kingdom
2145,231,hotel,,57,2024-12-08 19:00:00-05:00,2024-12-21,1953.48,United Kingdom
2146,973,flight,82,,2025-08-24 20:00:00-04:00,2025-11-04,902.49,Canada
2147,331,hotel,,102,2025-03-16 20:00:00-04:00,2025-06-17,321.12,Canada
2148,523,hotel,,107,2024-10-29 20:00:00-04:00,2024-11-09,1876.68,United States
2149,70,flight,10,,2024-06-08 20:00:00-04:00,2024-08-30,953.75,Mexico
2150,214,flight,2,,2025-01-04 19:00:00-05:00,2025-03-15,647.80,France
2151,358,flight,95,,2025-02-16 19:00:00-05:00,2025-06-16,437.28,Italy
2152,522,flight,39,,2025-03-24 20:00:00-04:00,2025-04-28,913.53,Italy
2153,550,flight,160,,2025-06-16 20:00:00-04:00,2025-09-27,1042.07,France
2154,289,hotel,,131,2025-03-27 20:00:00-04:00,2025-05-21,2051.70,Germany
2155,164,flight,86,,2025-06-17 20:00:00-04:00,2025-07-27,262.31,United States
2156,201,hotel,,31,2025-04-25 20:00:00-04:00,2025-06-22,1070.35,Canada
2157,463,flight,167,,2025-02-15 19:00:00-05:00,2025-05-11,744.68,United Kingdom
2158,688,hotel,,29,2025-12-13 19:00:00-05:00,2026-01-13,372.85,Canada
2159,397,flight,195,,2026-06-16 20:00:00-04:00,2026-07-19,940.00,Mexico
2160,584,hotel,,55,2025-05-10 20:00:00-04:00,2025-08-12,1558.40,United States
2161,838,hotel,,14,2024-11-19 19:00:00-05:00,2025-01-25,867.24,Japan
2162,581,hotel,,7,2026-06-04 20:00:00-04:00,2026-08-16,1474.40,United States
2163,13,flight,86,,2024-06-11 20:00:00-04:00,2024-10-07,262.31,United States
2164,212,hotel,,84,2025-10-20 20:00:00-04:00,2026-01-28,3987.60,Australia
2165,401,flight,144,,2026-07-18 20:00:00-04:00,2026-09-25,714.01,United States
2166,612,hotel,,64,2026-11-05 19:00:00-05:00,2027-03-02,860.12,United States
2167,632,flight,8,,2025-03-01 19:00:00-05:00,2025-06-26,655.83,Japan
2168,635,flight,1,,2025-04-23 20:00:00-04:00,2025-06-05,432.54,Italy
2169,311,hotel,,146,2025-03-19 20:00:00-04:00,2025-06-28,1027.32,United Kingdom
2170,100,flight,166,,2025-01-03 19:00:00-05:00,2025-02-07,945.07,United Kingdom
2171,196,hotel,,72,2025-01-07 19:00:00-05:00,2025-01-24,3209.08,France
2172,670,flight,9,,2025-02-28 19:00:00-05:00,2025-06-14,424.20,Germany
2173,921,flight,68,,2025-06-10 20:00:00-04:00,2025-07-06,889.80,France
2174,468,flight,191,,2024-04-28 20:00:00-04:00,2024-07-26,222.29,Australia
2175,976,flight,4,,2026-10-15 20:00:00-04:00,2026-11-14,595.00,Germany
2176,116,flight,149,,2026-03-10 20:00:00-04:00,2026-05-15,413.22,Japan
2177,712,hotel,,145,2026-04-28 20:00:00-04:00,2026-05-08,4312.56,Canada
2178,65,flight,102,,2024-10-04 20:00:00-04:00,2024-10-20,1071.35,Germany
2179,695,hotel,,128,2025-01-18 19:00:00-05:00,2025-01-30,2815.82,United Kingdom
2180,851,hotel,,4,2026-07-30 20:00:00-04:00,2026-08-29,2926.00,Italy
2181,919,flight,198,,2025-05-31 20:00:00-04:00,2025-06-16,979.03,Canada
2182,898,hotel,,123,2025-09-05 20:00:00-04:00,2025-10-19,1482.76,Canada
2183,822,hotel,,70,2024-03-24 20:00:00-04:00,2024-06-25,1944.44,Germany
2184,241,hotel,,12,2025-10-24 20:00:00-04:00,2026-01-23,1635.80,United Arab Emirates
2185,856,hotel,,126,2025-07-28 20:00:00-04:00,2025-11-02,1254.72,Japan
2186,733,flight,23,,2024-06-19 20:00:00-04:00,2024-08-12,463.27,Mexico
2187,613,hotel,,121,2025-08-11 20:00:00-04:00,2025-12-02,819.90,Canada
2188,168,hotel,,142,2025-12-21 19:00:00-05:00,2026-02-14,3208.14,Japan
2189,150,hotel,,105,2026-08-01 20:00:00-04:00,2026-09-22,523.29,Australia
2190,595,hotel,,89,2026-08-27 20:00:00-04:00,2026-11-02,2471.60,Germany
2191,152,hotel,,105,2026-10-25 20:00:00-04:00,2027-01-10,1046.58,Australia
2192,985,hotel,,65,2026-01-25 19:00:00-05:00,2026-04-20,834.48,Canada
2193,341,hotel,,116,2025-09-15 20:00:00-04:00,2025-11-21,3941.73,Australia
2194,883,flight,130,,2024-03-11 20:00:00-04:00,2024-05-01,371.32,Japan
2195,941,flight,139,,2024-12-05 19:00:00-05:00,2025-01-25,445.59,Japan
2196,648,flight,53,,2026-03-28 20:00:00-04:00,2026-04-22,306.60,Canada
2197,845,hotel,,108,2025-02-12 19:00:00-05:00,2025-06-05,924.74,Italy
2198,514,flight,148,,2026-03-03 19:00:00-05:00,2026-03-24,634.33,Australia
2199,5,hotel,,43,2026-08-03 20:00:00-04:00,2026-11-04,1880.36,United States
2200,701,hotel,,84,2025-11-03 19:00:00-05:00,2025-11-25,2990.70,Australia
2201,562,hotel,,101,2025-04-17 20:00:00-04:00,2025-07-18,1031.16,Canada
2202,591,hotel,,28,2025-05-24 20:00:00-04:00,2025-08-28,2142.32,Mexico
2203,656,hotel,,49,2025-08-01 20:00:00-04:00,2025-11-23,203.31,United Kingdom
2204,915,flight,19,,2026-01-26 19:00:00-05:00,2026-02-21,523.05,Italy
2205,712,hotel,,104,2026-04-13 20:00:00-04:00,2026-07-26,2416.70,France
2206,846,flight,25,,2025-03-22 20:00:00-04:00,2025-06-19,300.39,Canada
2207,975,flight,8,,2024-06-13 20:00:00-04:00,2024-06-23,655.83,Japan
2208,303,flight,199,,2026-04-29 20:00:00-04:00,2026-05-30,252.60,Australia
2209,697,flight,116,,2024-05-17 20:00:00-04:00,2024-06-26,497.09,France
2210,974,flight,170,,2026-05-03 20:00:00-04:00,2026-06-25,693.78,Italy
2211,413,flight,77,,2025-06-06 20:00:00-04:00,2025-08-29,619.42,Canada
2212,352,hotel,,78,2025-07-29 20:00:00-04:00,2025-09-01,2840.39,Germany
2213,635,hotel,,11,2026-03-09 20:00:00-04:00,2026-06-03,1532.16,United Kingdom
2214,33,hotel,,8,2025-05-25 20:00:00-04:00,2025-07-16,1853.65,United Kingdom
2215,718,hotel,,138,2026-01-28 19:00:00-05:00,2026-05-12,535.36,Canada
2216,433,hotel,,7,2025-03-06 19:00:00-05:00,2025-05-15,2064.16,United States
2217,40,hotel,,65,2024-12-23 19:00:00-05:00,2025-03-01,2503.44,Canada
2218,95,flight,184,,2025-05-17 20:00:00-04:00,2025-08-25,191.15,Mexico
2219,647,flight,192,,2026-06-14 20:00:00-04:00,2026-08-09,167.39,Japan
2220,346,flight,9,,2026-08-24 20:00:00-04:00,2026-10-31,424.20,Germany
2221,331,hotel,,116,2025-02-02 19:00:00-05:00,2025-05-20,1751.88,Australia
2222,629,hotel,,33,2026-03-10 20:00:00-04:00,2026-03-19,4444.30,United States
2223,884,flight,18,,2025-03-12 20:00:00-04:00,2025-05-15,1144.27,United Kingdom
2224,515,flight,179,,2025-12-14 19:00:00-05:00,2026-01-26,315.23,United Kingdom
2225,579,hotel,,13,2026-07-25 20:00:00-04:00,2026-10-24,1626.35,Japan
2226,600,flight,126,,2026-03-19 20:00:00-04:00,2026-06-01,717.25,Germany
2227,179,hotel,,42,2025-09-16 20:00:00-04:00,2026-01-11,335.22,Australia
2228,298,hotel,,40,2024-10-08 20:00:00-04:00,2024-10-30,798.38,Japan
2229,204,hotel,,2,2026-04-03 20:00:00-04:00,2026-05-12,579.88,Germany
2230,795,flight,78,,2024-12-18 19:00:00-05:00,2024-12-31,573.61,Japan
2231,188,flight,175,,2025-10-19 20:00:00-04:00,2026-02-14,1171.31,United States
2232,598,hotel,,114,2025-11-07 19:00:00-05:00,2026-02-14,986.16,France
2233,104,flight,190,,2024-10-24 20:00:00-04:00,2024-11-17,326.11,Germany
2234,970,flight,94,,2026-05-15 20:00:00-04:00,2026-07-25,679.32,United Arab Emirates
2235,814,hotel,,135,2024-06-01 20:00:00-04:00,2024-09-07,2532.72,France
2236,651,flight,9,,2025-03-15 20:00:00-04:00,2025-05-22,424.20,Germany
2237,286,hotel,,109,2025-08-09 20:00:00-04:00,2025-11-14,651.74,Mexico
2238,67,flight,171,,2026-05-31 20:00:00-04:00,2026-09-28,1075.63,Canada
2239,367,hotel,,63,2024-09-04 20:00:00-04:00,2024-11-15,1767.81,Italy
2240,124,flight,147,,2024-10-26 20:00:00-04:00,2024-11-14,854.53,United Kingdom
2241,192,flight,140,,2026-02-14 19:00:00-05:00,2026-05-17,647.69,France
2242,383,hotel,,48,2026-04-01 20:00:00-04:00,2026-04-17,2492.30,United States
2243,424,flight,60,,2025-03-25 20:00:00-04:00,2025-04-07,1005.71,United States
2244,208,flight,192,,2025-04-09 20:00:00-04:00,2025-05-04,167.39,Japan
2245,719,hotel,,16,2025-12-30 19:00:00-05:00,2026-02-23,4050.36,Mexico
2246,808,flight,171,,2024-12-28 19:00:00-05:00,2025-03-13,1075.63,Canada
2247,273,flight,36,,2025-09-22 20:00:00-04:00,2026-01-20,776.19,Mexico
2248,328,flight,55,,2026-06-11 20:00:00-04:00,2026-09-29,637.49,Germany
2249,194,hotel,,55,2026-10-18 20:00:00-04:00,2026-12-26,311.68,United States
2250,177,hotel,,139,2026-10-27 20:00:00-04:00,2027-01-24,1016.58,United States
2251,150,flight,195,,2026-05-27 20:00:00-04:00,2026-06-22,940.00,Mexico
2252,70,hotel,,145,2024-11-15 19:00:00-05:00,2024-12-02,1617.21,Canada
2253,253,hotel,,58,2026-03-14 20:00:00-04:00,2026-05-07,1435.85,Germany
2254,417,flight,83,,2025-06-20 20:00:00-04:00,2025-07-03,252.31,Japan
2255,800,hotel,,96,2024-07-01 20:00:00-04:00,2024-08-02,3109.75,Canada
2256,461,flight,158,,2025-08-18 20:00:00-04:00,2025-10-26,1033.88,Japan
2257,973,hotel,,41,2026-05-11 20:00:00-04:00,2026-09-07,1611.00,Canada
2258,614,hotel,,20,2025-10-17 20:00:00-04:00,2026-01-31,4188.38,United Kingdom
2259,615,flight,144,,2025-03-16 20:00:00-04:00,2025-04-01,714.01,United States
2260,87,flight,95,,2026-12-23 19:00:00-05:00,2027-01-05,437.28,Italy
2261,285,hotel,,88,2024-06-25 20:00:00-04:00,2024-08-31,1179.00,Canada
2262,857,hotel,,121,2025-09-15 20:00:00-04:00,2026-01-10,819.90,Canada
2263,500,hotel,,144,2026-07-04 20:00:00-04:00,2026-09-25,4679.80,Australia
2264,614,flight,24,,2025-10-03 20:00:00-04:00,2025-11-23,1191.97,United Kingdom
2265,709,hotel,,133,2025-08-02 20:00:00-04:00,2025-10-17,1728.90,France
2266,647,flight,69,,2026-03-02 19:00:00-05:00,2026-05-29,385.18,Australia
2267,957,hotel,,132,2024-12-01 19:00:00-05:00,2025-02-23,1408.24,Japan
2268,321,hotel,,49,2025-05-06 20:00:00-04:00,2025-07-25,1219.86,United Kingdom
2269,996,hotel,,86,2025-12-06 19:00:00-05:00,2026-03-29,720.45,Germany
2270,693,hotel,,109,2025-02-19 19:00:00-05:00,2025-04-01,1303.48,Mexico
2271,787,flight,49,,2025-11-17 19:00:00-05:00,2026-01-01,966.86,Italy
2272,704,hotel,,142,2025-11-02 19:00:00-05:00,2026-01-18,2138.76,Japan
2273,210,hotel,,45,2026-08-30 20:00:00-04:00,2026-11-12,569.46,Mexico
2274,742,hotel,,53,2026-03-09 20:00:00-04:00,2026-04-17,5892.20,Australia
2275,809,hotel,,128,2026-05-13 20:00:00-04:00,2026-09-11,2413.56,United Kingdom
2276,252,hotel,,70,2026-11-06 19:00:00-05:00,2027-02-13,4861.10,Germany
2277,471,hotel,,19,2025-06-05 20:00:00-04:00,2025-07-15,1335.30,United Kingdom
2278,128,hotel,,1,2025-04-28 20:00:00-04:00,2025-06-25,782.22,Japan
2279,194,hotel,,141,2026-10-27 20:00:00-04:00,2027-01-01,5795.10,Japan
2280,841,hotel,,108,2026-10-24 20:00:00-04:00,2027-01-12,1849.48,Italy
2281,273,flight,126,,2025-11-24 19:00:00-05:00,2026-02-20,717.25,Germany
2282,610,flight,100,,2026-06-22 20:00:00-04:00,2026-08-24,895.87,United Arab Emirates
2283,321,flight,32,,2025-03-16 20:00:00-04:00,2025-04-16,168.81,Italy
2284,371,flight,18,,2025-10-14 20:00:00-04:00,2026-02-07,1144.27,United Kingdom
2285,285,flight,69,,2024-11-09 19:00:00-05:00,2025-01-24,385.18,Australia
2286,131,flight,53,,2026-05-06 20:00:00-04:00,2026-07-07,306.60,Canada
2287,41,flight,87,,2025-08-07 20:00:00-04:00,2025-08-29,1126.73,Japan
2288,640,hotel,,62,2026-04-13 20:00:00-04:00,2026-06-15,1176.48,United States
2289,226,hotel,,61,2026-05-30 20:00:00-04:00,2026-07-22,1114.14,United States
2290,24,hotel,,99,2025-05-31 20:00:00-04:00,2025-06-29,580.08,Germany
2291,555,flight,147,,2025-01-20 19:00:00-05:00,2025-02-08,854.53,United Kingdom
2292,759,hotel,,25,2025-01-25 19:00:00-05:00,2025-02-17,1515.80,Canada
2293,866,hotel,,118,2025-06-25 20:00:00-04:00,2025-08-02,5640.40,Japan
2294,170,flight,28,,2025-02-23 19:00:00-05:00,2025-04-07,952.71,Australia
2295,4,flight,112,,2026-05-09 20:00:00-04:00,2026-06-25,925.37,Australia
2296,594,hotel,,60,2025-12-10 19:00:00-05:00,2026-01-14,934.38,Japan
2297,868,flight,114,,2025-03-21 20:00:00-04:00,2025-06-28,275.32,Mexico
2298,454,flight,158,,2025-02-03 19:00:00-05:00,2025-05-30,1033.88,Japan
2299,769,hotel,,70,2025-01-20 19:00:00-05:00,2025-04-07,1944.44,Germany
2300,903,hotel,,135,2025-08-12 20:00:00-04:00,2025-11-29,2532.72,France
2301,330,flight,158,,2026-05-23 20:00:00-04:00,2026-08-03,1033.88,Japan
2302,398,hotel,,96,2026-08-13 20:00:00-04:00,2026-09-16,1332.75,Canada
2303,721,flight,179,,2025-03-24 20:00:00-04:00,2025-07-17,315.23,United Kingdom
2304,700,hotel,,104,2024-06-29 20:00:00-04:00,2024-10-15,1933.36,France
2305,224,hotel,,71,2026-02-08 19:00:00-05:00,2026-04-08,1181.08,Australia
2306,733,hotel,,121,2024-05-22 20:00:00-04:00,2024-07-17,91.10,Canada
2307,703,flight,17,,2026-10-27 20:00:00-04:00,2027-02-01,644.32,Japan
2308,464,flight,89,,2024-10-06 20:00:00-04:00,2024-12-26,1122.96,France
2309,369,hotel,,112,2025-02-27 19:00:00-05:00,2025-05-08,4332.08,Italy
2310,932,hotel,,66,2026-03-18 20:00:00-04:00,2026-05-20,3188.94,Canada
2311,235,hotel,,123,2025-11-27 19:00:00-05:00,2026-01-07,1112.07,Canada
2312,173,flight,133,,2025-12-29 19:00:00-05:00,2026-03-29,206.98,Japan
2313,614,flight,94,,2025-02-23 19:00:00-05:00,2025-04-20,679.32,United Arab Emirates
2314,50,flight,41,,2025-11-22 19:00:00-05:00,2026-02-28,1070.37,United States
2315,95,flight,135,,2025-05-20 20:00:00-04:00,2025-06-07,811.73,Canada
2316,955,hotel,,76,2025-09-29 20:00:00-04:00,2025-10-26,402.12,Mexico
2317,880,hotel,,48,2026-04-23 20:00:00-04:00,2026-08-20,996.92,United States
2318,420,hotel,,18,2024-09-06 20:00:00-04:00,2024-11-19,725.08,Mexico
2319,893,flight,147,,2025-01-02 19:00:00-05:00,2025-01-16,854.53,United Kingdom
2320,671,flight,121,,2025-07-15 20:00:00-04:00,2025-10-01,516.87,Japan
2321,965,hotel,,5,2026-03-26 20:00:00-04:00,2026-05-03,1675.28,United Kingdom
2322,618,flight,26,,2024-11-11 19:00:00-05:00,2025-02-25,499.26,Canada
2323,276,flight,200,,2025-08-04 20:00:00-04:00,2025-08-27,1105.59,Italy
2324,474,hotel,,137,2025-07-04 20:00:00-04:00,2025-07-31,1262.97,France
2325,252,flight,44,,2026-08-17 20:00:00-04:00,2026-12-12,279.77,United States
2326,785,hotel,,6,2026-11-14 19:00:00-05:00,2027-03-06,3362.67,Germany
2327,517,flight,43,,2025-08-16 20:00:00-04:00,2025-09-10,200.65,France
2328,50,hotel,,34,2025-12-25 19:00:00-05:00,2026-04-20,513.44,Italy
2329,883,hotel,,72,2024-12-08 19:00:00-05:00,2025-03-26,3667.52,France
2330,252,hotel,,29,2026-06-01 20:00:00-04:00,2026-09-07,1491.40,Canada
2331,166,flight,35,,2026-03-09 20:00:00-04:00,2026-05-04,1015.04,Japan
2332,1,hotel,,126,2025-04-29 20:00:00-04:00,2025-07-13,2195.76,Japan
2333,564,hotel,,134,2026-10-22 20:00:00-04:00,2026-12-28,1994.34,Italy
2334,806,hotel,,105,2025-09-08 20:00:00-04:00,2025-11-22,523.29,Australia
2335,516,hotel,,10,2024-07-26 20:00:00-04:00,2024-11-14,1875.44,United Kingdom
2336,76,hotel,,106,2025-12-30 19:00:00-05:00,2026-01-21,1003.94,United States
2337,385,hotel,,81,2025-05-15 20:00:00-04:00,2025-05-26,1202.08,Australia
2338,204,flight,199,,2025-11-16 19:00:00-05:00,2026-01-18,252.60,Australia
2339,654,flight,152,,2025-04-25 20:00:00-04:00,2025-08-21,623.18,Canada
2340,810,flight,78,,2025-04-22 20:00:00-04:00,2025-08-09,573.61,Japan
2341,406,flight,59,,2025-05-19 20:00:00-04:00,2025-05-29,1152.84,Canada
2342,926,hotel,,103,2025-12-04 19:00:00-05:00,2026-02-12,4149.12,United Arab Emirates
2343,730,hotel,,53,2025-02-20 19:00:00-05:00,2025-06-20,4713.76,Australia
2344,134,hotel,,38,2024-03-17 20:00:00-04:00,2024-04-25,398.38,Germany
2345,303,hotel,,120,2026-02-09 19:00:00-05:00,2026-04-02,1406.93,United Kingdom
2346,909,hotel,,76,2024-10-11 20:00:00-04:00,2025-01-03,804.24,Mexico
2347,841,hotel,,123,2026-02-25 19:00:00-05:00,2026-06-24,741.38,Canada
2348,361,hotel,,130,2024-06-03 20:00:00-04:00,2024-07-20,1434.54,Italy
2349,12,flight,183,,2025-12-17 19:00:00-05:00,2026-03-30,284.28,France
2350,576,hotel,,131,2025-11-16 19:00:00-05:00,2025-11-27,1172.40,Germany
2351,646,hotel,,104,2026-03-16 20:00:00-04:00,2026-05-20,2900.04,France
2352,818,hotel,,84,2026-04-30 20:00:00-04:00,2026-07-26,2492.25,Australia
2353,377,flight,32,,2025-09-12 20:00:00-04:00,2025-12-03,168.81,Italy
2354,905,hotel,,132,2025-03-08 19:00:00-05:00,2025-05-10,352.06,Japan
2355,683,flight,97,,2025-10-19 20:00:00-04:00,2026-02-09,897.47,United Arab Emirates
2356,339,hotel,,37,2025-03-25 20:00:00-04:00,2025-05-06,606.39,Canada
2357,781,flight,99,,2024-06-24 20:00:00-04:00,2024-09-18,1180.40,United Kingdom
2358,283,hotel,,12,2026-06-03 20:00:00-04:00,2026-06-16,817.90,United Arab Emirates
2359,13,flight,146,,2024-06-18 20:00:00-04:00,2024-08-18,381.83,United Kingdom
2360,199,hotel,,141,2025-12-30 19:00:00-05:00,2026-03-02,5795.10,Japan
2361,262,flight,42,,2026-02-15 19:00:00-05:00,2026-03-03,773.62,France
2362,880,flight,124,,2026-04-16 20:00:00-04:00,2026-07-26,852.39,Japan
2363,806,flight,43,,2025-08-23 20:00:00-04:00,2025-10-29,200.65,France
2364,948,hotel,,118,2025-09-16 20:00:00-04:00,2025-10-04,3384.24,Japan
2365,632,hotel,,148,2025-10-27 20:00:00-04:00,2025-12-07,4673.88,Australia
2366,562,hotel,,84,2025-06-12 20:00:00-04:00,2025-09-13,4486.05,Australia
2367,160,hotel,,63,2025-10-23 20:00:00-04:00,2026-02-07,2357.08,Italy
2368,835,flight,70,,2025-10-27 20:00:00-04:00,2026-01-04,604.49,Japan
2369,337,hotel,,104,2024-12-18 19:00:00-05:00,2025-03-28,483.34,France
2370,975,hotel,,38,2024-10-10 20:00:00-04:00,2024-10-31,1792.71,Germany
2371,229,flight,40,,2026-04-16 20:00:00-04:00,2026-06-22,679.87,Australia
2372,949,flight,130,,2025-10-22 20:00:00-04:00,2026-01-07,371.32,Japan
2373,372,hotel,,146,2024-10-20 20:00:00-04:00,2024-12-20,2054.64,United Kingdom
2374,307,flight,160,,2025-05-14 20:00:00-04:00,2025-06-11,1042.07,France
2375,493,flight,15,,2025-11-19 19:00:00-05:00,2026-03-20,1101.85,Canada
2376,447,hotel,,107,2024-10-16 20:00:00-04:00,2024-11-12,1668.16,United States
2377,32,hotel,,79,2026-06-05 20:00:00-04:00,2026-06-28,379.44,Mexico
2378,499,hotel,,55,2024-10-08 20:00:00-04:00,2024-12-30,1090.88,United States
2379,441,flight,157,,2025-12-30 19:00:00-05:00,2026-02-07,729.26,Canada
2380,824,flight,154,,2026-01-23 19:00:00-05:00,2026-02-20,327.07,United States
2381,335,hotel,,22,2025-02-28 19:00:00-05:00,2025-03-20,926.40,Mexico
2382,816,flight,110,,2024-11-24 19:00:00-05:00,2025-02-09,930.85,France
2383,505,flight,39,,2027-02-19 19:00:00-05:00,2027-05-20,913.53,Italy
2384,53,flight,9,,2026-09-07 20:00:00-04:00,2026-10-07,424.20,Germany
2385,137,hotel,,92,2026-08-17 20:00:00-04:00,2026-11-19,2167.50,United States
2386,90,flight,85,,2024-05-15 20:00:00-04:00,2024-07-01,887.20,United States
2387,103,flight,11,,2025-02-11 19:00:00-05:00,2025-03-01,843.56,United States
2388,630,flight,44,,2025-10-28 20:00:00-04:00,2026-02-14,279.77,United States
2389,919,hotel,,69,2025-03-07 19:00:00-05:00,2025-03-28,4494.30,United Arab Emirates
2390,299,flight,36,,2025-12-31 19:00:00-05:00,2026-02-13,776.19,Mexico
2391,67,hotel,,67,2026-11-23 19:00:00-05:00,2027-03-20,1564.29,United States
2392,659,flight,58,,2024-11-09 19:00:00-05:00,2025-02-02,1044.60,France
2393,706,hotel,,87,2025-05-25 20:00:00-04:00,2025-07-22,971.94,United States
2394,712,hotel,,131,2026-07-30 20:00:00-04:00,2026-09-21,1465.50,Germany
2395,301,hotel,,61,2025-03-29 20:00:00-04:00,2025-07-18,1856.90,United States
2396,683,hotel,,119,2025-11-17 19:00:00-05:00,2025-12-25,1245.54,France
2397,721,flight,16,,2024-06-08 20:00:00-04:00,2024-06-26,1032.67,United Kingdom
2398,602,flight,115,,2025-06-14 20:00:00-04:00,2025-07-05,427.45,Australia
2399,130,flight,198,,2025-11-11 19:00:00-05:00,2025-12-25,979.03,Canada
2400,341,hotel,,124,2025-08-12 20:00:00-04:00,2025-09-19,2538.76,Italy
2401,420,flight,172,,2025-05-08 20:00:00-04:00,2025-08-09,888.92,Japan
2402,566,hotel,,122,2025-04-09 20:00:00-04:00,2025-05-13,210.36,United States
2403,373,flight,89,,2026-03-13 20:00:00-04:00,2026-04-14,1122.96,France
2404,68,flight,65,,2024-06-22 20:00:00-04:00,2024-10-15,791.89,United Kingdom
2405,399,flight,169,,2026-04-04 20:00:00-04:00,2026-06-10,216.00,Italy
2406,990,hotel,,83,2026-12-24 19:00:00-05:00,2027-04-21,4421.12,Mexico
2407,137,hotel,,81,2027-02-08 19:00:00-05:00,2027-04-11,1502.60,Australia
2408,889,flight,43,,2025-10-24 20:00:00-04:00,2026-02-20,200.65,France
2409,978,hotel,,125,2025-09-23 20:00:00-04:00,2025-10-12,3187.08,Canada
2410,152,flight,132,,2026-01-24 19:00:00-05:00,2026-03-03,174.94,United Kingdom
2411,619,hotel,,47,2024-06-22 20:00:00-04:00,2024-07-25,603.05,United Arab Emirates
2412,40,flight,183,,2025-09-28 20:00:00-04:00,2025-11-21,284.28,France
2413,352,hotel,,27,2025-07-10 20:00:00-04:00,2025-07-18,2054.24,Mexico
2414,791,flight,86,,2025-03-28 20:00:00-04:00,2025-04-23,262.31,United States
2415,697,hotel,,136,2025-01-09 19:00:00-05:00,2025-03-08,1947.80,France
2416,628,flight,188,,2025-05-17 20:00:00-04:00,2025-08-31,380.33,United Kingdom
2417,820,flight,152,,2026-06-11 20:00:00-04:00,2026-09-19,623.18,Canada
2418,561,hotel,,117,2026-08-03 20:00:00-04:00,2026-11-15,209.34,United States
2419,292,hotel,,17,2026-01-19 19:00:00-05:00,2026-03-20,2466.16,United Kingdom
2420,850,hotel,,147,2025-02-23 19:00:00-05:00,2025-06-24,2261.72,Australia
2421,946,hotel,,116,2025-04-14 20:00:00-04:00,2025-05-20,2189.85,Australia
2422,308,flight,149,,2025-06-07 20:00:00-04:00,2025-09-08,413.22,Japan
2423,261,hotel,,136,2025-11-11 19:00:00-05:00,2025-11-19,779.12,France
2424,42,flight,102,,2024-10-26 20:00:00-04:00,2024-12-03,1071.35,Germany
2425,3,hotel,,71,2024-02-25 19:00:00-05:00,2024-03-13,2657.43,Australia
2426,834,hotel,,79,2026-01-24 19:00:00-05:00,2026-04-06,948.60,Mexico
2427,680,flight,55,,2024-10-13 20:00:00-04:00,2025-01-03,637.49,Germany
2428,547,hotel,,61,2025-05-01 20:00:00-04:00,2025-08-26,2599.66,United States
2429,575,hotel,,52,2025-11-01 20:00:00-04:00,2026-01-17,225.41,United States
2430,702,hotel,,63,2025-09-03 20:00:00-04:00,2025-10-23,4714.16,Italy
2431,22,flight,188,,2025-01-23 19:00:00-05:00,2025-05-06,380.33,United Kingdom
2432,265,flight,172,,2025-03-11 20:00:00-04:00,2025-04-25,888.92,Japan
2433,264,hotel,,53,2025-01-10 19:00:00-05:00,2025-03-13,1767.66,Australia
2434,371,flight,139,,2026-02-17 19:00:00-05:00,2026-04-05,445.59,Japan
2435,709,flight,32,,2025-03-19 20:00:00-04:00,2025-04-15,168.81,Italy
2436,874,flight,200,,2025-03-31 20:00:00-04:00,2025-04-16,1105.59,Italy
2437,789,hotel,,116,2025-05-12 20:00:00-04:00,2025-06-03,2627.82,Australia
2438,125,hotel,,124,2026-10-10 20:00:00-04:00,2026-11-02,3626.80,Italy
2439,285,flight,24,,2024-08-03 20:00:00-04:00,2024-11-19,1191.97,United Kingdom
2440,362,flight,49,,2025-02-17 19:00:00-05:00,2025-06-08,966.86,Italy
2441,559,hotel,,23,2025-02-16 19:00:00-05:00,2025-05-14,915.18,Japan
2442,167,flight,134,,2024-10-11 20:00:00-04:00,2024-11-08,1012.70,Australia
2443,835,flight,162,,2025-11-19 19:00:00-05:00,2026-03-03,423.65,Australia
2444,360,flight,100,,2024-08-07 20:00:00-04:00,2024-12-02,895.87,United Arab Emirates
2445,812,hotel,,132,2024-09-27 20:00:00-04:00,2025-01-16,2464.42,Japan
2446,218,flight,164,,2025-12-06 19:00:00-05:00,2026-03-03,637.94,United Kingdom
2447,496,flight,169,,2024-06-20 20:00:00-04:00,2024-10-12,216.00,Italy
2448,957,hotel,,118,2025-04-18 20:00:00-04:00,2025-08-02,3948.28,Japan
2449,330,hotel,,10,2025-12-20 19:00:00-05:00,2026-01-02,3750.88,United Kingdom
2450,193,flight,5,,2026-02-25 19:00:00-05:00,2026-04-19,414.60,Canada
2451,681,hotel,,107,2025-06-27 20:00:00-04:00,2025-08-17,208.52,United States
2452,993,hotel,,35,2024-10-14 20:00:00-04:00,2024-11-01,655.62,Japan
2453,609,flight,122,,2025-05-01 20:00:00-04:00,2025-05-26,528.84,United Arab Emirates
2454,507,hotel,,9,2025-07-23 20:00:00-04:00,2025-10-18,2282.28,Germany
2455,252,hotel,,109,2026-12-03 19:00:00-05:00,2027-03-26,1629.35,Mexico
2456,40,flight,171,,2024-12-07 19:00:00-05:00,2025-01-22,1075.63,Canada
2457,988,flight,98,,2026-02-10 19:00:00-05:00,2026-03-23,370.20,Italy
2458,157,hotel,,106,2025-06-02 20:00:00-04:00,2025-09-26,286.84,United States
2459,999,hotel,,79,2024-03-28 20:00:00-04:00,2024-06-07,474.30,Mexico
2460,417,flight,84,,2024-11-24 19:00:00-05:00,2025-01-07,1021.38,United States
2461,190,flight,155,,2025-06-17 20:00:00-04:00,2025-08-31,1032.12,Germany
2462,614,flight,25,,2025-08-09 20:00:00-04:00,2025-08-31,300.39,Canada
2463,999,hotel,,32,2024-08-07 20:00:00-04:00,2024-09-24,1488.24,Italy
2464,591,flight,21,,2025-08-22 20:00:00-04:00,2025-12-10,206.36,Canada
2465,238,flight,195,,2026-02-24 19:00:00-05:00,2026-04-12,940.00,Mexico
2466,564,flight,148,,2027-01-26 19:00:00-05:00,2027-04-14,634.33,Australia
2467,892,hotel,,77,2025-09-12 20:00:00-04:00,2025-12-13,481.74,Japan
2468,917,hotel,,108,2024-08-31 20:00:00-04:00,2024-10-17,924.74,Italy
2469,674,hotel,,14,2025-06-06 20:00:00-04:00,2025-09-16,650.43,Japan
2470,71,flight,28,,2026-04-23 20:00:00-04:00,2026-05-01,952.71,Australia
2471,913,hotel,,93,2025-09-17 20:00:00-04:00,2025-11-24,1596.21,Italy
2472,555,flight,152,,2025-03-14 20:00:00-04:00,2025-04-11,623.18,Canada
2473,963,flight,44,,2025-08-11 20:00:00-04:00,2025-09-30,279.77,United States
2474,190,flight,5,,2026-02-24 19:00:00-05:00,2026-06-15,414.60,Canada
2475,482,flight,44,,2026-03-27 20:00:00-04:00,2026-04-20,279.77,United States
2476,756,flight,175,,2024-12-14 19:00:00-05:00,2024-12-22,1171.31,United States
2477,536,hotel,,49,2026-07-10 20:00:00-04:00,2026-10-27,1626.48,United Kingdom
2478,561,flight,55,,2025-12-01 19:00:00-05:00,2026-02-02,637.49,Germany
2479,628,hotel,,136,2025-01-13 19:00:00-05:00,2025-05-06,973.90,France
2480,353,flight,106,,2025-08-07 20:00:00-04:00,2025-10-29,526.62,France
2481,933,hotel,,32,2025-04-08 20:00:00-04:00,2025-05-17,3472.56,Italy
2482,262,hotel,,104,2026-02-15 19:00:00-05:00,2026-03-09,4833.40,France
2483,196,hotel,,148,2025-06-19 20:00:00-04:00,2025-07-13,1557.96,Australia
2484,834,flight,34,,2026-12-25 19:00:00-05:00,2027-02-02,552.73,Japan
2485,729,flight,191,,2025-07-11 20:00:00-04:00,2025-08-19,222.29,Australia
2486,48,flight,35,,2025-11-26 19:00:00-05:00,2026-01-23,1015.04,Japan
2487,989,flight,148,,2024-07-16 20:00:00-04:00,2024-08-07,634.33,Australia
2488,3,flight,179,,2024-03-28 20:00:00-04:00,2024-07-20,315.23,United Kingdom
2489,15,hotel,,53,2025-03-18 20:00:00-04:00,2025-05-08,4713.76,Australia
2490,148,flight,32,,2024-12-02 19:00:00-05:00,2025-03-20,168.81,Italy
2491,890,hotel,,97,2024-08-29 20:00:00-04:00,2024-10-28,810.81,Italy
2492,697,hotel,,52,2024-11-26 19:00:00-05:00,2025-02-26,676.23,United States
2493,212,hotel,,63,2025-10-02 20:00:00-04:00,2025-11-03,4714.16,Italy
2494,501,hotel,,65,2026-05-01 20:00:00-04:00,2026-05-15,278.16,Canada
2495,444,hotel,,16,2025-08-22 20:00:00-04:00,2025-09-06,3600.32,Mexico
2496,537,hotel,,29,2026-01-04 19:00:00-05:00,2026-03-05,1864.25,Canada
2497,145,hotel,,110,2025-07-20 20:00:00-04:00,2025-08-19,407.17,United Arab Emirates
2498,485,flight,90,,2026-10-24 20:00:00-04:00,2026-12-29,841.38,Canada
2499,311,flight,177,,2025-04-23 20:00:00-04:00,2025-05-26,676.93,France
2500,885,hotel,,70,2026-03-23 20:00:00-04:00,2026-05-19,1458.33,Germany
2501,492,flight,5,,2026-05-30 20:00:00-04:00,2026-06-24,414.60,Canada
2502,800,flight,99,,2025-05-13 20:00:00-04:00,2025-07-22,1180.40,United Kingdom
2503,225,flight,185,,2025-12-23 19:00:00-05:00,2026-02-03,421.17,United Kingdom
2504,380,hotel,,70,2027-02-04 19:00:00-05:00,2027-02-24,4374.99,Germany
2505,819,hotel,,17,2025-12-27 19:00:00-05:00,2026-01-06,3082.70,United Kingdom
2506,981,flight,65,,2026-04-12 20:00:00-04:00,2026-05-26,791.89,United Kingdom
2507,830,flight,158,,2026-08-29 20:00:00-04:00,2026-11-16,1033.88,Japan
2508,589,flight,136,,2026-03-07 19:00:00-05:00,2026-05-17,856.96,United States
2509,4,flight,197,,2025-06-10 20:00:00-04:00,2025-07-29,1068.57,United States
2510,707,hotel,,1,2025-06-25 20:00:00-04:00,2025-08-15,3128.88,Japan
2511,199,flight,79,,2025-12-08 19:00:00-05:00,2026-03-19,1017.20,France
2512,739,hotel,,70,2026-03-01 19:00:00-05:00,2026-06-06,4861.10,Germany
2513,205,hotel,,145,2025-04-07 20:00:00-04:00,2025-07-31,5390.70,Canada
2514,366,flight,160,,2025-07-09 20:00:00-04:00,2025-09-15,1042.07,France
2515,201,flight,87,,2025-05-28 20:00:00-04:00,2025-06-10,1126.73,Japan
2516,366,hotel,,86,2025-04-29 20:00:00-04:00,2025-07-14,640.40,Germany
2517,234,hotel,,20,2025-04-23 20:00:00-04:00,2025-05-03,1196.68,United Kingdom
2518,579,flight,12,,2026-02-19 19:00:00-05:00,2026-04-20,1197.34,Canada
2519,210,hotel,,19,2026-06-05 20:00:00-04:00,2026-08-20,534.12,United Kingdom
2520,698,hotel,,55,2025-06-11 20:00:00-04:00,2025-07-17,623.36,United States
2521,380,flight,3,,2026-03-06 19:00:00-05:00,2026-04-15,384.96,France
2522,941,hotel,,116,2024-04-04 20:00:00-04:00,2024-05-17,1751.88,Australia
2523,96,hotel,,31,2024-06-11 20:00:00-04:00,2024-09-05,428.14,Canada
2524,825,hotel,,62,2025-04-26 20:00:00-04:00,2025-07-11,294.12,United States
2525,488,hotel,,2,2025-10-15 20:00:00-04:00,2025-11-13,662.72,Germany
2526,837,flight,85,,2026-08-25 20:00:00-04:00,2026-12-24,887.20,United States
2527,103,flight,59,,2025-01-01 19:00:00-05:00,2025-03-24,1152.84,Canada
2528,948,hotel,,90,2025-07-20 20:00:00-04:00,2025-09-20,3232.32,Italy
2529,772,hotel,,43,2024-11-12 19:00:00-05:00,2025-02-17,470.09,United States
2530,757,flight,6,,2026-08-28 20:00:00-04:00,2026-11-17,763.71,United States
2531,684,hotel,,41,2025-03-12 20:00:00-04:00,2025-04-11,1611.00,Canada
2532,756,flight,54,,2024-08-19 20:00:00-04:00,2024-09-21,1100.02,Japan
2533,203,flight,16,,2024-08-13 20:00:00-04:00,2024-10-18,1032.67,United Kingdom
2534,678,hotel,,35,2026-04-02 20:00:00-04:00,2026-06-28,327.81,Japan
2535,121,flight,194,,2025-08-24 20:00:00-04:00,2025-11-20,1096.69,Canada
2536,902,hotel,,40,2026-06-25 20:00:00-04:00,2026-08-27,798.38,Japan
2537,854,flight,2,,2024-10-21 20:00:00-04:00,2024-12-16,647.80,France
2538,176,hotel,,45,2025-07-21 20:00:00-04:00,2025-10-05,1993.11,Mexico
2539,112,flight,19,,2025-08-25 20:00:00-04:00,2025-09-29,523.05,Italy
2540,158,hotel,,59,2025-04-30 20:00:00-04:00,2025-07-02,1509.57,France
2541,273,hotel,,137,2025-12-07 19:00:00-05:00,2026-01-04,4209.90,France
2542,221,hotel,,114,2024-10-25 20:00:00-04:00,2024-11-24,2465.40,France
2543,324,hotel,,6,2024-12-06 19:00:00-05:00,2025-01-10,1494.52,Germany
2544,416,hotel,,138,2026-08-19 20:00:00-04:00,2026-12-03,2141.44,Canada
2545,950,flight,178,,2026-05-31 20:00:00-04:00,2026-06-22,230.94,Italy
2546,130,flight,180,,2026-01-30 19:00:00-05:00,2026-05-12,585.34,Italy
2547,547,flight,102,,2025-12-14 19:00:00-05:00,2026-02-21,1071.35,Germany
2548,932,flight,47,,2026-02-28 19:00:00-05:00,2026-05-13,589.77,United Kingdom
2549,552,flight,13,,2024-08-28 20:00:00-04:00,2024-10-05,923.57,United States
2550,521,flight,142,,2024-08-02 20:00:00-04:00,2024-10-17,861.15,Germany
2551,86,hotel,,24,2025-02-08 19:00:00-05:00,2025-04-25,988.35,United States
2552,268,hotel,,46,2025-03-05 19:00:00-05:00,2025-03-30,443.09,Canada
2553,438,hotel,,57,2025-09-07 20:00:00-04:00,2025-10-02,976.74,United Kingdom
2554,531,flight,19,,2025-12-22 19:00:00-05:00,2026-02-24,523.05,Italy
2555,433,flight,43,,2024-09-01 20:00:00-04:00,2024-11-06,200.65,France
2556,698,hotel,,9,2025-09-22 20:00:00-04:00,2025-10-03,380.38,Germany
2557,799,flight,7,,2025-02-27 19:00:00-05:00,2025-06-03,829.71,Australia
2558,884,flight,43,,2024-08-07 20:00:00-04:00,2024-09-25,200.65,France
2559,776,flight,49,,2024-09-09 20:00:00-04:00,2024-12-14,966.86,Italy
2560,493,flight,138,,2026-01-22 19:00:00-05:00,2026-05-10,1124.45,United States
2561,664,hotel,,7,2024-02-04 19:00:00-05:00,2024-05-22,884.64,United States
2562,362,hotel,,30,2025-02-13 19:00:00-05:00,2025-05-18,3909.87,United Arab Emirates
2563,662,hotel,,41,2024-06-06 20:00:00-04:00,2024-07-17,805.50,Canada
2564,559,flight,148,,2025-12-11 19:00:00-05:00,2026-03-14,634.33,Australia
2565,553,hotel,,134,2025-05-23 20:00:00-04:00,2025-08-01,664.78,Italy
2566,155,flight,160,,2024-10-11 20:00:00-04:00,2024-12-22,1042.07,France
2567,808,flight,121,,2025-04-10 20:00:00-04:00,2025-06-05,516.87,Japan
2568,42,hotel,,12,2024-11-04 19:00:00-05:00,2024-11-15,1635.80,United Arab Emirates
2569,51,flight,63,,2025-01-04 19:00:00-05:00,2025-02-14,1180.65,France
2570,387,hotel,,23,2024-12-28 19:00:00-05:00,2025-02-17,2745.54,Japan
2571,742,hotel,,104,2026-01-13 19:00:00-05:00,2026-02-09,3383.38,France
2572,577,flight,39,,2024-09-13 20:00:00-04:00,2024-11-12,913.53,Italy
2573,817,hotel,,83,2026-04-06 20:00:00-04:00,2026-05-13,3315.84,Mexico
2574,678,flight,44,,2026-06-13 20:00:00-04:00,2026-07-30,279.77,United States
2575,804,hotel,,11,2025-12-17 19:00:00-05:00,2026-03-05,1532.16,United Kingdom
2576,55,hotel,,106,2025-06-30 20:00:00-04:00,2025-08-07,1434.20,United States
2577,877,hotel,,5,2026-02-14 19:00:00-05:00,2026-04-08,4188.20,United Kingdom
2578,798,flight,16,,2024-12-09 19:00:00-05:00,2024-12-25,1032.67,United Kingdom
2579,275,flight,101,,2025-01-02 19:00:00-05:00,2025-04-30,749.17,Australia
2580,259,flight,190,,2025-07-08 20:00:00-04:00,2025-09-21,326.11,Germany
2581,6,hotel,,67,2026-07-11 20:00:00-04:00,2026-10-20,1564.29,United States
2582,561,hotel,,64,2026-07-14 20:00:00-04:00,2026-11-11,3870.54,United States
2583,199,hotel,,17,2026-01-18 19:00:00-05:00,2026-04-03,2157.89,United Kingdom
2584,275,flight,17,,2025-01-19 19:00:00-05:00,2025-04-23,644.32,Japan
2585,145,hotel,,76,2026-01-09 19:00:00-05:00,2026-04-13,402.12,Mexico
2586,535,hotel,,41,2024-12-25 19:00:00-05:00,2025-02-09,402.75,Canada
2587,249,hotel,,136,2025-07-14 20:00:00-04:00,2025-09-07,1363.46,France
2588,220,flight,65,,2025-03-11 20:00:00-04:00,2025-06-26,791.89,United Kingdom
2589,85,hotel,,100,2025-08-09 20:00:00-04:00,2025-11-30,634.50,France
2590,969,hotel,,96,2026-02-17 19:00:00-05:00,2026-04-11,2221.25,Canada
2591,888,flight,59,,2025-05-19 20:00:00-04:00,2025-07-17,1152.84,Canada
2592,739,hotel,,48,2026-04-16 20:00:00-04:00,2026-07-02,1246.15,United States
2593,197,flight,121,,2025-04-15 20:00:00-04:00,2025-05-03,516.87,Japan
2594,387,hotel,,72,2024-09-04 20:00:00-04:00,2024-12-22,2292.20,France
2595,526,flight,28,,2026-05-08 20:00:00-04:00,2026-08-17,952.71,Australia
2596,378,flight,129,,2026-08-01 20:00:00-04:00,2026-11-06,325.76,Japan
2597,532,flight,186,,2025-05-29 20:00:00-04:00,2025-07-18,819.50,Australia
2598,996,flight,179,,2026-04-25 20:00:00-04:00,2026-07-20,315.23,United Kingdom
2599,64,hotel,,15,2025-05-25 20:00:00-04:00,2025-07-09,2283.70,Japan
2600,245,flight,196,,2025-09-21 20:00:00-04:00,2025-10-25,1018.90,Australia
2601,844,hotel,,135,2025-11-19 19:00:00-05:00,2026-03-13,2110.60,France
2602,602,hotel,,102,2026-03-28 20:00:00-04:00,2026-04-20,1284.48,Canada
2603,827,flight,25,,2024-04-22 20:00:00-04:00,2024-05-11,300.39,Canada
2604,729,hotel,,32,2025-12-09 19:00:00-05:00,2026-02-14,4464.72,Italy
2605,50,flight,24,,2026-02-07 19:00:00-05:00,2026-05-01,1191.97,United Kingdom
2606,647,flight,35,,2026-07-04 20:00:00-04:00,2026-08-08,1015.04,Japan
2607,415,hotel,,105,2026-03-17 20:00:00-04:00,2026-03-30,174.43,Australia
2608,741,flight,157,,2024-07-23 20:00:00-04:00,2024-11-04,729.26,Canada
2609,780,hotel,,25,2025-08-10 20:00:00-04:00,2025-10-06,3031.60,Canada
2610,984,hotel,,135,2025-08-14 20:00:00-04:00,2025-11-22,422.12,France
2611,11,flight,7,,2025-05-07 20:00:00-04:00,2025-08-28,829.71,Australia
2612,831,flight,86,,2025-01-14 19:00:00-05:00,2025-02-04,262.31,United States
2613,798,hotel,,33,2024-12-02 19:00:00-05:00,2025-02-18,4444.30,United States
2614,537,flight,97,,2026-01-25 19:00:00-05:00,2026-05-01,897.47,United Arab Emirates
2615,342,hotel,,128,2026-04-24 20:00:00-04:00,2026-07-30,2011.30,United Kingdom
2616,747,hotel,,107,2026-05-03 20:00:00-04:00,2026-05-26,208.52,United States
2617,904,flight,157,,2025-07-05 20:00:00-04:00,2025-08-29,729.26,Canada
2618,812,hotel,,15,2024-10-12 20:00:00-04:00,2025-02-10,913.48,Japan
2619,319,flight,135,,2024-04-25 20:00:00-04:00,2024-08-22,811.73,Canada
2620,655,hotel,,75,2026-01-25 19:00:00-05:00,2026-04-12,374.84,Australia
2621,237,hotel,,88,2026-09-12 20:00:00-04:00,2026-11-20,235.80,Canada
2622,601,flight,44,,2026-03-15 20:00:00-04:00,2026-04-16,279.77,United States
2623,835,flight,155,,2025-07-07 20:00:00-04:00,2025-09-30,1032.12,Germany
2624,518,flight,116,,2024-07-18 20:00:00-04:00,2024-08-25,497.09,France
2625,282,hotel,,20,2025-01-30 19:00:00-05:00,2025-04-01,1196.68,United Kingdom
2626,262,flight,188,,2027-02-06 19:00:00-05:00,2027-05-20,380.33,United Kingdom
2627,302,flight,105,,2025-10-06 20:00:00-04:00,2025-12-21,1031.35,United Kingdom
2628,964,flight,6,,2025-11-04 19:00:00-05:00,2026-01-31,763.71,United States
2629,797,hotel,,102,2026-02-24 19:00:00-05:00,2026-05-06,2247.84,Canada
2630,446,flight,25,,2025-10-08 20:00:00-04:00,2026-01-12,300.39,Canada
2631,120,flight,5,,2025-08-28 20:00:00-04:00,2025-12-13,414.60,Canada
2632,962,flight,15,,2024-06-08 20:00:00-04:00,2024-10-05,1101.85,Canada
2633,533,flight,102,,2025-08-17 20:00:00-04:00,2025-10-13,1071.35,Germany
2634,906,flight,40,,2024-02-12 19:00:00-05:00,2024-04-09,679.87,Australia
2635,702,hotel,,55,2025-08-31 20:00:00-04:00,2025-10-19,311.68,United States
2636,976,flight,88,,2026-06-05 20:00:00-04:00,2026-07-15,902.63,Italy
2637,365,flight,141,,2025-03-30 20:00:00-04:00,2025-06-11,986.61,United States
2638,188,hotel,,125,2026-02-14 19:00:00-05:00,2026-03-07,4249.44,Canada
2639,435,flight,135,,2026-01-20 19:00:00-05:00,2026-02-23,811.73,Canada
2640,852,hotel,,11,2025-07-27 20:00:00-04:00,2025-11-07,383.04,United Kingdom
2641,248,hotel,,136,2026-06-02 20:00:00-04:00,2026-06-10,1558.24,France
2642,799,flight,61,,2024-09-15 20:00:00-04:00,2024-10-31,1160.43,United States
2643,489,flight,55,,2024-10-22 20:00:00-04:00,2024-11-04,637.49,Germany
2644,240,hotel,,32,2025-06-27 20:00:00-04:00,2025-10-05,496.08,Italy
2645,105,hotel,,5,2025-04-08 20:00:00-04:00,2025-07-13,4188.20,United Kingdom
2646,842,flight,145,,2026-11-13 19:00:00-05:00,2027-01-07,372.32,United States
2647,595,flight,147,,2026-07-16 20:00:00-04:00,2026-08-29,854.53,United Kingdom
2648,187,flight,66,,2025-09-05 20:00:00-04:00,2025-11-09,657.23,United Kingdom
2649,597,flight,154,,2025-07-29 20:00:00-04:00,2025-11-10,327.07,United States
2650,724,hotel,,97,2026-04-16 20:00:00-04:00,2026-07-06,450.45,Italy
2651,851,hotel,,134,2026-02-14 19:00:00-05:00,2026-06-15,1661.95,Italy
2652,149,hotel,,146,2025-12-25 19:00:00-05:00,2026-02-20,1369.76,United Kingdom
2653,151,hotel,,76,2026-01-04 19:00:00-05:00,2026-01-25,134.04,Mexico
2654,791,hotel,,50,2025-09-27 20:00:00-04:00,2025-12-23,526.92,United Arab Emirates
2655,912,flight,200,,2025-10-22 20:00:00-04:00,2025-11-22,1105.59,Italy
2656,827,flight,37,,2024-07-29 20:00:00-04:00,2024-11-13,1195.95,United Arab Emirates
2657,795,hotel,,144,2025-01-01 19:00:00-05:00,2025-03-22,467.98,Australia
2658,418,flight,40,,2026-05-18 20:00:00-04:00,2026-07-25,679.87,Australia
2659,408,flight,107,,2026-10-14 20:00:00-04:00,2027-01-27,1058.08,Australia
2660,996,flight,45,,2026-07-24 20:00:00-04:00,2026-09-26,879.95,Italy
2661,768,flight,186,,2026-01-13 19:00:00-05:00,2026-04-02,819.50,Australia
2662,234,flight,170,,2024-12-23 19:00:00-05:00,2025-03-26,693.78,Italy
2663,617,hotel,,134,2025-07-20 20:00:00-04:00,2025-08-28,997.17,Italy
2664,674,flight,1,,2025-06-14 20:00:00-04:00,2025-10-05,432.54,Italy
2665,919,hotel,,31,2025-01-23 19:00:00-05:00,2025-05-24,642.21,Canada
2666,924,hotel,,141,2026-07-11 20:00:00-04:00,2026-07-22,1738.53,Japan
2667,416,hotel,,38,2026-11-13 19:00:00-05:00,2027-02-15,1394.33,Germany
2668,677,hotel,,141,2024-05-23 20:00:00-04:00,2024-09-08,4056.57,Japan
2669,587,hotel,,19,2026-07-04 20:00:00-04:00,2026-09-02,1068.24,United Kingdom
2670,16,hotel,,38,2025-08-13 20:00:00-04:00,2025-09-02,796.76,Germany
2671,827,hotel,,31,2024-12-18 19:00:00-05:00,2025-02-07,1070.35,Canada
2672,864,flight,139,,2026-03-19 20:00:00-04:00,2026-05-17,445.59,Japan
2673,153,flight,198,,2026-02-16 19:00:00-05:00,2026-06-05,979.03,Canada
2674,319,hotel,,8,2025-01-07 19:00:00-05:00,2025-01-20,1112.19,United Kingdom
2675,490,flight,171,,2026-01-03 19:00:00-05:00,2026-01-11,1075.63,Canada
2676,873,hotel,,100,2025-09-20 20:00:00-04:00,2025-11-17,253.80,France
2677,57,flight,52,,2026-05-08 20:00:00-04:00,2026-07-19,163.39,France
2678,77,flight,157,,2025-07-04 20:00:00-04:00,2025-08-05,729.26,Canada
2679,343,flight,97,,2024-09-09 20:00:00-04:00,2024-09-25,897.47,United Arab Emirates
2680,541,flight,72,,2026-11-20 19:00:00-05:00,2027-02-18,825.57,France
2681,83,hotel,,19,2026-02-08 19:00:00-05:00,2026-05-04,1602.36,United Kingdom
2682,56,hotel,,46,2026-08-11 20:00:00-04:00,2026-11-26,3987.81,Canada
2683,201,hotel,,37,2025-11-06 19:00:00-05:00,2026-01-05,202.13,Canada
2684,748,hotel,,72,2025-08-02 20:00:00-04:00,2025-10-30,2292.20,France
2685,18,hotel,,73,2026-06-06 20:00:00-04:00,2026-08-09,1167.53,Japan
2686,167,flight,36,,2025-04-19 20:00:00-04:00,2025-06-23,776.19,Mexico
2687,744,hotel,,34,2026-04-17 20:00:00-04:00,2026-07-19,1283.60,Italy
2688,141,hotel,,24,2024-09-09 20:00:00-04:00,2024-11-27,1581.36,United States
2689,743,hotel,,42,2025-01-20 19:00:00-05:00,2025-02-03,3352.20,Australia
2690,717,flight,102,,2024-12-03 19:00:00-05:00,2024-12-13,1071.35,Germany
2691,960,hotel,,51,2024-07-06 20:00:00-04:00,2024-08-07,1777.48,Italy
2692,465,flight,81,,2025-05-15 20:00:00-04:00,2025-06-08,1007.42,France
2693,367,flight,103,,2024-05-25 20:00:00-04:00,2024-07-16,261.79,Mexico
2694,112,hotel,,119,2026-03-11 20:00:00-04:00,2026-03-29,415.18,France
2695,210,flight,21,,2026-10-19 20:00:00-04:00,2026-11-09,206.36,Canada
2696,618,flight,29,,2024-10-08 20:00:00-04:00,2024-12-03,795.20,United Kingdom
2697,225,hotel,,132,2026-02-26 19:00:00-05:00,2026-06-19,2112.36,Japan
2698,136,hotel,,147,2026-07-24 20:00:00-04:00,2026-10-09,3392.58,Australia
2699,386,flight,115,,2025-09-07 20:00:00-04:00,2025-10-12,427.45,Australia
2700,77,hotel,,13,2024-12-31 19:00:00-05:00,2025-02-10,975.81,Japan
2701,886,hotel,,102,2024-05-07 20:00:00-04:00,2024-06-02,1605.60,Canada
2702,523,flight,71,,2024-04-08 20:00:00-04:00,2024-06-10,306.09,United States
2703,292,flight,53,,2026-05-11 20:00:00-04:00,2026-07-15,306.60,Canada
2704,699,hotel,,121,2024-06-05 20:00:00-04:00,2024-08-02,819.90,Canada
2705,111,flight,128,,2025-08-12 20:00:00-04:00,2025-11-22,461.26,France
2706,684,flight,4,,2025-03-09 20:00:00-04:00,2025-03-26,595.00,Germany
2707,854,flight,126,,2025-01-14 19:00:00-05:00,2025-02-02,717.25,Germany
2708,916,flight,50,,2024-03-30 20:00:00-04:00,2024-06-26,460.12,United States
2709,268,hotel,,140,2024-08-23 20:00:00-04:00,2024-11-12,2771.04,Mexico
2710,753,hotel,,113,2026-11-04 19:00:00-05:00,2027-01-28,1636.44,Japan
2711,777,hotel,,139,2025-10-24 20:00:00-04:00,2026-02-20,2033.16,United States
2712,898,flight,140,,2025-05-28 20:00:00-04:00,2025-06-27,647.69,France
2713,698,hotel,,87,2025-10-29 20:00:00-04:00,2025-11-09,1295.92,United States
2714,587,hotel,,140,2026-01-20 19:00:00-05:00,2026-04-01,3232.88,Mexico
2715,413,flight,180,,2025-02-01 19:00:00-05:00,2025-04-11,585.34,Italy
2716,63,hotel,,104,2026-10-21 20:00:00-04:00,2026-11-28,4350.06,France
2717,799,flight,196,,2024-03-31 20:00:00-04:00,2024-05-24,1018.90,Australia
2718,3,hotel,,22,2024-11-03 19:00:00-05:00,2024-11-29,1389.60,Mexico
2719,185,flight,84,,2026-09-09 20:00:00-04:00,2026-10-31,1021.38,United States
2720,691,flight,174,,2025-10-04 20:00:00-04:00,2025-12-01,533.56,United States
2721,895,hotel,,86,2025-12-06 19:00:00-05:00,2026-03-23,720.45,Germany
2722,459,flight,104,,2027-01-16 19:00:00-05:00,2027-02-26,359.90,France
2723,584,flight,167,,2024-06-28 20:00:00-04:00,2024-09-10,744.68,United Kingdom
2724,789,flight,36,,2025-03-19 20:00:00-04:00,2025-06-08,776.19,Mexico
2725,336,hotel,,11,2024-10-27 20:00:00-04:00,2025-02-08,1723.68,United Kingdom
2726,605,hotel,,139,2025-01-14 19:00:00-05:00,2025-03-18,2541.45,United States
2727,803,flight,10,,2024-06-08 20:00:00-04:00,2024-07-02,953.75,Mexico
2728,872,hotel,,59,2025-04-06 20:00:00-04:00,2025-06-30,4528.71,France
2729,444,hotel,,34,2026-02-16 19:00:00-05:00,2026-04-02,641.80,Italy
2730,904,hotel,,142,2025-10-25 20:00:00-04:00,2026-01-06,712.92,Japan
2731,663,flight,116,,2024-07-24 20:00:00-04:00,2024-09-14,497.09,France
2732,642,hotel,,113,2024-12-23 19:00:00-05:00,2025-03-29,818.22,Japan
2733,366,flight,103,,2025-04-26 20:00:00-04:00,2025-07-12,261.79,Mexico
2734,459,hotel,,139,2026-10-01 20:00:00-04:00,2026-11-03,1524.87,United States
2735,27,hotel,,20,2024-12-29 19:00:00-05:00,2025-02-23,5983.40,United Kingdom
2736,66,hotel,,137,2025-06-07 20:00:00-04:00,2025-09-01,3367.92,France
2737,394,flight,112,,2024-12-24 19:00:00-05:00,2025-03-15,925.37,Australia
2738,518,hotel,,34,2024-08-28 20:00:00-04:00,2024-12-21,770.16,Italy
2739,529,flight,10,,2026-02-06 19:00:00-05:00,2026-05-20,953.75,Mexico
2740,810,hotel,,1,2025-05-08 20:00:00-04:00,2025-07-22,2737.77,Japan
2741,659,flight,61,,2025-02-12 19:00:00-05:00,2025-05-11,1160.43,United States
2742,378,flight,8,,2026-10-12 20:00:00-04:00,2026-11-23,655.83,Japan
2743,680,hotel,,85,2024-08-19 20:00:00-04:00,2024-10-14,2354.80,Germany
2744,583,flight,32,,2024-04-12 20:00:00-04:00,2024-07-15,168.81,Italy
2745,172,hotel,,88,2024-12-12 19:00:00-05:00,2025-01-11,1414.80,Canada
2746,275,hotel,,101,2025-02-02 19:00:00-05:00,2025-04-18,2062.32,Canada
2747,608,hotel,,91,2024-06-18 20:00:00-04:00,2024-07-13,1649.00,United States
2748,302,flight,163,,2025-12-05 19:00:00-05:00,2026-01-13,562.12,United States
2749,975,flight,190,,2025-05-16 20:00:00-04:00,2025-07-31,326.11,Germany
2750,590,hotel,,57,2025-12-14 19:00:00-05:00,2026-04-07,1953.48,United Kingdom
2751,560,flight,43,,2025-04-12 20:00:00-04:00,2025-06-10,200.65,France
2752,267,flight,84,,2025-02-10 19:00:00-05:00,2025-05-16,1021.38,United States
2753,192,hotel,,88,2026-03-05 19:00:00-05:00,2026-04-04,1650.60,Canada
2754,172,flight,57,,2024-10-02 20:00:00-04:00,2024-12-24,925.47,United States
2755,890,flight,156,,2024-09-07 20:00:00-04:00,2024-11-21,635.99,Canada
2756,801,hotel,,130,2026-03-05 19:00:00-05:00,2026-04-10,956.36,Italy
2757,574,hotel,,7,2025-01-13 19:00:00-05:00,2025-03-08,2359.04,United States
2758,532,hotel,,144,2025-07-24 20:00:00-04:00,2025-11-17,2807.88,Australia
2759,17,hotel,,74,2026-07-23 20:00:00-04:00,2026-11-06,2835.65,Japan
2760,230,flight,161,,2025-05-23 20:00:00-04:00,2025-07-09,575.39,Australia
2761,639,flight,148,,2026-12-21 19:00:00-05:00,2027-03-04,634.33,Australia
2762,77,flight,124,,2025-03-30 20:00:00-04:00,2025-06-22,852.39,Japan
2763,169,flight,181,,2025-12-07 19:00:00-05:00,2026-02-19,858.99,Canada
2764,342,flight,10,,2025-10-17 20:00:00-04:00,2026-02-03,953.75,Mexico
2765,89,hotel,,79,2026-03-20 20:00:00-04:00,2026-05-17,189.72,Mexico
2766,334,hotel,,84,2025-07-05 20:00:00-04:00,2025-07-26,2990.70,Australia
2767,208,flight,45,,2025-02-25 19:00:00-05:00,2025-06-06,879.95,Italy
2768,375,flight,187,,2025-01-20 19:00:00-05:00,2025-03-29,786.85,Canada
2769,867,flight,110,,2024-09-22 20:00:00-04:00,2025-01-10,930.85,France
2770,459,hotel,,69,2026-02-22 19:00:00-05:00,2026-03-04,1348.29,United Arab Emirates
2771,714,flight,23,,2026-03-03 19:00:00-05:00,2026-06-17,463.27,Mexico
2772,37,hotel,,99,2024-10-19 20:00:00-04:00,2024-12-24,1450.20,Germany
2773,542,flight,135,,2026-10-23 20:00:00-04:00,2027-01-14,811.73,Canada
2774,485,flight,34,,2026-11-02 19:00:00-05:00,2027-02-11,552.73,Japan
2775,776,hotel,,93,2024-08-01 20:00:00-04:00,2024-09-12,684.09,Italy
2776,241,hotel,,36,2026-05-17 20:00:00-04:00,2026-06-14,1050.30,Italy
2777,571,hotel,,84,2026-09-26 20:00:00-04:00,2026-10-11,4984.50,Australia
2778,519,hotel,,114,2025-02-27 19:00:00-05:00,2025-05-14,2465.40,France
2779,306,flight,181,,2024-11-06 19:00:00-05:00,2025-01-16,858.99,Canada
2780,346,hotel,,139,2026-09-26 20:00:00-04:00,2026-11-08,3049.74,United States
2781,751,hotel,,82,2025-06-29 20:00:00-04:00,2025-10-16,4081.40,Australia
2782,295,flight,78,,2025-06-08 20:00:00-04:00,2025-07-02,573.61,Japan
2783,981,flight,178,,2026-01-21 19:00:00-05:00,2026-05-12,230.94,Italy
2784,439,hotel,,2,2025-08-23 20:00:00-04:00,2025-09-17,82.84,Germany
2785,44,flight,164,,2026-02-16 19:00:00-05:00,2026-04-12,637.94,United Kingdom
2786,236,flight,34,,2025-08-21 20:00:00-04:00,2025-09-28,552.73,Japan
2787,659,flight,82,,2024-08-13 20:00:00-04:00,2024-12-10,902.49,Canada
2788,71,flight,88,,2025-06-28 20:00:00-04:00,2025-08-16,902.63,Italy
2789,493,flight,163,,2026-03-06 19:00:00-05:00,2026-04-09,562.12,United States
2790,649,hotel,,47,2026-10-19 20:00:00-04:00,2027-01-29,172.30,United Arab Emirates
2791,291,hotel,,134,2024-08-09 20:00:00-04:00,2024-12-03,2991.51,Italy
2792,632,hotel,,126,2025-09-14 20:00:00-04:00,2025-12-06,941.04,Japan
2793,512,flight,164,,2024-12-28 19:00:00-05:00,2025-03-03,637.94,United Kingdom
2794,808,hotel,,106,2025-03-30 20:00:00-04:00,2025-06-28,430.26,United States
2795,765,flight,132,,2024-04-06 20:00:00-04:00,2024-05-30,174.94,United Kingdom
2796,757,flight,54,,2026-04-17 20:00:00-04:00,2026-05-31,1100.02,Japan
2797,973,flight,45,,2026-03-11 20:00:00-04:00,2026-04-15,879.95,Italy
2798,725,flight,17,,2025-03-11 20:00:00-04:00,2025-04-12,644.32,Japan
2799,130,flight,166,,2026-08-11 20:00:00-04:00,2026-09-06,945.07,United Kingdom
2800,8,hotel,,16,2025-06-22 20:00:00-04:00,2025-07-11,3150.28,Mexico
2801,757,flight,63,,2025-11-26 19:00:00-05:00,2026-02-08,1180.65,France
2802,426,hotel,,53,2025-04-21 20:00:00-04:00,2025-05-19,5302.98,Australia
2803,475,hotel,,43,2024-03-30 20:00:00-04:00,2024-06-14,3760.72,United States
2804,414,flight,46,,2025-05-23 20:00:00-04:00,2025-07-28,845.61,Japan
2805,806,flight,119,,2025-10-29 20:00:00-04:00,2026-01-06,701.66,United Arab Emirates
2806,329,hotel,,69,2026-03-06 19:00:00-05:00,2026-05-24,3595.44,United Arab Emirates
2807,139,hotel,,147,2024-08-28 20:00:00-04:00,2024-12-24,565.43,Australia
2808,334,flight,131,,2025-09-27 20:00:00-04:00,2025-10-16,365.86,Japan
2809,837,hotel,,142,2026-08-10 20:00:00-04:00,2026-11-10,1425.84,Japan
2810,748,flight,141,,2025-10-29 20:00:00-04:00,2025-11-12,986.61,United States
2811,890,flight,166,,2024-10-27 20:00:00-04:00,2024-11-19,945.07,United Kingdom
2812,481,flight,176,,2024-04-16 20:00:00-04:00,2024-06-21,1008.10,United States
2813,221,flight,184,,2024-11-03 19:00:00-05:00,2025-02-19,191.15,Mexico
2814,746,flight,150,,2025-07-27 20:00:00-04:00,2025-10-26,1149.12,Canada
2815,990,flight,47,,2026-01-09 19:00:00-05:00,2026-02-27,589.77,United Kingdom
2816,177,flight,158,,2026-11-08 19:00:00-05:00,2027-01-27,1033.88,Japan
2817,220,hotel,,110,2024-12-30 19:00:00-05:00,2025-01-19,2443.02,United Arab Emirates
2818,674,flight,61,,2025-12-13 19:00:00-05:00,2026-01-28,1160.43,United States
2819,567,flight,84,,2024-08-10 20:00:00-04:00,2024-09-08,1021.38,United States
2820,669,hotel,,148,2026-09-19 20:00:00-04:00,2026-10-28,4673.88,Australia
2821,209,hotel,,69,2025-01-19 19:00:00-05:00,2025-03-07,3146.01,United Arab Emirates
2822,126,hotel,,127,2026-05-06 20:00:00-04:00,2026-07-12,1264.48,Australia
2823,166,hotel,,6,2026-07-01 20:00:00-04:00,2026-08-09,3736.30,Germany
2824,341,hotel,,128,2025-02-26 19:00:00-05:00,2025-05-18,4022.60,United Kingdom
2825,733,flight,155,,2024-04-26 20:00:00-04:00,2024-06-30,1032.12,Germany
2826,845,hotel,,147,2025-01-03 19:00:00-05:00,2025-02-03,1696.29,Australia
2827,451,flight,85,,2026-03-04 19:00:00-05:00,2026-03-19,887.20,United States
2828,253,hotel,,29,2026-01-22 19:00:00-05:00,2026-04-03,1491.40,Canada
2829,503,hotel,,143,2026-03-17 20:00:00-04:00,2026-06-07,3387.69,Italy
2830,249,flight,173,,2025-07-24 20:00:00-04:00,2025-08-04,757.56,Germany
2831,771,flight,94,,2024-06-20 20:00:00-04:00,2024-10-07,679.32,United Arab Emirates
2832,407,flight,45,,2025-08-18 20:00:00-04:00,2025-09-19,879.95,Italy
2833,39,flight,142,,2025-09-26 20:00:00-04:00,2026-01-09,861.15,Germany
2834,501,hotel,,130,2026-06-12 20:00:00-04:00,2026-08-23,4781.80,Italy
2835,449,hotel,,96,2025-11-20 19:00:00-05:00,2025-12-24,3998.25,Canada
2836,366,flight,137,,2025-04-27 20:00:00-04:00,2025-07-25,943.76,Japan
2837,404,flight,5,,2024-12-21 19:00:00-05:00,2025-01-23,414.60,Canada
2838,285,hotel,,21,2024-06-02 20:00:00-04:00,2024-07-29,2908.30,United States
2839,876,hotel,,18,2025-10-15 20:00:00-04:00,2025-12-20,1087.62,Mexico
2840,856,flight,187,,2025-01-30 19:00:00-05:00,2025-05-29,786.85,Canada
2841,585,flight,39,,2024-01-17 19:00:00-05:00,2024-05-03,913.53,Italy
2842,659,flight,90,,2024-12-25 19:00:00-05:00,2025-04-07,841.38,Canada
2843,680,flight,51,,2024-03-20 20:00:00-04:00,2024-05-05,872.61,Italy
2844,490,hotel,,131,2026-12-03 19:00:00-05:00,2027-04-01,1172.40,Germany
2845,59,flight,107,,2025-07-04 20:00:00-04:00,2025-09-23,1058.08,Australia
2846,482,flight,152,,2025-07-15 20:00:00-04:00,2025-10-18,623.18,Canada
2847,512,flight,38,,2025-04-02 20:00:00-04:00,2025-04-24,1145.49,United Kingdom
2848,408,flight,188,,2027-01-12 19:00:00-05:00,2027-02-08,380.33,United Kingdom
2849,156,flight,31,,2025-05-08 20:00:00-04:00,2025-06-05,1147.57,United States
2850,888,hotel,,36,2025-09-10 20:00:00-04:00,2025-11-16,175.05,Italy
2851,118,flight,98,,2025-04-21 20:00:00-04:00,2025-05-13,370.20,Italy
2852,413,flight,11,,2024-08-19 20:00:00-04:00,2024-09-19,843.56,United States
2853,124,flight,186,,2025-03-21 20:00:00-04:00,2025-04-15,819.50,Australia
2854,352,hotel,,55,2025-05-26 20:00:00-04:00,2025-06-28,155.84,United States
2855,301,flight,87,,2025-04-04 20:00:00-04:00,2025-05-30,1126.73,Japan
2856,214,flight,117,,2025-02-13 19:00:00-05:00,2025-03-15,776.72,United Arab Emirates
2857,667,hotel,,39,2026-08-13 20:00:00-04:00,2026-09-03,2425.25,United States
2858,181,flight,6,,2024-11-05 19:00:00-05:00,2024-12-19,763.71,United States
2859,809,hotel,,36,2026-12-26 19:00:00-05:00,2027-03-11,1050.30,Italy
2860,881,flight,84,,2024-12-01 19:00:00-05:00,2025-03-04,1021.38,United States
2861,138,flight,97,,2026-03-31 20:00:00-04:00,2026-05-14,897.47,United Arab Emirates
2862,132,flight,180,,2026-10-02 20:00:00-04:00,2026-11-03,585.34,Italy
2863,868,hotel,,98,2025-02-19 19:00:00-05:00,2025-05-30,353.38,Australia
2864,830,flight,171,,2026-01-08 19:00:00-05:00,2026-04-17,1075.63,Canada
2865,583,hotel,,150,2024-06-01 20:00:00-04:00,2024-09-16,2137.60,United States
2866,844,flight,117,,2025-09-30 20:00:00-04:00,2025-11-06,776.72,United Arab Emirates
2867,122,flight,109,,2024-12-21 19:00:00-05:00,2025-01-22,556.93,United States
2868,958,hotel,,139,2026-01-06 19:00:00-05:00,2026-02-24,3049.74,United States
2869,397,hotel,,7,2026-05-08 20:00:00-04:00,2026-06-12,1474.40,United States
2870,965,flight,37,,2026-03-20 20:00:00-04:00,2026-03-31,1195.95,United Arab Emirates
2871,494,flight,93,,2026-10-10 20:00:00-04:00,2026-11-02,332.33,Australia
2872,629,flight,143,,2026-09-23 20:00:00-04:00,2026-10-30,298.44,Australia
2873,507,hotel,,16,2025-06-22 20:00:00-04:00,2025-07-21,3600.32,Mexico
2874,737,flight,152,,2025-10-29 20:00:00-04:00,2025-12-30,623.18,Canada
2875,23,hotel,,33,2025-11-26 19:00:00-05:00,2025-12-20,2222.15,United States
2876,544,flight,67,,2026-03-19 20:00:00-04:00,2026-05-06,198.27,Canada
2877,976,flight,165,,2027-01-30 19:00:00-05:00,2027-04-28,677.28,United States
2878,8,flight,74,,2025-08-01 20:00:00-04:00,2025-11-07,402.94,United Arab Emirates
2879,34,flight,5,,2025-05-08 20:00:00-04:00,2025-05-31,414.60,Canada
2880,631,hotel,,145,2026-05-14 20:00:00-04:00,2026-07-24,4312.56,Canada
2881,378,hotel,,17,2026-03-27 20:00:00-04:00,2026-06-22,1849.62,United Kingdom
2882,454,hotel,,109,2025-01-28 19:00:00-05:00,2025-03-13,977.61,Mexico
2883,969,flight,28,,2026-04-06 20:00:00-04:00,2026-06-14,952.71,Australia
2884,141,hotel,,1,2025-04-24 20:00:00-04:00,2025-06-26,782.22,Japan
2885,46,flight,132,,2026-01-16 19:00:00-05:00,2026-05-06,174.94,United Kingdom
2886,126,flight,189,,2025-09-24 20:00:00-04:00,2025-10-05,1011.48,Australia
2887,812,hotel,,26,2025-05-15 20:00:00-04:00,2025-06-21,2745.92,United Kingdom
2888,409,hotel,,42,2024-07-04 20:00:00-04:00,2024-09-12,2346.54,Australia
2889,529,flight,133,,2026-03-04 19:00:00-05:00,2026-03-13,206.98,Japan
2890,100,hotel,,38,2025-02-13 19:00:00-05:00,2025-03-06,1991.90,Germany
2891,32,flight,16,,2026-05-22 20:00:00-04:00,2026-08-28,1032.67,United Kingdom
2892,475,flight,11,,2024-06-26 20:00:00-04:00,2024-09-07,843.56,United States
2893,419,hotel,,14,2026-04-27 20:00:00-04:00,2026-06-05,1734.48,Japan
2894,730,flight,13,,2025-01-31 19:00:00-05:00,2025-02-18,923.57,United States
2895,833,hotel,,71,2026-04-12 20:00:00-04:00,2026-06-26,2362.16,Australia
2896,308,flight,30,,2025-09-03 20:00:00-04:00,2025-10-03,552.48,Canada
2897,721,flight,145,,2024-06-02 20:00:00-04:00,2024-06-12,372.32,United States
2898,446,flight,136,,2025-07-13 20:00:00-04:00,2025-09-27,856.96,United States
2899,693,hotel,,110,2025-05-16 20:00:00-04:00,2025-07-17,4071.70,United Arab Emirates
2900,260,hotel,,31,2025-11-10 19:00:00-05:00,2025-12-14,1926.63,Canada
2901,6,hotel,,52,2025-12-04 19:00:00-05:00,2026-03-07,2254.10,United States
2902,413,flight,112,,2025-01-25 19:00:00-05:00,2025-03-06,925.37,Australia
2903,911,hotel,,39,2025-09-11 20:00:00-04:00,2026-01-02,970.10,United States
2904,362,flight,36,,2025-04-28 20:00:00-04:00,2025-06-05,776.19,Mexico
2905,717,hotel,,15,2024-07-31 20:00:00-04:00,2024-08-12,2283.70,Japan
2906,413,hotel,,80,2025-01-17 19:00:00-05:00,2025-02-06,1937.64,United Arab Emirates
2907,642,flight,30,,2025-01-08 19:00:00-05:00,2025-04-27,552.48,Canada
2908,52,hotel,,120,2025-08-08 20:00:00-04:00,2025-10-17,401.98,United Kingdom
2909,936,hotel,,68,2024-10-07 20:00:00-04:00,2024-10-17,2586.90,Japan
2910,242,flight,180,,2025-08-08 20:00:00-04:00,2025-11-20,585.34,Italy
2911,879,hotel,,81,2026-02-05 19:00:00-05:00,2026-02-13,601.04,Australia
2912,684,flight,45,,2025-05-15 20:00:00-04:00,2025-08-31,879.95,Italy
2913,44,hotel,,129,2026-07-21 20:00:00-04:00,2026-10-14,454.92,Italy
2914,828,hotel,,128,2026-11-25 19:00:00-05:00,2027-03-19,2815.82,United Kingdom
2915,803,hotel,,17,2025-02-09 19:00:00-05:00,2025-03-17,1233.08,United Kingdom
2916,475,hotel,,107,2025-03-03 19:00:00-05:00,2025-03-26,1459.64,United States
2917,618,hotel,,98,2024-11-29 19:00:00-05:00,2025-01-28,353.38,Australia
2918,153,flight,13,,2025-12-26 19:00:00-05:00,2026-02-08,923.57,United States
2919,497,hotel,,64,2025-04-04 20:00:00-04:00,2025-05-16,1720.24,United States
2920,851,flight,47,,2026-06-14 20:00:00-04:00,2026-08-16,589.77,United Kingdom
2921,216,hotel,,30,2025-06-11 20:00:00-04:00,2025-08-30,4344.30,United Arab Emirates
2922,457,flight,68,,2026-04-12 20:00:00-04:00,2026-07-20,889.80,France
2923,170,hotel,,7,2025-10-07 20:00:00-04:00,2025-11-01,1179.52,United States
2924,479,flight,139,,2026-09-09 20:00:00-04:00,2026-11-14,445.59,Japan
2925,865,flight,106,,2024-06-08 20:00:00-04:00,2024-06-27,526.62,France
2926,57,flight,169,,2026-09-25 20:00:00-04:00,2026-12-27,216.00,Italy
2927,29,hotel,,140,2024-07-29 20:00:00-04:00,2024-11-22,923.68,Mexico
2928,241,hotel,,147,2026-10-09 20:00:00-04:00,2027-01-14,5088.87,Australia
2929,610,hotel,,22,2026-01-05 19:00:00-05:00,2026-01-27,3705.60,Mexico
2930,986,flight,161,,2026-11-01 19:00:00-05:00,2027-01-12,575.39,Australia
2931,602,hotel,,8,2026-03-04 19:00:00-05:00,2026-05-16,741.46,United Kingdom
2932,994,hotel,,137,2025-05-24 20:00:00-04:00,2025-07-09,1262.97,France
2933,165,flight,92,,2025-08-30 20:00:00-04:00,2025-12-28,657.08,Australia
2934,535,flight,130,,2025-03-19 20:00:00-04:00,2025-05-22,371.32,Japan
2935,383,hotel,,45,2025-08-05 20:00:00-04:00,2025-10-21,284.73,Mexico
2936,832,flight,12,,2024-10-17 20:00:00-04:00,2025-01-02,1197.34,Canada
2937,429,hotel,,24,2024-07-09 20:00:00-04:00,2024-09-15,593.01,United States
2938,863,flight,22,,2026-04-24 20:00:00-04:00,2026-07-13,645.83,Japan
2939,307,hotel,,22,2025-02-25 19:00:00-05:00,2025-06-10,1389.60,Mexico
2940,524,hotel,,70,2026-10-10 20:00:00-04:00,2027-01-30,1458.33,Germany
2941,615,hotel,,39,2025-05-28 20:00:00-04:00,2025-08-08,3880.40,United States
2942,744,hotel,,123,2026-07-12 20:00:00-04:00,2026-10-13,370.69,Canada
2943,274,flight,59,,2025-01-10 19:00:00-05:00,2025-03-04,1152.84,Canada
2944,731,flight,23,,2025-12-26 19:00:00-05:00,2026-04-14,463.27,Mexico
2945,810,hotel,,110,2024-07-21 20:00:00-04:00,2024-09-12,407.17,United Arab Emirates
2946,507,flight,73,,2025-08-21 20:00:00-04:00,2025-10-30,1062.89,Canada
2947,691,flight,97,,2026-02-07 19:00:00-05:00,2026-05-18,897.47,United Arab Emirates
2948,363,flight,169,,2024-12-22 19:00:00-05:00,2025-03-14,216.00,Italy
2949,687,hotel,,12,2024-06-18 20:00:00-04:00,2024-08-02,1635.80,United Arab Emirates
2950,949,hotel,,73,2025-10-24 20:00:00-04:00,2026-01-21,1667.90,Japan
2951,386,hotel,,68,2026-03-08 20:00:00-04:00,2026-04-16,2586.90,Japan
2952,440,flight,131,,2025-07-28 20:00:00-04:00,2025-10-01,365.86,Japan
2953,320,flight,3,,2024-05-28 20:00:00-04:00,2024-07-31,384.96,France
2954,157,hotel,,37,2025-01-31 19:00:00-05:00,2025-03-29,606.39,Canada
2955,956,hotel,,63,2025-07-20 20:00:00-04:00,2025-11-02,4124.89,Italy
2956,282,flight,147,,2024-08-11 20:00:00-04:00,2024-10-22,854.53,United Kingdom
2957,984,flight,103,,2025-03-21 20:00:00-04:00,2025-06-05,261.79,Mexico
2958,546,flight,112,,2025-03-01 19:00:00-05:00,2025-03-14,925.37,Australia
2959,141,hotel,,39,2025-03-21 20:00:00-04:00,2025-05-29,4365.45,United States
2960,456,flight,160,,2024-09-10 20:00:00-04:00,2024-09-20,1042.07,France
2961,854,flight,19,,2024-04-07 20:00:00-04:00,2024-05-23,523.05,Italy
2962,220,flight,186,,2025-07-31 20:00:00-04:00,2025-11-12,819.50,Australia
2963,255,hotel,,42,2025-04-11 20:00:00-04:00,2025-07-24,1340.88,Australia
2964,732,hotel,,55,2025-06-12 20:00:00-04:00,2025-07-19,1246.72,United States
2965,737,hotel,,48,2025-03-23 20:00:00-04:00,2025-05-13,996.92,United States
2966,45,hotel,,131,2026-07-25 20:00:00-04:00,2026-10-12,586.20,Germany
2967,411,hotel,,43,2026-06-15 20:00:00-04:00,2026-06-25,2820.54,United States
2968,929,hotel,,38,2026-05-21 20:00:00-04:00,2026-07-31,995.95,Germany
2969,128,flight,167,,2025-02-25 19:00:00-05:00,2025-04-14,744.68,United Kingdom
2970,33,flight,71,,2025-12-04 19:00:00-05:00,2026-01-18,306.09,United States
2971,29,hotel,,17,2025-01-02 19:00:00-05:00,2025-04-28,2466.16,United Kingdom
2972,774,hotel,,133,2024-10-01 20:00:00-04:00,2025-01-15,518.67,France
2973,717,hotel,,147,2025-05-22 20:00:00-04:00,2025-08-06,5088.87,Australia
2974,646,flight,187,,2026-12-08 19:00:00-05:00,2027-02-23,786.85,Canada
2975,3,hotel,,142,2024-09-24 20:00:00-04:00,2025-01-16,1069.38,Japan
2976,100,hotel,,70,2024-08-08 20:00:00-04:00,2024-10-11,3402.77,Germany
2977,530,flight,84,,2026-01-22 19:00:00-05:00,2026-05-17,1021.38,United States
2978,638,flight,97,,2024-10-07 20:00:00-04:00,2025-01-03,897.47,United Arab Emirates
2979,970,hotel,,138,2026-07-09 20:00:00-04:00,2026-09-09,2676.80,Canada
2980,825,flight,102,,2025-06-16 20:00:00-04:00,2025-09-06,1071.35,Germany
2981,714,hotel,,98,2026-03-17 20:00:00-04:00,2026-05-28,1766.90,Australia
2982,320,flight,151,,2024-10-09 20:00:00-04:00,2024-11-29,449.39,Japan
2983,268,hotel,,29,2025-04-30 20:00:00-04:00,2025-05-14,745.70,Canada
2984,629,flight,47,,2026-11-23 19:00:00-05:00,2027-02-25,589.77,United Kingdom
2985,60,hotel,,98,2025-04-13 20:00:00-04:00,2025-05-22,176.69,Australia
2986,360,flight,21,,2024-03-22 20:00:00-04:00,2024-05-29,206.36,Canada
2987,433,flight,153,,2024-07-15 20:00:00-04:00,2024-11-06,310.01,Australia
2988,551,hotel,,81,2025-08-17 20:00:00-04:00,2025-10-17,601.04,Australia
2989,421,flight,149,,2024-11-02 20:00:00-04:00,2025-01-14,413.22,Japan
2990,267,hotel,,15,2024-09-03 20:00:00-04:00,2024-11-26,3197.18,Japan
2991,498,flight,153,,2024-09-11 20:00:00-04:00,2024-09-22,310.01,Australia
2992,672,hotel,,136,2026-02-20 19:00:00-05:00,2026-04-07,1947.80,France
2993,257,flight,97,,2025-05-05 20:00:00-04:00,2025-06-19,897.47,United Arab Emirates
2994,385,hotel,,112,2025-08-17 20:00:00-04:00,2025-11-11,3790.57,Italy
2995,510,hotel,,112,2025-12-30 19:00:00-05:00,2026-02-17,2707.55,Italy
2996,166,flight,109,,2026-07-12 20:00:00-04:00,2026-08-29,556.93,United States
2997,886,hotel,,114,2024-12-19 19:00:00-05:00,2025-04-02,2958.48,France
2998,551,flight,79,,2026-02-19 19:00:00-05:00,2026-04-25,1017.20,France
2999,787,hotel,,130,2025-03-23 20:00:00-04:00,2025-04-24,4781.80,Italy
3000,30,hotel,,95,2025-03-31 20:00:00-04:00,2025-05-09,686.95,United Kingdom
3001,819,hotel,,34,2025-12-16 19:00:00-05:00,2026-04-03,385.08,Italy
3002,789,hotel,,75,2025-08-01 20:00:00-04:00,2025-11-06,93.71,Australia
3003,112,hotel,,89,2026-04-25 20:00:00-04:00,2026-06-14,1977.28,Germany
3004,948,flight,173,,2025-07-24 20:00:00-04:00,2025-10-28,757.56,Germany
3005,436,flight,45,,2024-08-06 20:00:00-04:00,2024-08-29,879.95,Italy
3006,156,hotel,,116,2025-04-24 20:00:00-04:00,2025-08-07,3065.79,Australia
3007,988,hotel,,122,2026-02-09 19:00:00-05:00,2026-05-12,1051.80,United States
3008,411,flight,18,,2025-11-30 19:00:00-05:00,2026-02-24,1144.27,United Kingdom
3009,400,flight,46,,2025-12-25 19:00:00-05:00,2026-01-12,845.61,Japan
3010,288,flight,129,,2025-02-24 19:00:00-05:00,2025-04-20,325.76,Japan
3011,835,hotel,,133,2025-12-17 19:00:00-05:00,2026-04-06,1210.23,France
3012,62,flight,28,,2026-07-29 20:00:00-04:00,2026-08-07,952.71,Australia
3013,486,hotel,,127,2025-01-04 19:00:00-05:00,2025-04-13,2845.08,Australia
3014,131,flight,148,,2025-06-29 20:00:00-04:00,2025-07-29,634.33,Australia
3015,610,hotel,,4,2026-06-06 20:00:00-04:00,2026-09-22,1463.00,Italy
3016,457,flight,68,,2026-10-04 20:00:00-04:00,2027-01-21,889.80,France
3017,874,flight,109,,2025-10-21 20:00:00-04:00,2026-02-09,556.93,United States
3018,78,flight,14,,2024-07-08 20:00:00-04:00,2024-08-06,510.33,Italy
3019,209,hotel,,123,2024-08-05 20:00:00-04:00,2024-11-15,2224.14,Canada
3020,234,hotel,,99,2025-01-03 19:00:00-05:00,2025-04-10,1305.18,Germany
3021,50,hotel,,44,2026-07-17 20:00:00-04:00,2026-09-07,1972.38,France
3022,272,flight,32,,2025-02-21 19:00:00-05:00,2025-03-17,168.81,Italy
3023,688,flight,65,,2026-05-15 20:00:00-04:00,2026-07-03,791.89,United Kingdom
3024,371,hotel,,110,2025-10-17 20:00:00-04:00,2025-10-29,2035.85,United Arab Emirates
3025,313,hotel,,120,2025-01-18 19:00:00-05:00,2025-04-19,1205.94,United Kingdom
3026,758,flight,20,,2024-10-03 20:00:00-04:00,2025-01-27,423.59,United States
3027,115,flight,183,,2026-05-07 20:00:00-04:00,2026-06-03,284.28,France
3028,459,hotel,,126,2026-11-01 19:00:00-05:00,2027-01-26,3136.80,Japan
3029,752,flight,199,,2026-07-07 20:00:00-04:00,2026-09-09,252.60,Australia
3030,408,flight,76,,2026-06-26 20:00:00-04:00,2026-09-27,632.05,Japan
3031,661,flight,8,,2026-06-13 20:00:00-04:00,2026-07-12,655.83,Japan
3032,197,hotel,,19,2025-04-23 20:00:00-04:00,2025-05-22,2136.48,United Kingdom
3033,363,flight,16,,2025-04-01 20:00:00-04:00,2025-06-17,1032.67,United Kingdom
3034,821,flight,100,,2025-02-28 19:00:00-05:00,2025-06-16,895.87,United Arab Emirates
3035,986,flight,85,,2026-02-20 19:00:00-05:00,2026-04-01,887.20,United States
3036,732,flight,156,,2025-05-04 20:00:00-04:00,2025-06-30,635.99,Canada
3037,812,flight,140,,2025-01-18 19:00:00-05:00,2025-04-28,647.69,France
3038,516,flight,59,,2024-10-06 20:00:00-04:00,2025-01-01,1152.84,Canada
3039,339,flight,10,,2024-10-07 20:00:00-04:00,2024-10-16,953.75,Mexico
3040,879,flight,184,,2026-01-06 19:00:00-05:00,2026-01-22,191.15,Mexico
3041,894,hotel,,130,2026-08-23 20:00:00-04:00,2026-10-30,2390.90,Italy
3042,527,flight,45,,2025-09-18 20:00:00-04:00,2025-11-09,879.95,Italy
3043,286,hotel,,93,2025-03-07 19:00:00-05:00,2025-06-08,1140.15,Italy
3044,269,hotel,,137,2025-12-25 19:00:00-05:00,2026-04-17,1683.96,France
3045,840,hotel,,122,2026-12-25 19:00:00-05:00,2027-01-10,2103.60,United States
3046,635,flight,142,,2025-12-04 19:00:00-05:00,2026-03-12,861.15,Germany
3047,110,flight,167,,2025-08-21 20:00:00-04:00,2025-11-24,744.68,United Kingdom
3048,774,hotel,,32,2024-12-30 19:00:00-05:00,2025-03-30,1488.24,Italy
3049,550,hotel,,66,2025-04-13 20:00:00-04:00,2025-06-25,4783.41,Canada
3050,753,hotel,,149,2026-10-02 20:00:00-04:00,2026-12-21,2774.59,United States
3051,601,flight,16,,2026-08-07 20:00:00-04:00,2026-10-30,1032.67,United Kingdom
3052,314,hotel,,35,2026-05-05 20:00:00-04:00,2026-07-26,2622.48,Japan
3053,108,hotel,,36,2025-09-30 20:00:00-04:00,2026-01-03,875.25,Italy
3054,386,flight,23,,2025-06-20 20:00:00-04:00,2025-10-09,463.27,Mexico
3055,883,hotel,,45,2025-02-16 19:00:00-05:00,2025-03-28,1423.65,Mexico
3056,136,flight,58,,2026-08-25 20:00:00-04:00,2026-11-24,1044.60,France
3057,607,hotel,,61,2024-05-27 20:00:00-04:00,2024-08-09,1485.52,United States
3058,582,flight,166,,2025-12-31 19:00:00-05:00,2026-01-22,945.07,United Kingdom
3059,676,hotel,,41,2025-04-03 20:00:00-04:00,2025-05-31,4027.50,Canada
3060,216,flight,132,,2025-05-08 20:00:00-04:00,2025-09-03,174.94,United Kingdom
3061,947,flight,143,,2025-12-03 19:00:00-05:00,2026-02-22,298.44,Australia
3062,947,flight,32,,2025-02-27 19:00:00-05:00,2025-03-25,168.81,Italy
3063,46,flight,59,,2025-11-24 19:00:00-05:00,2025-12-25,1152.84,Canada
3064,180,flight,178,,2024-12-05 19:00:00-05:00,2024-12-21,230.94,Italy
3065,535,hotel,,98,2025-01-22 19:00:00-05:00,2025-03-26,353.38,Australia
3066,47,flight,162,,2025-12-22 19:00:00-05:00,2026-04-16,423.65,Australia
3067,612,hotel,,3,2026-06-14 20:00:00-04:00,2026-07-07,3152.52,Australia
3068,86,hotel,,99,2024-08-20 20:00:00-04:00,2024-10-14,290.04,Germany
3069,296,flight,75,,2024-08-17 20:00:00-04:00,2024-11-03,728.02,Italy
3070,951,hotel,,22,2025-12-01 19:00:00-05:00,2026-01-09,4632.00,Mexico
3071,523,flight,108,,2024-10-24 20:00:00-04:00,2024-12-06,973.52,Mexico
3072,802,flight,80,,2026-03-29 20:00:00-04:00,2026-05-16,740.45,Mexico
3073,419,hotel,,26,2027-02-15 19:00:00-05:00,2027-06-04,343.24,United Kingdom
3074,4,flight,193,,2025-06-08 20:00:00-04:00,2025-08-13,1017.84,United States
3075,414,flight,72,,2024-06-18 20:00:00-04:00,2024-08-12,825.57,France
3076,967,hotel,,113,2026-01-29 19:00:00-05:00,2026-03-26,818.22,Japan
3077,340,flight,112,,2027-01-24 19:00:00-05:00,2027-02-06,925.37,Australia
3078,444,hotel,,24,2026-01-04 19:00:00-05:00,2026-02-15,395.34,United States
3079,14,hotel,,23,2025-04-29 20:00:00-04:00,2025-06-14,915.18,Japan
3080,721,flight,115,,2024-10-12 20:00:00-04:00,2024-10-20,427.45,Australia
3081,555,hotel,,69,2024-12-20 19:00:00-05:00,2025-02-17,4494.30,United Arab Emirates
3082,481,flight,4,,2024-12-07 19:00:00-05:00,2025-03-03,595.00,Germany
3083,377,flight,141,,2025-07-30 20:00:00-04:00,2025-09-29,986.61,United States
3084,208,hotel,,97,2025-08-17 20:00:00-04:00,2025-09-12,810.81,Italy
3085,744,hotel,,118,2025-12-09 19:00:00-05:00,2026-02-04,564.04,Japan
3086,541,flight,143,,2026-10-14 20:00:00-04:00,2026-12-16,298.44,Australia
3087,569,flight,175,,2025-12-28 19:00:00-05:00,2026-03-13,1171.31,United States
3088,677,hotel,,94,2025-02-14 19:00:00-05:00,2025-03-03,523.81,United States
3089,380,hotel,,117,2026-05-19 20:00:00-04:00,2026-07-12,418.68,United States
3090,584,hotel,,61,2024-12-01 19:00:00-05:00,2024-12-11,1114.14,United States
3091,23,flight,180,,2025-10-08 20:00:00-04:00,2025-12-10,585.34,Italy
3092,783,hotel,,134,2025-01-11 19:00:00-05:00,2025-05-07,3323.90,Italy
3093,573,flight,78,,2025-01-08 19:00:00-05:00,2025-01-17,573.61,Japan
3094,81,flight,36,,2026-03-20 20:00:00-04:00,2026-05-14,776.19,Mexico
3095,964,flight,86,,2025-12-23 19:00:00-05:00,2026-02-15,262.31,United States
3096,523,hotel,,125,2024-04-20 20:00:00-04:00,2024-06-25,4249.44,Canada
3097,298,flight,36,,2025-02-10 19:00:00-05:00,2025-05-24,776.19,Mexico
3098,500,hotel,,48,2026-01-30 19:00:00-05:00,2026-04-25,498.46,United States
3099,99,flight,156,,2025-07-12 20:00:00-04:00,2025-07-31,635.99,Canada
3100,730,hotel,,69,2024-10-23 20:00:00-04:00,2024-12-25,1348.29,United Arab Emirates
3101,167,flight,86,,2025-02-21 19:00:00-05:00,2025-05-01,262.31,United States
3102,525,flight,182,,2024-12-05 19:00:00-05:00,2024-12-19,829.62,United Kingdom
3103,903,hotel,,34,2025-07-07 20:00:00-04:00,2025-08-18,256.72,Italy
3104,844,hotel,,96,2026-07-26 20:00:00-04:00,2026-09-09,3554.00,Canada
3105,854,flight,200,,2024-08-03 20:00:00-04:00,2024-10-05,1105.59,Italy
3106,518,flight,148,,2024-06-12 20:00:00-04:00,2024-10-06,634.33,Australia
3107,145,flight,1,,2025-09-02 20:00:00-04:00,2025-11-12,432.54,Italy
3108,728,flight,162,,2025-08-23 20:00:00-04:00,2025-09-08,423.65,Australia
3109,409,flight,105,,2025-05-14 20:00:00-04:00,2025-07-04,1031.35,United Kingdom
3110,282,flight,55,,2025-04-03 20:00:00-04:00,2025-05-02,637.49,Germany
3111,848,flight,121,,2024-05-23 20:00:00-04:00,2024-09-16,516.87,Japan
3112,182,flight,84,,2026-09-30 20:00:00-04:00,2026-12-25,1021.38,United States
3113,909,hotel,,23,2024-09-04 20:00:00-04:00,2024-09-19,3660.72,Japan
3114,533,flight,68,,2025-05-07 20:00:00-04:00,2025-08-11,889.80,France
3115,735,hotel,,35,2025-03-17 20:00:00-04:00,2025-04-05,2294.67,Japan
3116,75,hotel,,96,2026-06-29 20:00:00-04:00,2026-10-16,444.25,Canada
3117,494,flight,90,,2026-04-07 20:00:00-04:00,2026-07-24,841.38,Canada
3118,966,flight,148,,2025-07-28 20:00:00-04:00,2025-08-19,634.33,Australia
3119,381,flight,119,,2026-08-12 20:00:00-04:00,2026-09-11,701.66,United Arab Emirates
3120,908,flight,81,,2025-07-27 20:00:00-04:00,2025-08-15,1007.42,France
3121,191,hotel,,12,2024-06-12 20:00:00-04:00,2024-09-23,981.48,United Arab Emirates
3122,233,hotel,,146,2024-01-28 19:00:00-05:00,2024-05-20,1027.32,United Kingdom
3123,205,flight,19,,2024-05-16 20:00:00-04:00,2024-07-22,523.05,Italy
3124,830,hotel,,4,2026-07-21 20:00:00-04:00,2026-09-07,292.60,Italy
3125,980,hotel,,23,2025-06-26 20:00:00-04:00,2025-10-01,4118.31,Japan
3126,588,hotel,,84,2026-09-22 20:00:00-04:00,2026-12-30,2492.25,Australia
3127,233,flight,120,,2024-10-17 20:00:00-04:00,2024-12-30,317.34,Mexico
3128,424,flight,34,,2025-01-09 19:00:00-05:00,2025-03-02,552.73,Japan
3129,610,hotel,,30,2026-03-13 20:00:00-04:00,2026-05-20,3041.01,United Arab Emirates
3130,857,flight,185,,2026-02-24 19:00:00-05:00,2026-06-13,421.17,United Kingdom
3131,528,flight,80,,2025-09-04 20:00:00-04:00,2025-10-07,740.45,Mexico
3132,831,flight,186,,2024-07-07 20:00:00-04:00,2024-10-21,819.50,Australia
3133,793,flight,86,,2024-03-05 19:00:00-05:00,2024-04-15,262.31,United States
3134,47,flight,144,,2025-10-03 20:00:00-04:00,2026-01-18,714.01,United States
3135,680,hotel,,47,2024-05-25 20:00:00-04:00,2024-08-28,172.30,United Arab Emirates
3136,480,hotel,,93,2025-02-04 19:00:00-05:00,2025-06-04,1824.24,Italy
3137,263,flight,39,,2024-08-29 20:00:00-04:00,2024-12-26,913.53,Italy
3138,431,flight,70,,2025-05-14 20:00:00-04:00,2025-09-09,604.49,Japan
3139,559,hotel,,110,2025-02-26 19:00:00-05:00,2025-06-09,3257.36,United Arab Emirates
3140,199,flight,139,,2026-02-19 19:00:00-05:00,2026-04-06,445.59,Japan
3141,516,flight,46,,2025-02-27 19:00:00-05:00,2025-04-14,845.61,Japan
3142,326,flight,162,,2025-10-10 20:00:00-04:00,2026-01-28,423.65,Australia
3143,993,hotel,,139,2024-09-14 20:00:00-04:00,2024-10-09,508.29,United States
3144,339,hotel,,114,2024-05-31 20:00:00-04:00,2024-08-04,2465.40,France
3145,722,flight,115,,2024-12-23 19:00:00-05:00,2025-02-15,427.45,Australia
3146,635,hotel,,94,2025-10-15 20:00:00-04:00,2025-11-02,3666.67,United States
3147,164,flight,187,,2025-05-26 20:00:00-04:00,2025-06-26,786.85,Canada
3148,845,flight,139,,2025-11-02 19:00:00-05:00,2025-11-14,445.59,Japan
3149,960,hotel,,11,2024-11-15 19:00:00-05:00,2024-12-06,1532.16,United Kingdom
3150,645,hotel,,27,2024-08-10 20:00:00-04:00,2024-11-11,1027.12,Mexico
3151,103,flight,200,,2024-06-09 20:00:00-04:00,2024-08-15,1105.59,Italy
3152,520,hotel,,5,2025-06-09 20:00:00-04:00,2025-09-01,1256.46,United Kingdom
3153,337,hotel,,100,2025-04-02 20:00:00-04:00,2025-06-05,126.90,France
3154,704,flight,7,,2025-01-28 19:00:00-05:00,2025-04-27,829.71,Australia
3155,416,hotel,,69,2026-06-07 20:00:00-04:00,2026-07-25,898.86,United Arab Emirates
3156,699,flight,171,,2024-04-14 20:00:00-04:00,2024-05-02,1075.63,Canada
3157,139,flight,145,,2025-01-20 19:00:00-05:00,2025-03-09,372.32,United States
3158,366,flight,107,,2025-01-01 19:00:00-05:00,2025-01-29,1058.08,Australia
3159,778,flight,29,,2025-01-05 19:00:00-05:00,2025-02-22,795.20,United Kingdom
3160,346,flight,89,,2026-01-20 19:00:00-05:00,2026-05-20,1122.96,France
3161,990,hotel,,87,2026-08-08 20:00:00-04:00,2026-11-05,323.98,United States
3162,449,hotel,,127,2024-12-27 19:00:00-05:00,2025-04-20,632.24,Australia
3163,784,hotel,,34,2026-04-01 20:00:00-04:00,2026-05-03,1026.88,Italy
3164,610,flight,191,,2026-04-21 20:00:00-04:00,2026-07-28,222.29,Australia
3165,605,hotel,,60,2025-08-11 20:00:00-04:00,2025-08-22,934.38,Japan
3166,50,flight,174,,2026-04-26 20:00:00-04:00,2026-06-09,533.56,United States
3167,637,flight,185,,2025-02-06 19:00:00-05:00,2025-05-23,421.17,United Kingdom
3168,13,flight,31,,2025-02-27 19:00:00-05:00,2025-05-20,1147.57,United States
3169,4,hotel,,9,2025-11-25 19:00:00-05:00,2025-12-19,1521.52,Germany
3170,439,flight,179,,2026-04-26 20:00:00-04:00,2026-07-21,315.23,United Kingdom
3171,996,hotel,,139,2025-10-01 20:00:00-04:00,2025-10-18,2541.45,United States
3172,642,flight,87,,2025-03-28 20:00:00-04:00,2025-06-27,1126.73,Japan
3173,902,flight,89,,2026-04-14 20:00:00-04:00,2026-06-06,1122.96,France
3174,779,flight,146,,2025-12-17 19:00:00-05:00,2026-03-22,381.83,United Kingdom
3175,349,flight,100,,2024-07-26 20:00:00-04:00,2024-09-18,895.87,United Arab Emirates
3176,73,flight,125,,2025-12-21 19:00:00-05:00,2026-02-19,1156.84,Italy
3177,584,flight,102,,2025-04-16 20:00:00-04:00,2025-04-26,1071.35,Germany
3178,585,hotel,,19,2024-10-12 20:00:00-04:00,2024-10-27,2403.54,United Kingdom
3179,397,hotel,,12,2026-11-02 19:00:00-05:00,2026-12-13,654.32,United Arab Emirates
3180,491,hotel,,33,2026-02-12 19:00:00-05:00,2026-05-18,1777.72,United States
3181,679,flight,74,,2025-01-01 19:00:00-05:00,2025-04-27,402.94,United Arab Emirates
3182,315,hotel,,1,2024-09-19 20:00:00-04:00,2024-09-29,2737.77,Japan
3183,503,hotel,,41,2026-07-18 20:00:00-04:00,2026-10-31,2416.50,Canada
3184,336,flight,163,,2024-06-27 20:00:00-04:00,2024-07-25,562.12,United States
3185,357,flight,55,,2025-04-05 20:00:00-04:00,2025-06-15,637.49,Germany
3186,389,hotel,,101,2025-06-06 20:00:00-04:00,2025-06-30,773.37,Canada
3187,293,flight,66,,2025-09-30 20:00:00-04:00,2025-12-15,657.23,United Kingdom
3188,189,flight,170,,2026-12-19 19:00:00-05:00,2027-01-19,693.78,Italy
3189,970,flight,57,,2026-01-23 19:00:00-05:00,2026-05-12,925.47,United States
3190,316,hotel,,4,2024-08-13 20:00:00-04:00,2024-08-29,292.60,Italy
3191,586,flight,174,,2027-01-04 19:00:00-05:00,2027-03-06,533.56,United States
3192,48,hotel,,139,2025-04-15 20:00:00-04:00,2025-04-23,4574.61,United States
3193,936,hotel,,63,2025-06-06 20:00:00-04:00,2025-07-16,589.27,Italy
3194,156,flight,101,,2025-03-08 19:00:00-05:00,2025-05-04,749.17,Australia
3195,455,flight,2,,2025-08-18 20:00:00-04:00,2025-11-12,647.80,France
3196,289,hotel,,145,2025-02-04 19:00:00-05:00,2025-03-26,4851.63,Canada
3197,809,hotel,,145,2026-07-24 20:00:00-04:00,2026-11-18,1617.21,Canada
3198,90,flight,152,,2024-12-20 19:00:00-05:00,2025-04-01,623.18,Canada
3199,790,hotel,,102,2025-10-26 20:00:00-04:00,2025-11-24,321.12,Canada
3200,237,flight,46,,2026-07-17 20:00:00-04:00,2026-10-18,845.61,Japan
3201,817,flight,118,,2026-07-09 20:00:00-04:00,2026-08-04,979.40,Canada
3202,379,hotel,,20,2025-06-11 20:00:00-04:00,2025-07-12,2991.70,United Kingdom
3203,474,hotel,,33,2025-04-16 20:00:00-04:00,2025-07-21,444.43,United States
3204,930,hotel,,89,2025-11-04 19:00:00-05:00,2025-11-23,1482.96,Germany
3205,232,flight,111,,2026-06-01 20:00:00-04:00,2026-07-03,1107.06,Italy
3206,718,flight,156,,2025-09-04 20:00:00-04:00,2025-12-03,635.99,Canada
3207,743,flight,135,,2024-08-11 20:00:00-04:00,2024-10-03,811.73,Canada
3208,805,flight,126,,2025-09-09 20:00:00-04:00,2025-11-29,717.25,Germany
3209,741,flight,145,,2025-05-28 20:00:00-04:00,2025-07-21,372.32,United States
3210,97,hotel,,29,2024-04-03 20:00:00-04:00,2024-07-18,3355.65,Canada
3211,448,flight,86,,2026-07-05 20:00:00-04:00,2026-08-29,262.31,United States
3212,564,flight,81,,2026-11-24 19:00:00-05:00,2027-03-24,1007.42,France
3213,583,hotel,,43,2025-03-16 20:00:00-04:00,2025-05-23,940.18,United States
3214,391,flight,193,,2026-08-04 20:00:00-04:00,2026-08-18,1017.84,United States
3215,792,hotel,,137,2025-09-08 20:00:00-04:00,2025-11-16,4209.90,France
3216,879,flight,97,,2025-05-22 20:00:00-04:00,2025-08-08,897.47,United Arab Emirates
3217,624,flight,123,,2026-10-28 20:00:00-04:00,2027-01-18,648.60,Mexico
3218,921,flight,85,,2025-09-24 20:00:00-04:00,2025-11-06,887.20,United States
3219,985,hotel,,25,2026-01-08 19:00:00-05:00,2026-04-10,3410.55,Canada
3220,142,flight,1,,2025-06-19 20:00:00-04:00,2025-07-17,432.54,Italy
3221,56,flight,158,,2026-10-24 20:00:00-04:00,2026-11-28,1033.88,Japan
3222,302,flight,59,,2025-11-29 19:00:00-05:00,2026-03-24,1152.84,Canada
3223,139,flight,23,,2024-07-10 20:00:00-04:00,2024-08-19,463.27,Mexico
3224,285,hotel,,55,2024-10-09 20:00:00-04:00,2024-11-21,467.52,United States
3225,947,flight,93,,2025-01-06 19:00:00-05:00,2025-03-08,332.33,Australia
3226,592,flight,173,,2025-05-08 20:00:00-04:00,2025-05-17,757.56,Germany
3227,130,flight,163,,2025-12-09 19:00:00-05:00,2025-12-21,562.12,United States
3228,213,flight,179,,2025-03-11 20:00:00-04:00,2025-06-18,315.23,United Kingdom
3229,153,flight,184,,2025-06-28 20:00:00-04:00,2025-07-22,191.15,Mexico
3230,450,hotel,,33,2025-06-12 20:00:00-04:00,2025-10-06,888.86,United States
3231,250,hotel,,34,2025-10-16 20:00:00-04:00,2025-10-29,1155.24,Italy
3232,96,hotel,,13,2024-07-31 20:00:00-04:00,2024-11-29,2276.89,Japan
3233,260,hotel,,15,2026-02-03 19:00:00-05:00,2026-02-11,2740.44,Japan
3234,733,flight,118,,2024-09-06 20:00:00-04:00,2024-11-11,979.40,Canada
3235,365,hotel,,138,2025-06-17 20:00:00-04:00,2025-07-07,1070.72,Canada
3236,136,flight,167,,2026-10-29 20:00:00-04:00,2026-11-08,744.68,United Kingdom
3237,166,flight,176,,2026-09-03 20:00:00-04:00,2026-12-07,1008.10,United States
3238,761,flight,97,,2026-01-05 19:00:00-05:00,2026-02-20,897.47,United Arab Emirates
3239,886,flight,192,,2024-07-03 20:00:00-04:00,2024-09-23,167.39,Japan
3240,979,flight,8,,2025-10-07 20:00:00-04:00,2026-01-23,655.83,Japan
3241,270,flight,71,,2026-06-19 20:00:00-04:00,2026-10-10,306.09,United States
3242,69,hotel,,39,2024-09-15 20:00:00-04:00,2024-10-13,4850.50,United States
3243,84,flight,125,,2025-12-29 19:00:00-05:00,2026-02-28,1156.84,Italy
3244,15,flight,143,,2025-07-29 20:00:00-04:00,2025-09-26,298.44,Australia
3245,907,hotel,,101,2025-11-26 19:00:00-05:00,2026-03-21,2062.32,Canada
3246,977,flight,180,,2024-10-25 20:00:00-04:00,2024-12-01,585.34,Italy
3247,404,flight,132,,2025-01-13 19:00:00-05:00,2025-04-04,174.94,United Kingdom
3248,824,hotel,,16,2026-02-05 19:00:00-05:00,2026-03-31,2250.20,Mexico
3249,596,hotel,,10,2024-07-31 20:00:00-04:00,2024-09-15,3750.88,United Kingdom
3250,989,hotel,,79,2024-09-13 20:00:00-04:00,2024-10-16,948.60,Mexico
3251,789,flight,107,,2025-06-05 20:00:00-04:00,2025-08-24,1058.08,Australia
3252,353,flight,155,,2025-06-15 20:00:00-04:00,2025-09-13,1032.12,Germany
3253,386,flight,34,,2026-01-20 19:00:00-05:00,2026-02-21,552.73,Japan
3254,867,flight,112,,2024-12-07 19:00:00-05:00,2025-01-01,925.37,Australia
3255,904,flight,38,,2025-01-31 19:00:00-05:00,2025-03-17,1145.49,United Kingdom
3256,262,flight,36,,2026-09-13 20:00:00-04:00,2026-12-15,776.19,Mexico
3257,942,hotel,,83,2025-03-17 20:00:00-04:00,2025-06-04,2763.20,Mexico
3258,690,flight,132,,2025-09-08 20:00:00-04:00,2025-12-11,174.94,United Kingdom
3259,871,flight,127,,2025-11-06 19:00:00-05:00,2026-02-16,690.02,United States
3260,972,flight,38,,2025-12-24 19:00:00-05:00,2026-02-22,1145.49,United Kingdom
3261,655,flight,183,,2026-05-09 20:00:00-04:00,2026-08-30,284.28,France
3262,87,hotel,,52,2026-06-12 20:00:00-04:00,2026-07-18,2028.69,United States
3263,347,flight,73,,2026-01-10 19:00:00-05:00,2026-04-20,1062.89,Canada
3264,970,hotel,,94,2026-01-06 19:00:00-05:00,2026-05-07,523.81,United States
3265,374,flight,67,,2025-03-07 19:00:00-05:00,2025-04-15,198.27,Canada
3266,973,flight,177,,2025-07-02 20:00:00-04:00,2025-10-21,676.93,France
3267,247,flight,94,,2024-02-11 19:00:00-05:00,2024-05-19,679.32,United Arab Emirates
3268,869,hotel,,96,2025-08-10 20:00:00-04:00,2025-08-21,2221.25,Canada
3269,379,hotel,,145,2025-04-05 20:00:00-04:00,2025-07-10,2695.35,Canada
3270,512,hotel,,69,2025-01-13 19:00:00-05:00,2025-03-13,2696.58,United Arab Emirates
3271,970,flight,112,,2026-04-05 20:00:00-04:00,2026-05-13,925.37,Australia
3272,380,hotel,,99,2026-07-04 20:00:00-04:00,2026-08-31,1450.20,Germany
3273,796,hotel,,54,2025-04-14 20:00:00-04:00,2025-06-16,2490.65,Japan
3274,130,flight,74,,2026-01-03 19:00:00-05:00,2026-02-23,402.94,United Arab Emirates
3275,379,flight,3,,2025-06-19 20:00:00-04:00,2025-09-24,384.96,France
3276,587,hotel,,131,2026-11-21 19:00:00-05:00,2027-01-07,586.20,Germany
3277,835,hotel,,103,2025-06-21 20:00:00-04:00,2025-10-04,5186.40,United Arab Emirates
3278,147,hotel,,98,2025-08-10 20:00:00-04:00,2025-10-30,1236.83,Australia
3279,310,hotel,,62,2026-01-16 19:00:00-05:00,2026-02-07,294.12,United States
3280,465,hotel,,95,2025-06-08 20:00:00-04:00,2025-07-16,1373.90,United Kingdom
3281,122,hotel,,32,2024-11-02 20:00:00-04:00,2024-12-29,2480.40,Italy
3282,54,hotel,,150,2026-01-18 19:00:00-05:00,2026-04-05,1068.80,United States
3283,254,flight,30,,2026-05-28 20:00:00-04:00,2026-09-17,552.48,Canada
3284,309,hotel,,15,2025-09-14 20:00:00-04:00,2025-10-19,3653.92,Japan
3285,581,hotel,,118,2026-06-05 20:00:00-04:00,2026-09-05,2256.16,Japan
3286,107,flight,166,,2026-03-16 20:00:00-04:00,2026-05-31,945.07,United Kingdom
3287,703,flight,92,,2026-08-11 20:00:00-04:00,2026-10-25,657.08,Australia
3288,942,flight,21,,2024-06-27 20:00:00-04:00,2024-07-20,206.36,Canada
3289,378,hotel,,72,2025-12-07 19:00:00-05:00,2026-02-24,2750.64,France
3290,161,flight,169,,2026-05-01 20:00:00-04:00,2026-08-21,216.00,Italy
3291,287,flight,130,,2025-03-01 19:00:00-05:00,2025-06-30,371.32,Japan
3292,817,hotel,,128,2025-11-28 19:00:00-05:00,2026-01-09,402.26,United Kingdom
3293,116,hotel,,42,2026-02-17 19:00:00-05:00,2026-05-18,335.22,Australia
3294,709,hotel,,38,2025-08-01 20:00:00-04:00,2025-11-29,796.76,Germany
3295,927,hotel,,34,2025-02-18 19:00:00-05:00,2025-04-24,1283.60,Italy
3296,441,hotel,,105,2026-07-21 20:00:00-04:00,2026-09-08,697.72,Australia
3297,200,hotel,,72,2025-08-10 20:00:00-04:00,2025-09-01,458.44,France
3298,662,flight,92,,2024-11-26 19:00:00-05:00,2025-03-03,657.08,Australia
3299,835,flight,17,,2025-10-29 20:00:00-04:00,2026-01-13,644.32,Japan
3300,26,hotel,,133,2026-02-02 19:00:00-05:00,2026-05-04,172.89,France
3301,38,flight,175,,2025-09-20 20:00:00-04:00,2025-11-28,1171.31,United States
3302,183,flight,48,,2024-08-15 20:00:00-04:00,2024-10-01,446.84,Japan
3303,328,hotel,,50,2026-09-13 20:00:00-04:00,2027-01-07,351.28,United Arab Emirates
3304,436,flight,59,,2025-03-08 19:00:00-05:00,2025-04-23,1152.84,Canada
3305,991,flight,102,,2025-10-08 20:00:00-04:00,2026-01-21,1071.35,Germany
3306,542,flight,9,,2026-07-12 20:00:00-04:00,2026-08-10,424.20,Germany
3307,204,flight,160,,2025-11-07 19:00:00-05:00,2026-01-02,1042.07,France
3308,355,hotel,,133,2027-02-08 19:00:00-05:00,2027-03-07,1210.23,France
3309,181,flight,48,,2025-07-24 20:00:00-04:00,2025-10-22,446.84,Japan
3310,590,hotel,,33,2025-10-01 20:00:00-04:00,2025-11-22,2666.58,United States
3311,990,hotel,,55,2026-11-28 19:00:00-05:00,2027-03-03,623.36,United States
3312,152,flight,178,,2026-01-30 19:00:00-05:00,2026-04-29,230.94,Italy
3313,790,hotel,,49,2025-09-13 20:00:00-04:00,2025-12-19,1829.79,United Kingdom
3314,618,flight,94,,2024-10-08 20:00:00-04:00,2024-11-21,679.32,United Arab Emirates
3315,874,hotel,,57,2025-11-17 19:00:00-05:00,2026-02-21,2930.22,United Kingdom
3316,231,flight,110,,2025-03-13 20:00:00-04:00,2025-05-14,930.85,France
3317,90,hotel,,102,2024-03-09 19:00:00-05:00,2024-05-16,642.24,Canada
3318,930,flight,12,,2026-06-16 20:00:00-04:00,2026-08-21,1197.34,Canada
3319,524,flight,128,,2026-05-17 20:00:00-04:00,2026-08-10,461.26,France
3320,807,flight,41,,2026-10-02 20:00:00-04:00,2027-01-21,1070.37,United States
3321,850,flight,26,,2025-01-12 19:00:00-05:00,2025-01-24,499.26,Canada
3322,15,hotel,,102,2025-03-27 20:00:00-04:00,2025-04-23,642.24,Canada
3323,363,flight,144,,2025-02-10 19:00:00-05:00,2025-05-15,714.01,United States
3324,648,flight,127,,2026-06-04 20:00:00-04:00,2026-06-23,690.02,United States
3325,683,hotel,,68,2026-07-30 20:00:00-04:00,2026-11-12,2328.21,Japan
3326,881,hotel,,52,2024-09-03 20:00:00-04:00,2024-11-11,1352.46,United States
3327,454,hotel,,54,2024-09-27 20:00:00-04:00,2024-10-23,1992.52,Japan
3328,708,flight,183,,2025-06-23 20:00:00-04:00,2025-07-21,284.28,France
3329,521,flight,194,,2025-02-19 19:00:00-05:00,2025-03-12,1096.69,Canada
3330,623,hotel,,89,2025-06-23 20:00:00-04:00,2025-07-20,4448.88,Germany
3331,687,flight,162,,2025-02-20 19:00:00-05:00,2025-05-26,423.65,Australia
3332,881,flight,91,,2024-05-11 20:00:00-04:00,2024-08-20,706.88,France
3333,415,flight,159,,2026-06-03 20:00:00-04:00,2026-07-04,920.22,Germany
3334,346,flight,13,,2026-04-27 20:00:00-04:00,2026-07-27,923.57,United States
3335,922,hotel,,123,2026-03-12 20:00:00-04:00,2026-07-04,1482.76,Canada
3336,69,flight,70,,2024-11-26 19:00:00-05:00,2024-12-11,604.49,Japan
3337,407,hotel,,61,2025-04-01 20:00:00-04:00,2025-04-22,371.38,United States
3338,498,hotel,,144,2024-12-12 19:00:00-05:00,2025-04-08,2339.90,Australia
3339,791,flight,83,,2025-11-09 19:00:00-05:00,2026-01-27,252.31,Japan
3340,153,flight,57,,2026-03-25 20:00:00-04:00,2026-04-11,925.47,United States
3341,794,hotel,,15,2025-07-12 20:00:00-04:00,2025-09-09,4110.66,Japan
3342,804,hotel,,59,2026-10-31 20:00:00-04:00,2026-12-29,5031.90,France
3343,849,hotel,,99,2026-03-29 20:00:00-04:00,2026-05-22,290.04,Germany
3344,322,hotel,,93,2026-01-27 19:00:00-05:00,2026-02-09,1368.18,Italy
3345,258,flight,169,,2026-01-28 19:00:00-05:00,2026-04-26,216.00,Italy
3346,69,hotel,,69,2024-04-12 20:00:00-04:00,2024-06-13,898.86,United Arab Emirates
3347,80,hotel,,70,2026-01-13 19:00:00-05:00,2026-03-16,486.11,Germany
3348,584,flight,97,,2025-03-13 20:00:00-04:00,2025-06-21,897.47,United Arab Emirates
3349,607,flight,116,,2025-01-01 19:00:00-05:00,2025-02-19,497.09,France
3350,561,hotel,,48,2026-05-03 20:00:00-04:00,2026-08-22,249.23,United States
3351,489,flight,65,,2024-06-06 20:00:00-04:00,2024-06-16,791.89,United Kingdom
3352,173,hotel,,4,2025-05-25 20:00:00-04:00,2025-08-26,585.20,Italy
3353,638,hotel,,23,2024-05-08 20:00:00-04:00,2024-06-02,1372.77,Japan
3354,315,flight,63,,2024-09-07 20:00:00-04:00,2024-11-27,1180.65,France
3355,770,hotel,,119,2026-02-06 19:00:00-05:00,2026-04-06,3736.62,France
3356,581,hotel,,145,2026-09-08 20:00:00-04:00,2026-09-20,4851.63,Canada
3357,486,flight,110,,2024-06-09 20:00:00-04:00,2024-07-08,930.85,France
3358,503,hotel,,48,2026-05-04 20:00:00-04:00,2026-05-22,747.69,United States
3359,449,hotel,,8,2025-11-15 19:00:00-05:00,2026-02-28,2965.84,United Kingdom
3360,983,hotel,,136,2025-09-22 20:00:00-04:00,2025-12-12,1753.02,France
3361,637,hotel,,108,2025-08-02 20:00:00-04:00,2025-10-18,2774.22,Italy
3362,243,flight,147,,2026-03-27 20:00:00-04:00,2026-06-30,854.53,United Kingdom
3363,922,hotel,,24,2026-02-19 19:00:00-05:00,2026-03-13,1383.69,United States
3364,337,hotel,,132,2024-07-12 20:00:00-04:00,2024-07-23,3520.60,Japan
3365,653,hotel,,32,2025-03-05 19:00:00-05:00,2025-04-11,1488.24,Italy
3366,47,flight,18,,2025-06-06 20:00:00-04:00,2025-08-28,1144.27,United Kingdom
3367,361,flight,97,,2024-08-21 20:00:00-04:00,2024-10-30,897.47,United Arab Emirates
3368,279,hotel,,117,2026-08-19 20:00:00-04:00,2026-11-16,1046.70,United States
3369,492,flight,1,,2026-10-17 20:00:00-04:00,2026-10-31,432.54,Italy
3370,144,hotel,,102,2025-11-09 19:00:00-05:00,2026-01-15,1605.60,Canada
3371,317,hotel,,77,2025-01-22 19:00:00-05:00,2025-03-22,2408.70,Japan
3372,459,hotel,,23,2026-07-07 20:00:00-04:00,2026-11-05,3203.13,Japan
3373,836,flight,89,,2024-09-09 20:00:00-04:00,2025-01-08,1122.96,France
3374,437,flight,85,,2026-02-06 19:00:00-05:00,2026-06-03,887.20,United States
3375,34,flight,91,,2025-11-02 19:00:00-05:00,2025-12-11,706.88,France
3376,323,flight,10,,2026-07-02 20:00:00-04:00,2026-08-04,953.75,Mexico
3377,603,hotel,,110,2025-07-17 20:00:00-04:00,2025-10-05,4071.70,United Arab Emirates
3378,191,hotel,,29,2024-12-13 19:00:00-05:00,2024-12-31,3728.50,Canada
3379,666,hotel,,98,2024-12-28 19:00:00-05:00,2025-03-18,706.76,Australia
3380,329,flight,95,,2025-09-27 20:00:00-04:00,2026-01-01,437.28,Italy
3381,608,hotel,,95,2024-03-14 20:00:00-04:00,2024-04-13,824.34,United Kingdom
3382,113,flight,119,,2025-04-08 20:00:00-04:00,2025-05-06,701.66,United Arab Emirates
3383,424,flight,61,,2025-01-16 19:00:00-05:00,2025-03-03,1160.43,United States
3384,81,hotel,,135,2026-04-11 20:00:00-04:00,2026-05-26,4221.20,France
3385,871,hotel,,90,2025-12-16 19:00:00-05:00,2026-02-12,2693.60,Italy
3386,424,hotel,,85,2024-10-16 20:00:00-04:00,2024-12-01,1471.75,Germany
3387,896,hotel,,66,2024-10-30 20:00:00-04:00,2024-12-16,1062.98,Canada
3388,811,hotel,,102,2026-07-25 20:00:00-04:00,2026-08-17,3211.20,Canada
3389,951,flight,181,,2025-11-10 19:00:00-05:00,2025-12-19,858.99,Canada
3390,968,hotel,,116,2024-12-03 19:00:00-05:00,2025-02-23,2189.85,Australia
3391,232,hotel,,5,2026-09-26 20:00:00-04:00,2026-11-06,3769.38,United Kingdom
3392,778,flight,13,,2025-02-08 19:00:00-05:00,2025-03-16,923.57,United States
3393,608,hotel,,33,2024-11-21 19:00:00-05:00,2025-01-21,4444.30,United States
3394,741,hotel,,137,2024-09-30 20:00:00-04:00,2024-12-20,3788.91,France
3395,597,hotel,,41,2025-02-24 19:00:00-05:00,2025-04-04,805.50,Canada
3396,991,flight,34,,2026-04-07 20:00:00-04:00,2026-06-11,552.73,Japan
3397,63,flight,123,,2026-04-08 20:00:00-04:00,2026-08-04,648.60,Mexico
3398,780,flight,78,,2025-10-27 20:00:00-04:00,2025-12-15,573.61,Japan
3399,921,hotel,,106,2025-04-15 20:00:00-04:00,2025-05-29,860.52,United States
3400,345,hotel,,33,2026-01-07 19:00:00-05:00,2026-01-31,444.43,United States
3401,251,flight,72,,2024-08-01 20:00:00-04:00,2024-09-16,825.57,France
3402,581,hotel,,17,2026-07-18 20:00:00-04:00,2026-09-12,924.81,United Kingdom
3403,741,flight,8,,2025-03-28 20:00:00-04:00,2025-04-11,655.83,Japan
3404,145,hotel,,30,2025-04-22 20:00:00-04:00,2025-05-17,1737.72,United Arab Emirates
3405,752,hotel,,101,2026-05-08 20:00:00-04:00,2026-09-02,1546.74,Canada
3406,542,hotel,,150,2026-02-06 19:00:00-05:00,2026-03-28,1603.20,United States
3407,644,hotel,,111,2025-05-05 20:00:00-04:00,2025-07-23,423.44,Australia
3408,945,flight,181,,2025-06-12 20:00:00-04:00,2025-07-23,858.99,Canada
3409,370,hotel,,84,2024-04-26 20:00:00-04:00,2024-06-06,3489.15,Australia
3410,398,flight,58,,2025-11-19 19:00:00-05:00,2025-12-06,1044.60,France
3411,957,hotel,,53,2024-07-31 20:00:00-04:00,2024-11-29,2946.10,Australia
3412,912,flight,105,,2025-12-03 19:00:00-05:00,2026-03-27,1031.35,United Kingdom
3413,162,flight,64,,2024-08-08 20:00:00-04:00,2024-12-03,656.81,Australia
3414,200,hotel,,47,2026-03-31 20:00:00-04:00,2026-05-15,430.75,United Arab Emirates
3415,417,flight,5,,2025-10-12 20:00:00-04:00,2025-11-02,414.60,Canada
3416,309,flight,183,,2026-03-14 20:00:00-04:00,2026-05-18,284.28,France
3417,594,hotel,,102,2026-01-09 19:00:00-05:00,2026-04-21,2890.08,Canada
3418,852,flight,167,,2025-03-17 20:00:00-04:00,2025-06-03,744.68,United Kingdom
3419,322,flight,72,,2026-03-16 20:00:00-04:00,2026-07-12,825.57,France
3420,391,flight,168,,2025-10-24 20:00:00-04:00,2026-02-22,1136.13,Canada
3421,92,hotel,,74,2024-12-22 19:00:00-05:00,2025-04-22,1134.26,Japan
3422,477,hotel,,78,2024-05-01 20:00:00-04:00,2024-05-13,1623.08,Germany
3423,862,hotel,,59,2025-03-23 20:00:00-04:00,2025-04-19,4528.71,France
3424,813,hotel,,42,2025-04-21 20:00:00-04:00,2025-05-19,3016.98,Australia
3425,625,hotel,,87,2025-05-26 20:00:00-04:00,2025-07-23,971.94,United States
3426,460,hotel,,52,2024-09-28 20:00:00-04:00,2024-10-31,676.23,United States
3427,533,flight,60,,2025-12-30 19:00:00-05:00,2026-04-18,1005.71,United States
3428,10,flight,85,,2024-02-21 19:00:00-05:00,2024-03-17,887.20,United States
3429,411,flight,3,,2025-10-10 20:00:00-04:00,2025-11-13,384.96,France
3430,236,flight,65,,2025-11-04 19:00:00-05:00,2025-12-07,791.89,United Kingdom
3431,419,hotel,,32,2026-10-17 20:00:00-04:00,2026-11-02,3472.56,Italy
3432,803,hotel,,3,2024-09-21 20:00:00-04:00,2025-01-11,2802.24,Australia
3433,877,hotel,,123,2025-06-15 20:00:00-04:00,2025-09-30,3706.90,Canada
3434,625,hotel,,15,2025-04-01 20:00:00-04:00,2025-05-10,1370.22,Japan
3435,285,hotel,,21,2024-05-20 20:00:00-04:00,2024-06-04,872.49,United States
3436,933,flight,198,,2025-09-15 20:00:00-04:00,2025-12-03,979.03,Canada
3437,265,hotel,,8,2024-07-05 20:00:00-04:00,2024-08-12,1482.92,United Kingdom
3438,278,flight,139,,2025-09-02 20:00:00-04:00,2025-09-26,445.59,Japan
3439,304,hotel,,149,2025-06-18 20:00:00-04:00,2025-10-06,396.37,United States
3440,94,hotel,,34,2024-06-08 20:00:00-04:00,2024-07-06,641.80,Italy
3441,54,hotel,,106,2025-03-20 20:00:00-04:00,2025-05-23,717.10,United States
3442,677,hotel,,122,2024-05-28 20:00:00-04:00,2024-09-19,1682.88,United States
3443,329,hotel,,47,2026-04-01 20:00:00-04:00,2026-04-22,430.75,United Arab Emirates
3444,52,hotel,,139,2025-04-13 20:00:00-04:00,2025-07-11,2033.16,United States
3445,550,hotel,,121,2024-10-16 20:00:00-04:00,2025-02-01,273.30,Canada
3446,348,flight,82,,2026-03-21 20:00:00-04:00,2026-04-17,902.49,Canada
3447,614,flight,177,,2025-12-01 19:00:00-05:00,2026-03-19,676.93,France
3448,352,hotel,,137,2025-08-08 20:00:00-04:00,2025-11-21,2104.95,France
3449,730,hotel,,38,2025-04-30 20:00:00-04:00,2025-08-08,796.76,Germany
3450,498,flight,116,,2025-07-04 20:00:00-04:00,2025-08-05,497.09,France
3451,588,flight,34,,2026-03-14 20:00:00-04:00,2026-04-03,552.73,Japan
3452,87,flight,136,,2026-02-22 19:00:00-05:00,2026-03-17,856.96,United States
3453,469,flight,89,,2025-05-06 20:00:00-04:00,2025-08-11,1122.96,France
3454,705,hotel,,19,2025-04-29 20:00:00-04:00,2025-05-13,2136.48,United Kingdom
3455,876,flight,178,,2026-04-25 20:00:00-04:00,2026-06-09,230.94,Italy
3456,37,flight,91,,2025-05-23 20:00:00-04:00,2025-06-19,706.88,France
3457,107,hotel,,46,2027-02-19 19:00:00-05:00,2027-04-13,4430.90,Canada
3458,326,flight,45,,2025-12-06 19:00:00-05:00,2025-12-27,879.95,Italy
3459,180,flight,192,,2025-08-06 20:00:00-04:00,2025-10-02,167.39,Japan
3460,261,flight,117,,2025-10-19 20:00:00-04:00,2026-01-06,776.72,United Arab Emirates
3461,187,flight,75,,2024-09-15 20:00:00-04:00,2024-11-08,728.02,Italy
3462,154,flight,46,,2025-04-04 20:00:00-04:00,2025-05-30,845.61,Japan
3463,386,hotel,,67,2026-05-18 20:00:00-04:00,2026-09-06,5214.30,United States
3464,901,hotel,,1,2025-09-27 20:00:00-04:00,2025-10-29,3519.99,Japan
3465,837,flight,76,,2026-05-10 20:00:00-04:00,2026-06-24,632.05,Japan
3466,310,hotel,,129,2025-10-24 20:00:00-04:00,2025-12-10,4094.28,Italy
3467,512,hotel,,119,2024-06-01 20:00:00-04:00,2024-07-13,415.18,France
3468,824,flight,96,,2025-08-09 20:00:00-04:00,2025-12-05,782.65,United States
3469,629,hotel,,90,2026-10-07 20:00:00-04:00,2027-01-10,1077.44,Italy
3470,627,hotel,,115,2024-08-30 20:00:00-04:00,2024-12-16,677.12,United States
3471,264,flight,163,,2025-05-11 20:00:00-04:00,2025-07-12,562.12,United States
3472,674,flight,154,,2025-04-11 20:00:00-04:00,2025-08-09,327.07,United States
3473,759,hotel,,69,2024-12-20 19:00:00-05:00,2025-01-26,1348.29,United Arab Emirates
3474,464,hotel,,44,2024-11-18 19:00:00-05:00,2025-01-05,986.19,France
3475,934,hotel,,5,2025-01-14 19:00:00-05:00,2025-02-10,2931.74,United Kingdom
3476,83,hotel,,22,2025-09-17 20:00:00-04:00,2025-12-03,1389.60,Mexico
3477,829,flight,95,,2025-02-28 19:00:00-05:00,2025-05-30,437.28,Italy
3478,587,flight,74,,2026-03-27 20:00:00-04:00,2026-06-18,402.94,United Arab Emirates
3479,120,flight,197,,2025-07-06 20:00:00-04:00,2025-11-01,1068.57,United States
3480,421,flight,152,,2024-10-03 20:00:00-04:00,2024-10-30,623.18,Canada
3481,326,hotel,,149,2026-03-04 19:00:00-05:00,2026-06-09,2774.59,United States
3482,239,hotel,,40,2025-11-19 19:00:00-05:00,2026-01-25,2794.33,Japan
3483,177,hotel,,47,2026-12-23 19:00:00-05:00,2027-04-07,86.15,United Arab Emirates
3484,442,hotel,,67,2024-05-04 20:00:00-04:00,2024-06-23,5214.30,United States
3485,527,flight,142,,2026-01-09 19:00:00-05:00,2026-04-12,861.15,Germany
3486,348,flight,186,,2026-03-28 20:00:00-04:00,2026-05-01,819.50,Australia
3487,110,flight,195,,2025-08-28 20:00:00-04:00,2025-11-12,940.00,Mexico
3488,872,flight,147,,2025-04-11 20:00:00-04:00,2025-05-23,854.53,United Kingdom
3489,548,flight,41,,2026-02-18 19:00:00-05:00,2026-06-15,1070.37,United States
3490,66,flight,39,,2024-12-26 19:00:00-05:00,2025-04-21,913.53,Italy
3491,97,flight,192,,2024-03-19 20:00:00-04:00,2024-05-13,167.39,Japan
3492,304,flight,138,,2026-05-14 20:00:00-04:00,2026-07-08,1124.45,United States
3493,158,hotel,,138,2025-12-09 19:00:00-05:00,2026-02-08,2141.44,Canada
3494,412,hotel,,150,2026-02-26 19:00:00-05:00,2026-03-19,534.40,United States
3495,544,hotel,,138,2026-02-06 19:00:00-05:00,2026-04-26,267.68,Canada
3496,399,hotel,,35,2025-12-27 19:00:00-05:00,2026-04-10,327.81,Japan
3497,44,hotel,,129,2025-12-11 19:00:00-05:00,2026-03-01,3639.36,Italy
3498,453,hotel,,81,2025-08-15 20:00:00-04:00,2025-12-07,1352.34,Australia
3499,336,hotel,,73,2025-01-28 19:00:00-05:00,2025-03-28,1167.53,Japan
3500,767,hotel,,112,2025-06-11 20:00:00-04:00,2025-09-03,1624.53,Italy
3501,223,hotel,,29,2026-10-23 20:00:00-04:00,2026-11-23,3728.50,Canada
3502,145,hotel,,20,2025-05-12 20:00:00-04:00,2025-06-11,2393.36,United Kingdom
3503,188,flight,17,,2025-10-01 20:00:00-04:00,2026-01-05,644.32,Japan
3504,47,hotel,,65,2025-06-28 20:00:00-04:00,2025-09-22,2503.44,Canada
3505,223,flight,125,,2026-04-13 20:00:00-04:00,2026-07-23,1156.84,Italy
3506,961,flight,158,,2025-08-22 20:00:00-04:00,2025-10-29,1033.88,Japan
3507,458,flight,157,,2024-11-30 19:00:00-05:00,2025-02-21,729.26,Canada
3508,609,hotel,,135,2025-04-22 20:00:00-04:00,2025-07-27,844.24,France
3509,668,flight,51,,2024-12-26 19:00:00-05:00,2025-04-02,872.61,Italy
3510,114,flight,111,,2024-01-30 19:00:00-05:00,2024-03-06,1107.06,Italy
3511,433,hotel,,44,2024-03-31 20:00:00-04:00,2024-07-11,328.73,France
3512,64,flight,192,,2025-10-31 20:00:00-04:00,2025-12-03,167.39,Japan
3513,166,hotel,,102,2026-05-13 20:00:00-04:00,2026-07-29,1284.48,Canada
3514,894,flight,162,,2026-01-11 19:00:00-05:00,2026-03-01,423.65,Australia
3515,48,hotel,,63,2025-03-12 20:00:00-04:00,2025-04-23,5303.43,Italy
3516,921,flight,1,,2025-10-15 20:00:00-04:00,2026-01-21,432.54,Italy
3517,958,hotel,,42,2026-01-08 19:00:00-05:00,2026-04-14,2346.54,Australia
3518,863,flight,145,,2026-09-14 20:00:00-04:00,2026-12-30,372.32,United States
3519,786,flight,102,,2024-11-09 19:00:00-05:00,2025-01-13,1071.35,Germany
3520,547,hotel,,118,2025-05-25 20:00:00-04:00,2025-09-15,3948.28,Japan
3521,956,flight,143,,2025-01-21 19:00:00-05:00,2025-02-20,298.44,Australia
3522,911,flight,99,,2025-10-14 20:00:00-04:00,2026-01-08,1180.40,United Kingdom
3523,690,flight,124,,2025-11-05 19:00:00-05:00,2026-02-25,852.39,Japan
3524,418,flight,163,,2026-04-21 20:00:00-04:00,2026-06-11,562.12,United States
3525,117,hotel,,117,2024-08-04 20:00:00-04:00,2024-10-01,418.68,United States
3526,254,hotel,,28,2026-08-06 20:00:00-04:00,2026-09-22,535.58,Mexico
3527,997,flight,170,,2025-08-04 20:00:00-04:00,2025-08-31,693.78,Italy
3528,518,flight,184,,2024-09-21 20:00:00-04:00,2024-10-27,191.15,Mexico
3529,624,flight,139,,2026-04-01 20:00:00-04:00,2026-07-04,445.59,Japan
3530,870,flight,119,,2024-10-01 20:00:00-04:00,2024-11-01,701.66,United Arab Emirates
3531,755,flight,84,,2025-02-17 19:00:00-05:00,2025-04-27,1021.38,United States
3532,726,flight,127,,2024-10-20 20:00:00-04:00,2024-12-28,690.02,United States
3533,395,flight,109,,2026-02-20 19:00:00-05:00,2026-03-05,556.93,United States
3534,774,hotel,,2,2025-06-22 20:00:00-04:00,2025-07-21,745.56,Germany
3535,536,flight,69,,2026-08-18 20:00:00-04:00,2026-12-08,385.18,Australia
3536,254,flight,120,,2026-09-11 20:00:00-04:00,2026-10-05,317.34,Mexico
3537,622,hotel,,118,2026-07-17 20:00:00-04:00,2026-08-08,5076.36,Japan
3538,712,flight,108,,2026-06-09 20:00:00-04:00,2026-08-31,973.52,Mexico
3539,594,flight,77,,2026-01-28 19:00:00-05:00,2026-05-04,619.42,Canada
3540,359,hotel,,5,2026-02-23 19:00:00-05:00,2026-06-05,1256.46,United Kingdom
3541,719,hotel,,103,2026-07-05 20:00:00-04:00,2026-08-29,4667.76,United Arab Emirates
3542,394,flight,91,,2024-12-18 19:00:00-05:00,2025-04-16,706.88,France
3543,589,flight,115,,2025-06-29 20:00:00-04:00,2025-08-17,427.45,Australia
3544,210,hotel,,145,2026-09-17 20:00:00-04:00,2026-11-28,1617.21,Canada
3545,352,hotel,,70,2025-05-13 20:00:00-04:00,2025-08-06,3402.77,Germany
3546,644,flight,77,,2025-12-17 19:00:00-05:00,2026-03-29,619.42,Canada
3547,908,flight,156,,2025-06-17 20:00:00-04:00,2025-10-13,635.99,Canada
3548,24,hotel,,122,2025-06-25 20:00:00-04:00,2025-09-21,631.08,United States
3549,784,hotel,,78,2025-11-08 19:00:00-05:00,2026-01-30,811.54,Germany
3550,783,hotel,,102,2025-03-13 20:00:00-04:00,2025-06-08,2568.96,Canada
3551,23,flight,153,,2026-05-12 20:00:00-04:00,2026-08-28,310.01,Australia
3552,469,hotel,,128,2025-12-23 19:00:00-05:00,2026-03-28,2011.30,United Kingdom
3553,573,hotel,,147,2025-06-14 20:00:00-04:00,2025-09-09,2827.15,Australia
3554,416,hotel,,50,2026-03-18 20:00:00-04:00,2026-05-30,1756.40,United Arab Emirates
3555,822,hotel,,119,2024-05-08 20:00:00-04:00,2024-07-07,1660.72,France
3556,296,hotel,,88,2025-01-09 19:00:00-05:00,2025-04-07,943.20,Canada
3557,409,flight,199,,2024-11-29 19:00:00-05:00,2025-01-13,252.60,Australia
3558,599,flight,81,,2024-10-14 20:00:00-04:00,2024-11-28,1007.42,France
3559,11,flight,132,,2025-12-26 19:00:00-05:00,2026-03-25,174.94,United Kingdom
3560,826,hotel,,44,2024-03-14 20:00:00-04:00,2024-05-02,657.46,France
3561,856,flight,36,,2025-01-06 19:00:00-05:00,2025-03-06,776.19,Mexico
3562,985,hotel,,103,2026-01-01 19:00:00-05:00,2026-02-28,2593.20,United Arab Emirates
3563,567,flight,140,,2024-04-20 20:00:00-04:00,2024-08-13,647.69,France
3564,184,hotel,,65,2026-02-11 19:00:00-05:00,2026-06-05,1668.96,Canada
3565,533,flight,143,,2025-06-07 20:00:00-04:00,2025-06-15,298.44,Australia
3566,899,flight,11,,2026-06-21 20:00:00-04:00,2026-10-09,843.56,United States
3567,338,hotel,,139,2026-01-25 19:00:00-05:00,2026-04-28,4574.61,United States
3568,243,hotel,,28,2025-09-19 20:00:00-04:00,2026-01-11,4820.22,Mexico
3569,356,hotel,,39,2025-07-27 20:00:00-04:00,2025-08-05,3880.40,United States
3570,808,hotel,,1,2024-11-07 19:00:00-05:00,2024-11-21,1564.44,Japan
3571,48,hotel,,104,2025-06-28 20:00:00-04:00,2025-10-11,966.68,France
3572,607,hotel,,5,2025-01-29 19:00:00-05:00,2025-03-04,2512.92,United Kingdom
3573,397,hotel,,67,2026-04-21 20:00:00-04:00,2026-07-09,5214.30,United States
3574,197,hotel,,76,2025-02-09 19:00:00-05:00,2025-05-13,938.28,Mexico
3575,460,flight,123,,2025-03-23 20:00:00-04:00,2025-07-06,648.60,Mexico
3576,936,flight,136,,2025-08-18 20:00:00-04:00,2025-09-10,856.96,United States
3577,484,flight,165,,2026-02-05 19:00:00-05:00,2026-06-05,677.28,United States
3578,823,flight,162,,2024-12-04 19:00:00-05:00,2024-12-26,423.65,Australia
3579,769,flight,177,,2025-08-15 20:00:00-04:00,2025-10-09,676.93,France
3580,126,flight,76,,2025-10-06 20:00:00-04:00,2025-11-17,632.05,Japan
3581,311,hotel,,12,2024-11-11 19:00:00-05:00,2025-02-03,1145.06,United Arab Emirates
3582,496,hotel,,109,2025-01-30 19:00:00-05:00,2025-03-22,2932.83,Mexico
3583,925,hotel,,78,2026-05-04 20:00:00-04:00,2026-06-02,405.77,Germany
3584,387,flight,83,,2024-04-11 20:00:00-04:00,2024-05-03,252.31,Japan
3585,933,hotel,,112,2025-09-30 20:00:00-04:00,2025-12-23,4332.08,Italy
3586,141,hotel,,46,2025-04-05 20:00:00-04:00,2025-07-20,1329.27,Canada
3587,962,flight,3,,2024-05-04 20:00:00-04:00,2024-07-28,384.96,France
3588,340,flight,166,,2026-05-27 20:00:00-04:00,2026-08-24,945.07,United Kingdom
3589,676,hotel,,8,2025-10-30 20:00:00-04:00,2026-02-16,1853.65,United Kingdom
3590,511,hotel,,78,2026-01-09 19:00:00-05:00,2026-03-07,3651.93,Germany
3591,296,hotel,,58,2024-10-26 20:00:00-04:00,2025-01-18,2871.70,Germany
3592,448,hotel,,60,2025-12-30 19:00:00-05:00,2026-01-19,4204.71,Japan
3593,231,hotel,,21,2024-11-20 19:00:00-05:00,2025-01-29,872.49,United States
3594,295,hotel,,27,2025-03-21 20:00:00-04:00,2025-04-25,770.34,Mexico
3595,719,flight,64,,2025-12-26 19:00:00-05:00,2026-04-07,656.81,Australia
3596,404,flight,24,,2025-11-03 19:00:00-05:00,2025-12-04,1191.97,United Kingdom
3597,953,flight,200,,2025-03-27 20:00:00-04:00,2025-05-04,1105.59,Italy
3598,656,flight,127,,2026-04-03 20:00:00-04:00,2026-06-09,690.02,United States
3599,161,hotel,,140,2026-03-15 20:00:00-04:00,2026-05-30,1847.36,Mexico
3600,633,hotel,,83,2025-04-16 20:00:00-04:00,2025-06-04,4973.76,Mexico
3601,333,flight,172,,2025-07-09 20:00:00-04:00,2025-09-29,888.92,Japan
3602,313,flight,89,,2025-08-08 20:00:00-04:00,2025-12-01,1122.96,France
3603,144,hotel,,30,2025-03-18 20:00:00-04:00,2025-05-16,3909.87,United Arab Emirates
3604,336,hotel,,22,2024-09-12 20:00:00-04:00,2024-12-07,3705.60,Mexico
3605,69,flight,136,,2024-08-18 20:00:00-04:00,2024-09-01,856.96,United States
3606,873,flight,154,,2025-05-21 20:00:00-04:00,2025-07-07,327.07,United States
3607,95,hotel,,79,2025-08-29 20:00:00-04:00,2025-11-03,474.30,Mexico
3608,483,flight,55,,2025-05-28 20:00:00-04:00,2025-08-25,637.49,Germany
3609,366,flight,136,,2025-05-28 20:00:00-04:00,2025-07-31,856.96,United States
3610,750,hotel,,119,2025-03-29 20:00:00-04:00,2025-07-21,830.36,France
3611,365,hotel,,147,2025-08-16 20:00:00-04:00,2025-12-05,4523.44,Australia
3612,205,hotel,,53,2024-09-25 20:00:00-04:00,2025-01-19,589.22,Australia
3613,342,flight,137,,2026-02-07 19:00:00-05:00,2026-04-21,943.76,Japan
3614,32,flight,136,,2026-03-07 19:00:00-05:00,2026-03-30,856.96,United States
3615,223,hotel,,18,2026-01-01 19:00:00-05:00,2026-04-30,725.08,Mexico
3616,246,flight,132,,2025-10-03 20:00:00-04:00,2025-10-15,174.94,United Kingdom
3617,486,flight,91,,2025-02-12 19:00:00-05:00,2025-02-28,706.88,France
3618,814,flight,122,,2025-01-22 19:00:00-05:00,2025-04-09,528.84,United Arab Emirates
3619,202,flight,143,,2025-09-26 20:00:00-04:00,2026-01-17,298.44,Australia
3620,446,flight,17,,2025-06-26 20:00:00-04:00,2025-09-29,644.32,Japan
3621,321,flight,178,,2025-03-07 19:00:00-05:00,2025-05-10,230.94,Italy
3622,314,hotel,,55,2026-02-15 19:00:00-05:00,2026-06-09,935.04,United States
3623,747,flight,132,,2026-03-06 19:00:00-05:00,2026-06-25,174.94,United Kingdom
3624,52,flight,28,,2025-06-30 20:00:00-04:00,2025-09-18,952.71,Australia
3625,365,hotel,,49,2025-08-08 20:00:00-04:00,2025-10-16,1016.55,United Kingdom
3626,286,hotel,,123,2025-07-09 20:00:00-04:00,2025-07-28,2965.52,Canada
3627,761,hotel,,102,2025-08-01 20:00:00-04:00,2025-10-23,3211.20,Canada
3628,955,flight,54,,2025-07-18 20:00:00-04:00,2025-08-23,1100.02,Japan
3629,834,hotel,,148,2026-03-26 20:00:00-04:00,2026-06-17,2596.60,Australia
3630,910,hotel,,111,2026-12-11 19:00:00-05:00,2027-03-30,1058.60,Australia
3631,995,hotel,,148,2024-05-31 20:00:00-04:00,2024-08-25,5193.20,Australia
3632,810,flight,29,,2025-05-13 20:00:00-04:00,2025-05-25,795.20,United Kingdom
3633,50,hotel,,148,2026-06-09 20:00:00-04:00,2026-07-16,519.32,Australia
3634,545,flight,88,,2025-08-20 20:00:00-04:00,2025-11-26,902.63,Italy
3635,168,flight,139,,2026-01-13 19:00:00-05:00,2026-01-31,445.59,Japan
3636,609,hotel,,75,2025-06-06 20:00:00-04:00,2025-08-19,468.55,Australia
3637,175,hotel,,132,2025-01-13 19:00:00-05:00,2025-02-25,3168.54,Japan
3638,305,hotel,,113,2025-11-07 19:00:00-05:00,2026-01-01,1227.33,Japan
3639,575,hotel,,147,2026-04-11 20:00:00-04:00,2026-05-31,3392.58,Australia
3640,773,flight,29,,2024-12-19 19:00:00-05:00,2025-03-31,795.20,United Kingdom
3641,863,flight,19,,2026-01-11 19:00:00-05:00,2026-02-06,523.05,Italy
3642,452,hotel,,19,2025-02-16 19:00:00-05:00,2025-05-12,801.18,United Kingdom
3643,307,flight,116,,2025-12-03 19:00:00-05:00,2026-02-26,497.09,France
3644,921,flight,85,,2025-08-31 20:00:00-04:00,2025-09-09,887.20,United States
3645,769,hotel,,26,2025-05-23 20:00:00-04:00,2025-07-12,1716.20,United Kingdom
3646,814,flight,195,,2024-12-25 19:00:00-05:00,2025-03-06,940.00,Mexico
3647,895,flight,134,,2026-08-23 20:00:00-04:00,2026-10-20,1012.70,Australia
3648,108,flight,56,,2025-05-16 20:00:00-04:00,2025-08-24,1044.86,France
3649,654,flight,129,,2024-12-23 19:00:00-05:00,2025-03-08,325.76,Japan
3650,350,hotel,,21,2024-12-10 19:00:00-05:00,2025-01-01,2908.30,United States
3651,252,hotel,,71,2026-12-04 19:00:00-05:00,2026-12-22,1771.62,Australia
3652,591,flight,159,,2024-11-08 19:00:00-05:00,2025-02-18,920.22,Germany
3653,673,flight,120,,2024-05-14 20:00:00-04:00,2024-07-17,317.34,Mexico
3654,591,flight,38,,2025-05-05 20:00:00-04:00,2025-06-22,1145.49,United Kingdom
3655,574,hotel,,54,2025-02-09 19:00:00-05:00,2025-05-02,1992.52,Japan
3656,843,hotel,,81,2024-11-18 19:00:00-05:00,2025-02-14,1352.34,Australia
3657,552,flight,4,,2025-02-17 19:00:00-05:00,2025-05-31,595.00,Germany
3658,788,hotel,,102,2025-07-21 20:00:00-04:00,2025-08-14,321.12,Canada
3659,765,flight,62,,2024-04-02 20:00:00-04:00,2024-06-22,989.89,Canada
3660,807,flight,137,,2026-01-22 19:00:00-05:00,2026-03-02,943.76,Japan
3661,129,hotel,,81,2025-10-04 20:00:00-04:00,2025-10-29,901.56,Australia
3662,125,flight,147,,2026-08-28 20:00:00-04:00,2026-09-10,854.53,United Kingdom
3663,61,hotel,,26,2024-12-15 19:00:00-05:00,2025-04-04,3089.16,United Kingdom
3664,735,flight,84,,2024-12-05 19:00:00-05:00,2025-01-18,1021.38,United States
3665,63,flight,183,,2026-07-12 20:00:00-04:00,2026-08-16,284.28,France
3666,473,flight,88,,2026-02-23 19:00:00-05:00,2026-03-11,902.63,Italy
3667,956,hotel,,103,2025-01-10 19:00:00-05:00,2025-03-07,1555.92,United Arab Emirates
3668,937,hotel,,90,2025-03-10 20:00:00-04:00,2025-04-14,4848.48,Italy
3669,738,hotel,,54,2024-11-30 19:00:00-05:00,2025-01-08,2988.78,Japan
3670,248,flight,161,,2026-08-18 20:00:00-04:00,2026-08-26,575.39,Australia
3671,342,hotel,,94,2026-01-08 19:00:00-05:00,2026-01-27,2619.05,United States
3672,462,flight,86,,2024-05-03 20:00:00-04:00,2024-08-02,262.31,United States
3673,882,hotel,,150,2026-07-08 20:00:00-04:00,2026-08-15,2137.60,United States
3674,582,flight,30,,2026-04-15 20:00:00-04:00,2026-06-06,552.48,Canada
3675,104,hotel,,101,2025-01-09 19:00:00-05:00,2025-02-17,2577.90,Canada
3676,44,flight,121,,2026-05-30 20:00:00-04:00,2026-07-07,516.87,Japan
3677,498,flight,41,,2025-04-07 20:00:00-04:00,2025-04-18,1070.37,United States
3678,558,hotel,,105,2026-10-20 20:00:00-04:00,2026-12-15,174.43,Australia
3679,352,flight,134,,2025-06-19 20:00:00-04:00,2025-07-19,1012.70,Australia
3680,85,hotel,,18,2025-11-27 19:00:00-05:00,2026-01-06,1268.89,Mexico
3681,79,flight,179,,2026-04-01 20:00:00-04:00,2026-06-27,315.23,United Kingdom
3682,473,hotel,,86,2026-06-22 20:00:00-04:00,2026-07-26,720.45,Germany
3683,894,hotel,,68,2026-08-07 20:00:00-04:00,2026-11-29,258.69,Japan
3684,999,hotel,,49,2024-04-22 20:00:00-04:00,2024-05-04,1829.79,United Kingdom
3685,560,flight,55,,2024-12-28 19:00:00-05:00,2025-03-08,637.49,Germany
3686,9,hotel,,108,2024-06-20 20:00:00-04:00,2024-08-29,1849.48,Italy
3687,433,flight,27,,2024-12-06 19:00:00-05:00,2025-04-04,624.66,France
3688,270,hotel,,117,2026-08-27 20:00:00-04:00,2026-10-08,418.68,United States
3689,542,flight,55,,2026-08-31 20:00:00-04:00,2026-10-18,637.49,Germany
3690,949,flight,148,,2025-08-20 20:00:00-04:00,2025-10-19,634.33,Australia
3691,817,flight,103,,2026-02-18 19:00:00-05:00,2026-04-30,261.79,Mexico
3692,267,flight,45,,2024-12-13 19:00:00-05:00,2025-01-12,879.95,Italy
3693,518,hotel,,117,2025-04-21 20:00:00-04:00,2025-07-03,1046.70,United States
3694,893,hotel,,61,2024-08-17 20:00:00-04:00,2024-09-08,2228.28,United States
3695,551,hotel,,126,2025-07-11 20:00:00-04:00,2025-11-04,627.36,Japan
3696,465,hotel,,109,2025-07-09 20:00:00-04:00,2025-07-19,2932.83,Mexico
3697,983,flight,99,,2024-11-24 19:00:00-05:00,2025-03-08,1180.40,United Kingdom
3698,860,hotel,,79,2026-03-18 20:00:00-04:00,2026-04-20,379.44,Mexico
3699,605,flight,53,,2025-06-02 20:00:00-04:00,2025-08-12,306.60,Canada
3700,562,hotel,,92,2025-03-07 19:00:00-05:00,2025-06-06,1950.75,United States
3701,228,flight,73,,2025-03-12 20:00:00-04:00,2025-05-10,1062.89,Canada
3702,780,hotel,,65,2025-10-12 20:00:00-04:00,2025-10-21,556.32,Canada
3703,239,flight,160,,2026-05-22 20:00:00-04:00,2026-05-31,1042.07,France
3704,936,flight,132,,2025-03-15 20:00:00-04:00,2025-04-16,174.94,United Kingdom
3705,846,hotel,,140,2024-06-29 20:00:00-04:00,2024-07-30,1385.52,Mexico
3706,406,flight,43,,2025-09-02 20:00:00-04:00,2025-10-13,200.65,France
3707,994,flight,168,,2025-05-25 20:00:00-04:00,2025-06-10,1136.13,Canada
3708,868,flight,157,,2024-12-21 19:00:00-05:00,2025-01-08,729.26,Canada
3709,36,hotel,,35,2024-12-03 19:00:00-05:00,2025-02-08,327.81,Japan
3710,275,hotel,,15,2024-12-04 19:00:00-05:00,2024-12-14,3653.92,Japan
3711,707,hotel,,56,2024-10-29 20:00:00-04:00,2025-01-17,515.52,Canada
3712,278,hotel,,142,2025-12-10 19:00:00-05:00,2026-04-04,712.92,Japan
3713,61,hotel,,80,2025-03-17 20:00:00-04:00,2025-06-11,645.88,United Arab Emirates
3714,978,flight,71,,2025-05-07 20:00:00-04:00,2025-08-19,306.09,United States
3715,558,hotel,,143,2025-12-06 19:00:00-05:00,2026-02-27,3011.28,Italy
3716,155,hotel,,148,2024-09-24 20:00:00-04:00,2025-01-20,3635.24,Australia
3717,210,flight,21,,2026-02-04 19:00:00-05:00,2026-03-31,206.36,Canada
3718,508,hotel,,75,2025-01-16 19:00:00-05:00,2025-02-16,93.71,Australia
3719,272,flight,26,,2024-12-13 19:00:00-05:00,2025-02-12,499.26,Canada
3720,111,flight,79,,2025-01-05 19:00:00-05:00,2025-02-06,1017.20,France
3721,392,hotel,,98,2025-07-16 20:00:00-04:00,2025-10-20,706.76,Australia
3722,52,hotel,,140,2024-10-17 20:00:00-04:00,2024-11-13,3232.88,Mexico
3723,460,flight,200,,2024-08-06 20:00:00-04:00,2024-09-02,1105.59,Italy
3724,36,flight,200,,2025-02-15 19:00:00-05:00,2025-04-06,1105.59,Italy
3725,812,flight,107,,2025-02-21 19:00:00-05:00,2025-06-11,1058.08,Australia
3726,739,flight,93,,2025-11-28 19:00:00-05:00,2026-02-17,332.33,Australia
3727,202,hotel,,8,2026-02-05 19:00:00-05:00,2026-04-28,370.73,United Kingdom
3728,348,hotel,,81,2026-08-19 20:00:00-04:00,2026-11-12,150.26,Australia
3729,62,flight,35,,2026-07-08 20:00:00-04:00,2026-08-16,1015.04,Japan
3730,342,flight,119,,2025-06-15 20:00:00-04:00,2025-10-03,701.66,United Arab Emirates
3731,222,hotel,,9,2025-10-24 20:00:00-04:00,2025-11-25,3043.04,Germany
3732,176,flight,53,,2025-08-20 20:00:00-04:00,2025-09-10,306.60,Canada
3733,554,hotel,,131,2025-06-24 20:00:00-04:00,2025-07-07,2344.80,Germany
3734,906,flight,127,,2024-12-30 19:00:00-05:00,2025-02-25,690.02,United States
3735,146,flight,65,,2025-04-30 20:00:00-04:00,2025-05-11,791.89,United Kingdom
3736,324,hotel,,29,2024-08-26 20:00:00-04:00,2024-12-13,2982.80,Canada
3737,114,flight,18,,2024-10-07 20:00:00-04:00,2025-01-26,1144.27,United Kingdom
3738,486,flight,79,,2024-12-21 19:00:00-05:00,2025-01-30,1017.20,France
3739,251,hotel,,58,2024-08-07 20:00:00-04:00,2024-09-02,1435.85,Germany
3740,301,flight,37,,2024-11-29 19:00:00-05:00,2025-01-22,1195.95,United Arab Emirates
3741,96,hotel,,88,2024-02-18 19:00:00-05:00,2024-03-15,707.40,Canada
3742,220,hotel,,5,2024-11-15 19:00:00-05:00,2024-12-11,4188.20,United Kingdom
3743,279,hotel,,122,2026-06-20 20:00:00-04:00,2026-10-08,631.08,United States
3744,385,flight,47,,2025-02-19 19:00:00-05:00,2025-05-24,589.77,United Kingdom
3745,431,hotel,,58,2025-03-29 20:00:00-04:00,2025-04-18,861.51,Germany
3746,482,hotel,,120,2025-05-09 20:00:00-04:00,2025-08-08,2009.90,United Kingdom
3747,838,hotel,,35,2025-02-28 19:00:00-05:00,2025-03-11,1639.05,Japan
3748,971,hotel,,150,2027-01-02 19:00:00-05:00,2027-02-24,2404.80,United States
3749,360,flight,34,,2024-08-28 20:00:00-04:00,2024-09-09,552.73,Japan
3750,109,flight,29,,2025-02-15 19:00:00-05:00,2025-05-19,795.20,United Kingdom
3751,328,flight,111,,2026-01-04 19:00:00-05:00,2026-04-25,1107.06,Italy
3752,554,hotel,,138,2025-09-02 20:00:00-04:00,2025-10-16,1873.76,Canada
3753,262,hotel,,132,2026-11-26 19:00:00-05:00,2027-01-27,2464.42,Japan
3754,130,flight,16,,2026-05-30 20:00:00-04:00,2026-07-25,1032.67,United Kingdom
3755,930,flight,69,,2026-05-21 20:00:00-04:00,2026-08-04,385.18,Australia
3756,320,hotel,,131,2024-09-04 20:00:00-04:00,2024-09-15,1172.40,Germany
3757,449,flight,147,,2025-09-20 20:00:00-04:00,2025-10-12,854.53,United Kingdom
3758,34,hotel,,146,2025-09-04 20:00:00-04:00,2025-11-30,1027.32,United Kingdom
3759,88,hotel,,13,2026-02-10 19:00:00-05:00,2026-02-23,2276.89,Japan
3760,585,flight,187,,2024-07-25 20:00:00-04:00,2024-10-18,786.85,Canada
3761,641,flight,84,,2026-05-29 20:00:00-04:00,2026-09-14,1021.38,United States
3762,236,hotel,,131,2026-04-17 20:00:00-04:00,2026-05-29,2051.70,Germany
3763,277,hotel,,41,2024-05-08 20:00:00-04:00,2024-07-19,805.50,Canada
3764,230,hotel,,111,2025-07-26 20:00:00-04:00,2025-09-07,635.16,Australia
3765,152,flight,43,,2026-02-08 19:00:00-05:00,2026-02-24,200.65,France
3766,205,hotel,,38,2025-04-16 20:00:00-04:00,2025-07-28,199.19,Germany
3767,368,hotel,,54,2024-03-19 20:00:00-04:00,2024-07-17,1992.52,Japan
3768,3,flight,141,,2024-02-11 19:00:00-05:00,2024-02-21,986.61,United States
3769,532,hotel,,75,2025-05-15 20:00:00-04:00,2025-09-01,655.97,Australia
3770,465,flight,157,,2026-01-28 19:00:00-05:00,2026-02-19,729.26,Canada
3771,5,flight,147,,2026-07-17 20:00:00-04:00,2026-09-29,854.53,United Kingdom
3772,787,flight,31,,2025-01-31 19:00:00-05:00,2025-03-12,1147.57,United States
3773,416,flight,24,,2026-02-19 19:00:00-05:00,2026-05-12,1191.97,United Kingdom
3774,394,flight,176,,2024-06-08 20:00:00-04:00,2024-07-03,1008.10,United States
3775,507,flight,149,,2026-01-11 19:00:00-05:00,2026-04-23,413.22,Japan
3776,690,hotel,,100,2026-05-31 20:00:00-04:00,2026-06-13,126.90,France
3777,555,hotel,,22,2025-04-01 20:00:00-04:00,2025-06-17,4168.80,Mexico
3778,436,hotel,,63,2024-09-12 20:00:00-04:00,2024-11-08,589.27,Italy
3779,52,flight,151,,2025-08-12 20:00:00-04:00,2025-12-02,449.39,Japan
3780,528,hotel,,64,2025-12-21 19:00:00-05:00,2026-01-26,3010.42,United States
3781,122,flight,22,,2024-12-05 19:00:00-05:00,2025-02-08,645.83,Japan
3782,952,flight,22,,2026-08-01 20:00:00-04:00,2026-11-29,645.83,Japan
3783,326,flight,143,,2026-03-03 19:00:00-05:00,2026-05-27,298.44,Australia
3784,662,hotel,,85,2024-12-29 19:00:00-05:00,2025-02-08,2649.15,Germany
3785,145,hotel,,49,2025-05-14 20:00:00-04:00,2025-05-24,1016.55,United Kingdom
3786,825,flight,53,,2024-07-29 20:00:00-04:00,2024-09-21,306.60,Canada
3787,332,flight,106,,2025-08-04 20:00:00-04:00,2025-10-03,526.62,France
3788,31,hotel,,148,2025-12-30 19:00:00-05:00,2026-02-24,5193.20,Australia
3789,612,hotel,,70,2026-04-23 20:00:00-04:00,2026-07-14,3402.77,Germany
3790,443,hotel,,14,2025-09-04 20:00:00-04:00,2025-12-12,433.62,Japan
3791,60,flight,165,,2025-02-24 19:00:00-05:00,2025-06-24,677.28,United States
3792,739,flight,198,,2026-01-03 19:00:00-05:00,2026-04-11,979.03,Canada
3793,553,flight,39,,2025-12-14 19:00:00-05:00,2026-02-24,913.53,Italy
3794,943,flight,132,,2025-12-18 19:00:00-05:00,2026-01-23,174.94,United Kingdom
3795,458,hotel,,101,2024-05-06 20:00:00-04:00,2024-06-02,773.37,Canada
3796,35,hotel,,18,2025-06-08 20:00:00-04:00,2025-10-07,1450.16,Mexico
3797,269,hotel,,59,2026-02-05 19:00:00-05:00,2026-04-13,3019.14,France
3798,653,flight,41,,2025-06-30 20:00:00-04:00,2025-08-16,1070.37,United States
3799,974,flight,5,,2026-03-24 20:00:00-04:00,2026-05-29,414.60,Canada
3800,9,hotel,,25,2024-05-22 20:00:00-04:00,2024-06-19,3410.55,Canada
3801,974,flight,85,,2026-07-08 20:00:00-04:00,2026-10-13,887.20,United States
3802,110,flight,18,,2025-09-13 20:00:00-04:00,2025-11-13,1144.27,United Kingdom
3803,644,flight,89,,2026-03-23 20:00:00-04:00,2026-05-11,1122.96,France
3804,579,flight,102,,2026-03-19 20:00:00-04:00,2026-06-20,1071.35,Germany
3805,118,flight,155,,2025-03-24 20:00:00-04:00,2025-05-30,1032.12,Germany
3806,178,flight,110,,2024-04-25 20:00:00-04:00,2024-06-05,930.85,France
3807,419,flight,33,,2026-04-02 20:00:00-04:00,2026-04-20,878.20,Italy
3808,576,flight,118,,2026-07-11 20:00:00-04:00,2026-08-06,979.40,Canada
3809,89,flight,191,,2026-01-17 19:00:00-05:00,2026-04-27,222.29,Australia
3810,930,flight,146,,2025-12-18 19:00:00-05:00,2026-01-11,381.83,United Kingdom
3811,753,hotel,,23,2025-12-23 19:00:00-05:00,2026-02-13,1372.77,Japan
3812,31,hotel,,96,2026-04-17 20:00:00-04:00,2026-07-25,444.25,Canada
3813,510,hotel,,84,2026-07-15 20:00:00-04:00,2026-10-27,1993.80,Australia
3814,979,hotel,,12,2026-01-13 19:00:00-05:00,2026-03-10,817.90,United Arab Emirates
3815,671,flight,108,,2025-05-02 20:00:00-04:00,2025-07-05,973.52,Mexico
3816,225,hotel,,7,2026-05-12 20:00:00-04:00,2026-09-02,589.76,United States
3817,637,flight,2,,2025-02-21 19:00:00-05:00,2025-03-31,647.80,France
3818,375,hotel,,80,2025-05-06 20:00:00-04:00,2025-06-09,2583.52,United Arab Emirates
3819,866,flight,90,,2025-07-14 20:00:00-04:00,2025-08-21,841.38,Canada
3820,572,hotel,,105,2025-08-11 20:00:00-04:00,2025-10-20,1569.87,Australia
3821,174,flight,26,,2025-06-15 20:00:00-04:00,2025-09-27,499.26,Canada
3822,768,flight,47,,2026-03-30 20:00:00-04:00,2026-07-01,589.77,United Kingdom
3823,404,hotel,,101,2024-12-02 19:00:00-05:00,2025-02-13,1804.53,Canada
3824,721,hotel,,103,2024-11-16 19:00:00-05:00,2025-02-21,1555.92,United Arab Emirates
3825,877,flight,160,,2025-08-23 20:00:00-04:00,2025-09-09,1042.07,France
3826,901,hotel,,140,2026-01-16 19:00:00-05:00,2026-05-13,3694.72,Mexico
3827,523,hotel,,122,2025-01-04 19:00:00-05:00,2025-02-18,1682.88,United States
3828,850,flight,149,,2025-06-05 20:00:00-04:00,2025-07-03,413.22,Japan
3829,62,flight,10,,2026-05-01 20:00:00-04:00,2026-05-10,953.75,Mexico
3830,423,flight,129,,2026-02-27 19:00:00-05:00,2026-04-14,325.76,Japan
3831,580,hotel,,33,2026-06-26 20:00:00-04:00,2026-07-22,1777.72,United States
3832,321,hotel,,14,2025-04-21 20:00:00-04:00,2025-06-07,1084.05,Japan
3833,744,hotel,,40,2026-03-31 20:00:00-04:00,2026-06-17,798.38,Japan
3834,155,flight,164,,2024-11-05 19:00:00-05:00,2025-02-22,637.94,United Kingdom
3835,444,hotel,,92,2026-04-07 20:00:00-04:00,2026-07-18,650.25,United States
3836,366,hotel,,45,2025-10-17 20:00:00-04:00,2026-02-02,284.73,Mexico
3837,994,hotel,,71,2025-12-14 19:00:00-05:00,2026-03-20,1476.35,Australia
3838,659,flight,172,,2024-05-02 20:00:00-04:00,2024-05-22,888.92,Japan
3839,728,hotel,,141,2025-11-06 19:00:00-05:00,2026-01-22,1159.02,Japan
3840,544,flight,1,,2026-05-20 20:00:00-04:00,2026-06-28,432.54,Italy
3841,878,hotel,,58,2025-10-28 20:00:00-04:00,2025-12-14,1723.02,Germany
3842,694,hotel,,129,2026-06-23 20:00:00-04:00,2026-10-20,1364.76,Italy
3843,742,flight,71,,2026-01-12 19:00:00-05:00,2026-03-27,306.09,United States
3844,601,hotel,,104,2026-05-20 20:00:00-04:00,2026-05-30,3383.38,France
3845,266,flight,26,,2025-04-27 20:00:00-04:00,2025-08-21,499.26,Canada
3846,837,flight,24,,2026-02-18 19:00:00-05:00,2026-03-21,1191.97,United Kingdom
3847,165,hotel,,72,2025-06-19 20:00:00-04:00,2025-07-22,916.88,France
3848,822,flight,8,,2024-07-16 20:00:00-04:00,2024-11-11,655.83,Japan
3849,122,hotel,,136,2024-08-28 20:00:00-04:00,2024-10-14,1363.46,France
3850,5,flight,26,,2026-07-07 20:00:00-04:00,2026-08-02,499.26,Canada
3851,731,hotel,,52,2025-09-12 20:00:00-04:00,2025-09-27,676.23,United States
3852,64,flight,115,,2025-06-28 20:00:00-04:00,2025-09-20,427.45,Australia
3853,564,flight,71,,2026-03-09 20:00:00-04:00,2026-03-28,306.09,United States
3854,34,flight,122,,2025-07-24 20:00:00-04:00,2025-09-08,528.84,United Arab Emirates
3855,833,flight,193,,2026-02-10 19:00:00-05:00,2026-03-03,1017.84,United States
3856,707,hotel,,120,2024-10-28 20:00:00-04:00,2025-01-19,1808.91,United Kingdom
3857,425,flight,162,,2024-07-21 20:00:00-04:00,2024-11-19,423.65,Australia
3858,776,hotel,,91,2024-10-16 20:00:00-04:00,2025-01-29,1649.00,United States
3859,770,flight,26,,2025-12-10 19:00:00-05:00,2026-01-20,499.26,Canada
3860,596,hotel,,135,2025-02-11 19:00:00-05:00,2025-04-19,2532.72,France
3861,889,hotel,,31,2025-10-25 20:00:00-04:00,2026-01-21,428.14,Canada
3862,211,hotel,,87,2026-01-08 19:00:00-05:00,2026-02-13,2915.82,United States
3863,170,flight,43,,2024-11-14 19:00:00-05:00,2025-01-21,200.65,France
3864,572,hotel,,1,2026-03-24 20:00:00-04:00,2026-07-05,3128.88,Japan
3865,141,hotel,,15,2025-07-03 20:00:00-04:00,2025-10-16,1826.96,Japan
3866,480,flight,110,,2025-05-18 20:00:00-04:00,2025-06-08,930.85,France
3867,29,flight,40,,2025-04-22 20:00:00-04:00,2025-06-29,679.87,Australia
3868,133,flight,195,,2025-07-23 20:00:00-04:00,2025-10-15,940.00,Mexico
3869,603,hotel,,126,2025-07-06 20:00:00-04:00,2025-09-13,627.36,Japan
3870,549,flight,59,,2026-09-27 20:00:00-04:00,2026-11-17,1152.84,Canada
3871,42,hotel,,28,2024-10-10 20:00:00-04:00,2024-12-28,535.58,Mexico
3872,187,hotel,,141,2025-06-12 20:00:00-04:00,2025-06-21,3477.06,Japan
3873,804,hotel,,129,2026-07-22 20:00:00-04:00,2026-11-17,454.92,Italy
3874,16,flight,172,,2025-12-06 19:00:00-05:00,2026-01-15,888.92,Japan
3875,889,hotel,,35,2026-01-28 19:00:00-05:00,2026-05-18,1311.24,Japan
3876,898,hotel,,32,2024-12-11 19:00:00-05:00,2025-01-08,3472.56,Italy
3877,600,flight,172,,2025-10-09 20:00:00-04:00,2026-01-02,888.92,Japan
3878,782,hotel,,117,2025-09-02 20:00:00-04:00,2025-10-25,1046.70,United States
3879,408,hotel,,114,2026-03-04 19:00:00-05:00,2026-04-30,2958.48,France
3880,68,hotel,,31,2025-04-19 20:00:00-04:00,2025-07-24,856.28,Canada
3881,592,hotel,,37,2025-05-06 20:00:00-04:00,2025-08-17,404.26,Canada
3882,330,flight,105,,2025-11-08 19:00:00-05:00,2026-03-03,1031.35,United Kingdom
3883,917,hotel,,19,2024-10-24 20:00:00-04:00,2024-12-20,267.06,United Kingdom
3884,492,flight,94,,2026-02-06 19:00:00-05:00,2026-03-11,679.32,United Arab Emirates
3885,48,hotel,,55,2025-03-01 19:00:00-05:00,2025-04-14,311.68,United States
3886,635,flight,74,,2026-02-07 19:00:00-05:00,2026-03-04,402.94,United Arab Emirates
3887,555,hotel,,57,2025-07-14 20:00:00-04:00,2025-07-30,488.37,United Kingdom
3888,11,hotel,,109,2025-03-16 20:00:00-04:00,2025-06-26,3258.70,Mexico
3889,829,flight,59,,2025-02-21 19:00:00-05:00,2025-04-10,1152.84,Canada
3890,48,flight,19,,2025-01-31 19:00:00-05:00,2025-03-27,523.05,Italy
3891,387,hotel,,141,2024-08-11 20:00:00-04:00,2024-11-24,4056.57,Japan
3892,716,hotel,,63,2025-08-30 20:00:00-04:00,2025-12-07,2357.08,Italy
3893,684,hotel,,141,2025-04-02 20:00:00-04:00,2025-05-19,1159.02,Japan
3894,96,flight,31,,2024-07-26 20:00:00-04:00,2024-08-05,1147.57,United States
3895,902,hotel,,67,2026-03-21 20:00:00-04:00,2026-05-21,1564.29,United States
3896,503,hotel,,121,2026-03-09 20:00:00-04:00,2026-04-26,364.40,Canada
3897,566,hotel,,29,2024-09-22 20:00:00-04:00,2025-01-03,1118.55,Canada
3898,560,flight,85,,2025-06-06 20:00:00-04:00,2025-08-16,887.20,United States
3899,827,flight,152,,2024-05-08 20:00:00-04:00,2024-06-14,623.18,Canada
3900,382,hotel,,88,2026-11-02 19:00:00-05:00,2026-11-22,1414.80,Canada
3901,266,flight,164,,2025-05-12 20:00:00-04:00,2025-09-06,637.94,United Kingdom
3902,47,hotel,,99,2025-06-27 20:00:00-04:00,2025-08-03,145.02,Germany
3903,158,hotel,,95,2025-08-02 20:00:00-04:00,2025-10-04,686.95,United Kingdom
3904,433,hotel,,10,2024-11-15 19:00:00-05:00,2024-12-11,2813.16,United Kingdom
3905,67,hotel,,118,2026-03-10 20:00:00-04:00,2026-03-21,2256.16,Japan
3906,63,hotel,,99,2026-04-12 20:00:00-04:00,2026-06-05,725.10,Germany
3907,773,hotel,,59,2024-12-26 19:00:00-05:00,2025-03-26,4025.52,France
3908,681,flight,125,,2024-11-17 19:00:00-05:00,2024-12-07,1156.84,Italy
3909,326,hotel,,5,2025-07-23 20:00:00-04:00,2025-10-06,1256.46,United Kingdom
3910,910,hotel,,19,2026-06-23 20:00:00-04:00,2026-10-14,1335.30,United Kingdom
3911,516,hotel,,47,2025-05-19 20:00:00-04:00,2025-07-24,603.05,United Arab Emirates
3912,52,flight,86,,2025-07-26 20:00:00-04:00,2025-08-25,262.31,United States
3913,266,hotel,,104,2025-10-17 20:00:00-04:00,2025-12-31,1450.02,France
3914,915,hotel,,133,2025-08-21 20:00:00-04:00,2025-11-08,864.45,France
3915,47,hotel,,65,2025-11-05 19:00:00-05:00,2026-01-06,834.48,Canada
3916,11,hotel,,53,2025-12-21 19:00:00-05:00,2026-02-15,1767.66,Australia
3917,490,flight,87,,2026-12-30 19:00:00-05:00,2027-02-02,1126.73,Japan
3918,214,hotel,,36,2024-11-10 19:00:00-05:00,2025-01-10,1050.30,Italy
3919,619,flight,111,,2024-05-22 20:00:00-04:00,2024-08-05,1107.06,Italy
3920,740,hotel,,105,2026-12-03 19:00:00-05:00,2026-12-17,174.43,Australia
3921,817,hotel,,101,2026-04-09 20:00:00-04:00,2026-06-22,2577.90,Canada
3922,696,flight,178,,2025-02-08 19:00:00-05:00,2025-02-23,230.94,Italy
3923,343,hotel,,2,2024-12-14 19:00:00-05:00,2025-01-24,497.04,Germany
3924,808,flight,155,,2025-10-18 20:00:00-04:00,2026-01-01,1032.12,Germany
3925,791,flight,148,,2025-08-09 20:00:00-04:00,2025-09-11,634.33,Australia
3926,429,flight,116,,2024-07-13 20:00:00-04:00,2024-10-05,497.09,France
3927,440,hotel,,50,2025-03-18 20:00:00-04:00,2025-05-05,1053.84,United Arab Emirates
3928,422,hotel,,122,2025-02-12 19:00:00-05:00,2025-05-25,1893.24,United States
3929,610,hotel,,87,2026-07-04 20:00:00-04:00,2026-10-10,1943.88,United States
3930,261,flight,20,,2026-02-07 19:00:00-05:00,2026-06-03,423.59,United States
3931,601,flight,135,,2025-12-20 19:00:00-05:00,2026-04-13,811.73,Canada
3932,266,flight,54,,2025-02-01 19:00:00-05:00,2025-04-11,1100.02,Japan
3933,881,hotel,,53,2024-04-16 20:00:00-04:00,2024-06-21,1767.66,Australia
3934,62,flight,38,,2026-01-25 19:00:00-05:00,2026-04-25,1145.49,United Kingdom
3935,494,flight,20,,2026-05-01 20:00:00-04:00,2026-08-14,423.59,United States
3936,856,hotel,,126,2025-04-22 20:00:00-04:00,2025-07-22,2195.76,Japan
3937,622,flight,109,,2026-08-28 20:00:00-04:00,2026-09-18,556.93,United States
3938,169,flight,158,,2026-01-25 19:00:00-05:00,2026-02-22,1033.88,Japan
3939,905,hotel,,69,2024-08-29 20:00:00-04:00,2024-10-12,4044.87,United Arab Emirates
3940,414,flight,45,,2024-07-03 20:00:00-04:00,2024-08-27,879.95,Italy
3941,963,flight,3,,2026-02-03 19:00:00-05:00,2026-04-26,384.96,France
3942,213,flight,47,,2025-01-24 19:00:00-05:00,2025-02-04,589.77,United Kingdom
3943,765,hotel,,141,2024-11-17 19:00:00-05:00,2025-03-06,579.51,Japan
3944,98,hotel,,102,2026-02-14 19:00:00-05:00,2026-05-19,1605.60,Canada
3945,508,flight,140,,2024-12-05 19:00:00-05:00,2025-02-05,647.69,France
3946,26,flight,195,,2026-04-07 20:00:00-04:00,2026-06-13,940.00,Mexico
3947,20,flight,50,,2024-11-12 19:00:00-05:00,2025-01-10,460.12,United States
3948,457,flight,3,,2026-08-31 20:00:00-04:00,2026-12-04,384.96,France
3949,964,flight,51,,2025-09-27 20:00:00-04:00,2025-12-18,872.61,Italy
3950,214,flight,118,,2024-10-09 20:00:00-04:00,2025-01-31,979.40,Canada
3951,188,hotel,,148,2025-09-18 20:00:00-04:00,2025-11-13,2077.28,Australia
3952,874,flight,145,,2025-07-12 20:00:00-04:00,2025-08-09,372.32,United States
3953,286,hotel,,143,2025-06-06 20:00:00-04:00,2025-07-14,376.41,Italy
3954,553,flight,190,,2025-10-11 20:00:00-04:00,2025-10-23,326.11,Germany
3955,408,hotel,,41,2026-07-05 20:00:00-04:00,2026-07-20,2416.50,Canada
3956,631,hotel,,57,2025-12-13 19:00:00-05:00,2026-03-20,4883.70,United Kingdom
3957,231,flight,41,,2025-07-11 20:00:00-04:00,2025-10-16,1070.37,United States
3958,777,hotel,,23,2025-09-28 20:00:00-04:00,2025-12-14,1372.77,Japan
3959,917,flight,90,,2025-02-25 19:00:00-05:00,2025-04-02,841.38,Canada
3960,668,flight,145,,2024-09-06 20:00:00-04:00,2024-12-21,372.32,United States
3961,837,hotel,,111,2026-02-26 19:00:00-05:00,2026-03-22,1482.04,Australia
3962,464,hotel,,44,2025-02-14 19:00:00-05:00,2025-04-05,2629.84,France
3963,884,flight,78,,2025-04-05 20:00:00-04:00,2025-07-04,573.61,Japan
3964,365,flight,68,,2025-06-19 20:00:00-04:00,2025-08-28,889.80,France
3965,639,hotel,,1,2026-01-21 19:00:00-05:00,2026-03-27,3519.99,Japan
3966,880,hotel,,1,2026-05-05 20:00:00-04:00,2026-08-25,2737.77,Japan
3967,767,hotel,,106,2025-10-15 20:00:00-04:00,2026-01-27,143.42,United States
3968,174,flight,171,,2025-10-10 20:00:00-04:00,2025-10-19,1075.63,Canada
3969,733,flight,44,,2024-11-09 19:00:00-05:00,2025-03-04,279.77,United States
3970,610,flight,198,,2026-01-14 19:00:00-05:00,2026-02-14,979.03,Canada
3971,80,hotel,,61,2025-12-29 19:00:00-05:00,2026-04-28,3713.80,United States
3972,34,hotel,,147,2025-08-18 20:00:00-04:00,2025-11-03,565.43,Australia
3973,599,flight,90,,2024-08-28 20:00:00-04:00,2024-09-25,841.38,Canada
3974,981,flight,45,,2026-04-15 20:00:00-04:00,2026-05-19,879.95,Italy
3975,7,flight,18,,2024-10-14 20:00:00-04:00,2024-12-06,1144.27,United Kingdom
3976,42,flight,85,,2024-09-17 20:00:00-04:00,2024-12-17,887.20,United States
3977,353,flight,187,,2025-03-11 20:00:00-04:00,2025-06-06,786.85,Canada
3978,232,hotel,,9,2026-07-24 20:00:00-04:00,2026-09-12,1521.52,Germany
3979,876,hotel,,142,2026-06-13 20:00:00-04:00,2026-08-24,3208.14,Japan
3980,292,flight,194,,2026-11-25 19:00:00-05:00,2026-12-27,1096.69,Canada
3981,795,flight,42,,2024-09-15 20:00:00-04:00,2025-01-13,773.62,France
3982,302,flight,152,,2025-08-02 20:00:00-04:00,2025-08-30,623.18,Canada
3983,437,flight,138,,2025-10-01 20:00:00-04:00,2026-01-20,1124.45,United States
3984,28,hotel,,138,2026-11-26 19:00:00-05:00,2027-03-09,1070.72,Canada
3985,126,flight,70,,2025-10-25 20:00:00-04:00,2026-02-06,604.49,Japan
3986,93,flight,114,,2026-05-09 20:00:00-04:00,2026-05-24,275.32,Mexico
3987,799,hotel,,81,2025-01-24 19:00:00-05:00,2025-03-23,1502.60,Australia
3988,616,flight,37,,2025-05-16 20:00:00-04:00,2025-06-08,1195.95,United Arab Emirates
3989,249,hotel,,20,2025-11-30 19:00:00-05:00,2026-01-02,4786.72,United Kingdom
3990,471,hotel,,72,2026-01-18 19:00:00-05:00,2026-03-14,1375.32,France
3991,68,flight,153,,2024-12-19 19:00:00-05:00,2025-01-19,310.01,Australia
3992,794,hotel,,145,2026-03-08 20:00:00-04:00,2026-03-27,2156.28,Canada
3993,924,hotel,,26,2026-07-12 20:00:00-04:00,2026-10-07,3432.40,United Kingdom
3994,136,flight,20,,2026-06-03 20:00:00-04:00,2026-08-07,423.59,United States
3995,720,flight,96,,2026-01-29 19:00:00-05:00,2026-04-08,782.65,United States
3996,238,hotel,,71,2025-12-10 19:00:00-05:00,2026-02-10,2362.16,Australia
3997,327,flight,131,,2025-05-06 20:00:00-04:00,2025-08-31,365.86,Japan
3998,645,hotel,,27,2024-12-02 19:00:00-05:00,2025-01-28,770.34,Mexico
3999,719,flight,31,,2026-11-07 19:00:00-05:00,2027-01-08,1147.57,United States
4000,460,flight,147,,2024-07-22 20:00:00-04:00,2024-07-30,854.53,United Kingdom
4001,608,flight,137,,2025-02-10 19:00:00-05:00,2025-05-23,943.76,Japan
4002,925,hotel,,36,2026-04-04 20:00:00-04:00,2026-08-01,875.25,Italy
4003,63,flight,28,,2026-05-05 20:00:00-04:00,2026-08-11,952.71,Australia
4004,65,hotel,,85,2025-06-04 20:00:00-04:00,2025-07-11,1766.10,Germany
4005,11,hotel,,54,2025-03-10 20:00:00-04:00,2025-04-21,1494.39,Japan
4006,103,flight,171,,2024-09-19 20:00:00-04:00,2024-10-27,1075.63,Canada
4007,862,flight,114,,2025-11-13 19:00:00-05:00,2026-03-09,275.32,Mexico
4008,497,hotel,,67,2025-05-08 20:00:00-04:00,2025-06-02,4171.44,United States
4009,620,flight,190,,2024-07-25 20:00:00-04:00,2024-10-29,326.11,Germany
4010,258,flight,129,,2026-01-17 19:00:00-05:00,2026-02-05,325.76,Japan
4011,559,flight,66,,2026-02-04 19:00:00-05:00,2026-05-27,657.23,United Kingdom
4012,644,hotel,,29,2026-04-27 20:00:00-04:00,2026-07-13,3728.50,Canada
4013,185,flight,139,,2026-03-25 20:00:00-04:00,2026-07-09,445.59,Japan
4014,495,hotel,,127,2026-03-17 20:00:00-04:00,2026-05-19,2212.84,Australia
4015,850,flight,61,,2024-10-15 20:00:00-04:00,2025-02-12,1160.43,United States
4016,776,flight,143,,2025-05-26 20:00:00-04:00,2025-08-17,298.44,Australia
4017,441,hotel,,15,2025-09-23 20:00:00-04:00,2025-11-15,1370.22,Japan
4018,349,hotel,,75,2025-04-06 20:00:00-04:00,2025-07-08,655.97,Australia
4019,282,flight,163,,2025-05-04 20:00:00-04:00,2025-06-23,562.12,United States
4020,516,hotel,,50,2025-02-16 19:00:00-05:00,2025-05-02,1580.76,United Arab Emirates
4021,176,hotel,,123,2026-06-27 20:00:00-04:00,2026-08-29,1112.07,Canada
4022,415,flight,131,,2025-12-01 19:00:00-05:00,2026-03-13,365.86,Japan
4023,273,hotel,,150,2025-12-22 19:00:00-05:00,2026-01-15,801.60,United States
4024,372,hotel,,82,2024-07-18 20:00:00-04:00,2024-11-13,2448.84,Australia
4025,83,hotel,,41,2025-06-17 20:00:00-04:00,2025-09-04,1208.25,Canada
4026,188,hotel,,28,2025-05-02 20:00:00-04:00,2025-08-14,4820.22,Mexico
4027,188,hotel,,104,2026-04-02 20:00:00-04:00,2026-06-30,1450.02,France
4028,776,hotel,,142,2025-03-14 20:00:00-04:00,2025-04-13,2495.22,Japan
4029,194,hotel,,4,2026-05-19 20:00:00-04:00,2026-08-17,585.20,Italy
4030,872,flight,71,,2025-06-11 20:00:00-04:00,2025-07-20,306.09,United States
4031,90,hotel,,45,2024-12-08 19:00:00-05:00,2025-02-27,2847.30,Mexico
4032,12,flight,168,,2026-08-10 20:00:00-04:00,2026-11-15,1136.13,Canada
4033,428,hotel,,114,2024-11-23 19:00:00-05:00,2025-03-17,493.08,France
4034,138,hotel,,68,2025-12-20 19:00:00-05:00,2025-12-28,1552.14,Japan
4035,848,flight,111,,2024-10-25 20:00:00-04:00,2024-12-18,1107.06,Italy
4036,199,flight,73,,2025-11-17 19:00:00-05:00,2026-01-25,1062.89,Canada
4037,663,flight,60,,2024-03-10 20:00:00-04:00,2024-06-17,1005.71,United States
4038,630,flight,195,,2025-08-16 20:00:00-04:00,2025-11-26,940.00,Mexico
4039,87,flight,196,,2026-06-03 20:00:00-04:00,2026-07-28,1018.90,Australia
4040,206,flight,77,,2025-12-01 19:00:00-05:00,2025-12-29,619.42,Canada
4041,857,hotel,,57,2025-05-28 20:00:00-04:00,2025-06-16,3418.59,United Kingdom
4042,873,flight,108,,2025-11-07 19:00:00-05:00,2025-11-20,973.52,Mexico
4043,989,flight,119,,2024-11-22 19:00:00-05:00,2024-12-18,701.66,United Arab Emirates
4044,498,flight,72,,2025-01-28 19:00:00-05:00,2025-03-28,825.57,France
4045,410,flight,108,,2025-03-28 20:00:00-04:00,2025-07-09,973.52,Mexico
4046,851,flight,34,,2026-08-30 20:00:00-04:00,2026-11-01,552.73,Japan
4047,401,hotel,,135,2026-02-28 19:00:00-05:00,2026-06-06,2532.72,France
4048,11,flight,59,,2025-11-10 19:00:00-05:00,2025-12-29,1152.84,Canada
4049,475,flight,109,,2024-06-28 20:00:00-04:00,2024-08-09,556.93,United States
4050,93,hotel,,38,2026-02-19 19:00:00-05:00,2026-05-22,796.76,Germany
4051,690,flight,51,,2025-11-01 20:00:00-04:00,2026-02-28,872.61,Italy
4052,806,hotel,,67,2025-06-30 20:00:00-04:00,2025-07-09,2607.15,United States
4053,730,flight,36,,2025-03-24 20:00:00-04:00,2025-05-09,776.19,Mexico
4054,962,flight,90,,2024-04-21 20:00:00-04:00,2024-06-17,841.38,Canada
4055,283,hotel,,51,2026-04-11 20:00:00-04:00,2026-07-23,3554.96,Italy
4056,183,hotel,,100,2025-03-10 20:00:00-04:00,2025-06-10,1142.10,France
4057,371,hotel,,9,2026-04-26 20:00:00-04:00,2026-08-08,2662.66,Germany
4058,880,flight,75,,2026-04-09 20:00:00-04:00,2026-07-03,728.02,Italy
4059,185,flight,110,,2026-03-13 20:00:00-04:00,2026-07-11,930.85,France
4060,829,flight,88,,2025-10-14 20:00:00-04:00,2025-12-02,902.63,Italy
4061,103,hotel,,127,2024-04-29 20:00:00-04:00,2024-05-18,3161.20,Australia
4062,631,flight,179,,2026-01-15 19:00:00-05:00,2026-03-02,315.23,United Kingdom
4063,188,flight,144,,2025-07-23 20:00:00-04:00,2025-09-05,714.01,United States
4064,225,hotel,,69,2026-04-03 20:00:00-04:00,2026-05-15,898.86,United Arab Emirates
4065,788,hotel,,69,2025-07-08 20:00:00-04:00,2025-08-13,2696.58,United Arab Emirates
4066,439,hotel,,100,2025-11-18 19:00:00-05:00,2026-01-29,1269.00,France
4067,262,hotel,,3,2026-12-03 19:00:00-05:00,2027-03-18,1050.84,Australia
4068,368,hotel,,58,2024-12-18 19:00:00-05:00,2025-02-11,2010.19,Germany
4069,863,flight,146,,2026-05-14 20:00:00-04:00,2026-08-01,381.83,United Kingdom
4070,43,hotel,,45,2026-04-17 20:00:00-04:00,2026-06-23,1138.92,Mexico
4071,529,hotel,,17,2026-05-26 20:00:00-04:00,2026-07-07,308.27,United Kingdom
4072,981,flight,59,,2026-10-10 20:00:00-04:00,2026-11-30,1152.84,Canada
4073,513,hotel,,81,2025-11-03 19:00:00-05:00,2026-03-04,1202.08,Australia
4074,760,hotel,,101,2025-12-23 19:00:00-05:00,2026-01-11,1288.95,Canada
4075,241,hotel,,5,2026-08-22 20:00:00-04:00,2026-11-15,418.82,United Kingdom
4076,596,flight,20,,2024-11-22 19:00:00-05:00,2025-02-06,423.59,United States
4077,269,hotel,,126,2025-12-23 19:00:00-05:00,2026-02-08,2195.76,Japan
4078,755,flight,117,,2024-10-20 20:00:00-04:00,2024-11-25,776.72,United Arab Emirates
4079,518,hotel,,118,2024-10-30 20:00:00-04:00,2024-12-04,564.04,Japan
4080,406,hotel,,116,2025-04-19 20:00:00-04:00,2025-07-05,2627.82,Australia
4081,900,hotel,,120,2025-06-06 20:00:00-04:00,2025-08-06,602.97,United Kingdom
4082,696,hotel,,142,2025-03-09 20:00:00-04:00,2025-05-07,712.92,Japan
4083,377,hotel,,133,2025-12-12 19:00:00-05:00,2025-12-31,1037.34,France
4084,837,flight,116,,2026-02-26 19:00:00-05:00,2026-03-25,497.09,France
4085,487,flight,29,,2026-03-10 20:00:00-04:00,2026-07-03,795.20,United Kingdom
4086,12,hotel,,117,2026-03-24 20:00:00-04:00,2026-04-06,1884.06,United States
4087,395,flight,94,,2025-08-19 20:00:00-04:00,2025-09-26,679.32,United Arab Emirates
4088,422,hotel,,10,2025-01-31 19:00:00-05:00,2025-03-23,1875.44,United Kingdom
4089,723,flight,109,,2026-04-18 20:00:00-04:00,2026-05-30,556.93,United States
4090,607,flight,102,,2024-06-21 20:00:00-04:00,2024-07-02,1071.35,Germany
4091,495,hotel,,6,2027-01-30 19:00:00-05:00,2027-03-06,2615.41,Germany
4092,483,flight,47,,2025-08-29 20:00:00-04:00,2025-09-23,589.77,United Kingdom
4093,753,flight,122,,2026-06-21 20:00:00-04:00,2026-08-20,528.84,United Arab Emirates
4094,934,hotel,,5,2024-05-10 20:00:00-04:00,2024-08-04,3769.38,United Kingdom
4095,463,hotel,,129,2024-12-17 19:00:00-05:00,2025-01-21,2729.52,Italy
4096,693,flight,193,,2025-04-16 20:00:00-04:00,2025-06-23,1017.84,United States
4097,211,hotel,,44,2025-10-30 20:00:00-04:00,2025-12-15,2958.57,France
4098,711,hotel,,81,2026-05-19 20:00:00-04:00,2026-05-30,901.56,Australia
4099,869,flight,78,,2025-12-24 19:00:00-05:00,2026-03-23,573.61,Japan
4100,585,flight,31,,2024-03-17 20:00:00-04:00,2024-07-09,1147.57,United States
4101,712,hotel,,144,2026-01-10 19:00:00-05:00,2026-02-20,3275.86,Australia
4102,784,flight,103,,2026-01-10 19:00:00-05:00,2026-05-08,261.79,Mexico
4103,700,hotel,,101,2024-04-19 20:00:00-04:00,2024-06-18,1031.16,Canada
4104,192,flight,196,,2025-08-05 20:00:00-04:00,2025-10-03,1018.90,Australia
4105,167,flight,149,,2024-12-17 19:00:00-05:00,2025-01-18,413.22,Japan
4106,596,flight,158,,2024-12-08 19:00:00-05:00,2025-04-02,1033.88,Japan
4107,83,flight,144,,2025-11-29 19:00:00-05:00,2025-12-22,714.01,United States
4108,158,hotel,,53,2026-02-28 19:00:00-05:00,2026-04-18,2356.88,Australia
4109,475,flight,2,,2024-11-07 19:00:00-05:00,2025-02-17,647.80,France
4110,547,hotel,,68,2025-08-07 20:00:00-04:00,2025-11-01,776.07,Japan
4111,415,hotel,,53,2026-02-10 19:00:00-05:00,2026-02-21,5892.20,Australia
4112,549,flight,198,,2026-03-07 19:00:00-05:00,2026-06-09,979.03,Canada
4113,244,hotel,,5,2024-10-28 20:00:00-04:00,2025-01-31,837.64,United Kingdom
4114,290,hotel,,108,2025-08-13 20:00:00-04:00,2025-11-07,3698.96,Italy
4115,28,hotel,,17,2026-12-14 19:00:00-05:00,2027-01-13,3082.70,United Kingdom
4116,349,hotel,,95,2024-10-08 20:00:00-04:00,2024-10-16,686.95,United Kingdom
4117,622,flight,144,,2026-05-08 20:00:00-04:00,2026-06-14,714.01,United States
4118,935,hotel,,63,2025-07-04 20:00:00-04:00,2025-10-20,589.27,Italy
4119,715,flight,190,,2025-11-18 19:00:00-05:00,2026-02-20,326.11,Germany
4120,78,hotel,,107,2025-02-12 19:00:00-05:00,2025-03-06,1668.16,United States
4121,515,flight,97,,2025-11-04 19:00:00-05:00,2026-02-01,897.47,United Arab Emirates
4122,977,hotel,,30,2025-03-17 20:00:00-04:00,2025-04-22,2606.58,United Arab Emirates
4123,905,flight,167,,2024-08-23 20:00:00-04:00,2024-10-18,744.68,United Kingdom
4124,872,hotel,,37,2026-01-11 19:00:00-05:00,2026-04-21,1819.17,Canada
4125,96,hotel,,115,2024-02-11 19:00:00-05:00,2024-03-15,84.64,United States
4126,118,hotel,,40,2025-03-20 20:00:00-04:00,2025-06-12,2794.33,Japan
4127,646,hotel,,13,2026-03-25 20:00:00-04:00,2026-05-29,1301.08,Japan
4128,32,flight,17,,2026-08-20 20:00:00-04:00,2026-11-17,644.32,Japan
4129,466,flight,136,,2025-07-17 20:00:00-04:00,2025-08-13,856.96,United States
4130,170,hotel,,76,2025-08-11 20:00:00-04:00,2025-09-10,670.20,Mexico
4131,863,hotel,,5,2025-10-27 20:00:00-04:00,2026-01-27,3350.56,United Kingdom
4132,151,hotel,,120,2026-01-04 19:00:00-05:00,2026-02-04,1004.95,United Kingdom
4133,91,flight,1,,2025-05-11 20:00:00-04:00,2025-07-27,432.54,Italy
4134,434,flight,99,,2025-04-04 20:00:00-04:00,2025-08-03,1180.40,United Kingdom
4135,880,flight,121,,2026-02-27 19:00:00-05:00,2026-06-17,516.87,Japan
4136,416,hotel,,143,2026-04-16 20:00:00-04:00,2026-04-25,376.41,Italy
4137,544,flight,160,,2025-10-03 20:00:00-04:00,2025-11-10,1042.07,France
4138,123,hotel,,45,2024-12-23 19:00:00-05:00,2025-03-22,1993.11,Mexico
4139,200,hotel,,56,2025-12-30 19:00:00-05:00,2026-02-10,1031.04,Canada
4140,823,hotel,,48,2025-10-07 20:00:00-04:00,2026-01-06,1246.15,United States
4141,343,hotel,,46,2024-08-19 20:00:00-04:00,2024-09-06,443.09,Canada
4142,754,hotel,,37,2025-10-11 20:00:00-04:00,2026-01-11,1010.65,Canada
4143,167,hotel,,5,2024-08-07 20:00:00-04:00,2024-10-06,4188.20,United Kingdom
4144,93,flight,94,,2025-11-08 19:00:00-05:00,2026-01-13,679.32,United Arab Emirates
4145,255,flight,69,,2024-08-09 20:00:00-04:00,2024-10-26,385.18,Australia
4146,584,hotel,,16,2024-12-15 19:00:00-05:00,2025-04-07,1800.16,Mexico
4147,625,hotel,,115,2025-09-19 20:00:00-04:00,2026-01-02,84.64,United States
4148,136,hotel,,82,2026-03-17 20:00:00-04:00,2026-05-12,1224.42,Australia
4149,865,hotel,,91,2024-05-06 20:00:00-04:00,2024-06-28,659.60,United States
4150,716,hotel,,21,2025-06-15 20:00:00-04:00,2025-08-26,2617.47,United States
4151,835,hotel,,72,2025-09-23 20:00:00-04:00,2026-01-08,458.44,France
4152,995,flight,180,,2024-11-25 19:00:00-05:00,2025-03-18,585.34,Italy
4153,279,flight,184,,2026-01-03 19:00:00-05:00,2026-02-25,191.15,Mexico
4154,584,hotel,,133,2025-02-01 19:00:00-05:00,2025-03-12,1037.34,France
4155,284,hotel,,51,2026-05-01 20:00:00-04:00,2026-05-28,1333.11,Italy
4156,237,hotel,,104,2026-01-03 19:00:00-05:00,2026-02-28,3866.72,France
4157,619,hotel,,19,2024-06-25 20:00:00-04:00,2024-09-15,801.18,United Kingdom
4158,382,hotel,,125,2026-12-03 19:00:00-05:00,2027-03-25,1593.54,Canada
4159,139,flight,155,,2024-10-19 20:00:00-04:00,2024-11-19,1032.12,Germany
4160,538,hotel,,106,2025-09-06 20:00:00-04:00,2025-10-05,1434.20,United States
4161,635,flight,107,,2025-04-23 20:00:00-04:00,2025-06-19,1058.08,Australia
4162,408,flight,150,,2026-10-12 20:00:00-04:00,2026-12-31,1149.12,Canada
4163,418,flight,97,,2025-11-10 19:00:00-05:00,2026-01-01,897.47,United Arab Emirates
4164,625,flight,155,,2025-08-19 20:00:00-04:00,2025-11-29,1032.12,Germany
4165,811,flight,193,,2026-01-03 19:00:00-05:00,2026-02-21,1017.84,United States
4166,567,hotel,,132,2024-11-01 20:00:00-04:00,2025-01-19,2816.48,Japan
4167,728,hotel,,48,2026-03-16 20:00:00-04:00,2026-06-10,1495.38,United States
4168,939,hotel,,32,2024-12-30 19:00:00-05:00,2025-02-14,1984.32,Italy
4169,261,flight,65,,2025-07-24 20:00:00-04:00,2025-10-06,791.89,United Kingdom
4170,917,flight,52,,2024-09-28 20:00:00-04:00,2024-11-16,163.39,France
4171,618,flight,40,,2025-08-10 20:00:00-04:00,2025-08-28,679.87,Australia
4172,130,hotel,,2,2025-10-10 20:00:00-04:00,2025-10-21,165.68,Germany
4173,297,hotel,,120,2025-08-21 20:00:00-04:00,2025-11-20,1406.93,United Kingdom
4174,151,flight,167,,2025-08-24 20:00:00-04:00,2025-12-04,744.68,United Kingdom
4175,678,flight,73,,2025-12-25 19:00:00-05:00,2026-04-23,1062.89,Canada
4176,749,flight,31,,2025-09-03 20:00:00-04:00,2025-10-19,1147.57,United States
4177,18,flight,148,,2026-07-15 20:00:00-04:00,2026-11-03,634.33,Australia
4178,508,hotel,,140,2025-01-20 19:00:00-05:00,2025-04-19,3694.72,Mexico
4179,136,flight,139,,2026-09-11 20:00:00-04:00,2026-12-06,445.59,Japan
4180,446,hotel,,77,2025-12-25 19:00:00-05:00,2026-02-20,722.61,Japan
4181,761,flight,85,,2025-10-08 20:00:00-04:00,2025-10-17,887.20,United States
4182,636,flight,47,,2025-03-29 20:00:00-04:00,2025-06-11,589.77,United Kingdom
4183,240,hotel,,146,2024-12-13 19:00:00-05:00,2024-12-24,2739.52,United Kingdom
4184,437,hotel,,27,2026-08-05 20:00:00-04:00,2026-11-23,2567.80,Mexico
4185,966,hotel,,103,2026-03-25 20:00:00-04:00,2026-06-20,1555.92,United Arab Emirates
4186,938,flight,95,,2025-05-16 20:00:00-04:00,2025-09-10,437.28,Italy
4187,412,flight,122,,2026-02-24 19:00:00-05:00,2026-03-14,528.84,United Arab Emirates
4188,675,hotel,,1,2024-05-13 20:00:00-04:00,2024-08-09,3128.88,Japan
4189,631,hotel,,135,2026-05-16 20:00:00-04:00,2026-06-05,2954.84,France
4190,586,hotel,,75,2026-10-12 20:00:00-04:00,2026-11-08,93.71,Australia
4191,318,flight,66,,2025-02-03 19:00:00-05:00,2025-04-14,657.23,United Kingdom
4192,124,flight,19,,2025-01-14 19:00:00-05:00,2025-02-19,523.05,Italy
4193,673,flight,159,,2024-11-23 19:00:00-05:00,2025-02-23,920.22,Germany
4194,324,hotel,,14,2024-03-20 20:00:00-04:00,2024-03-29,1734.48,Japan
4195,502,hotel,,44,2024-09-28 20:00:00-04:00,2024-12-27,657.46,France
4196,509,hotel,,108,2026-01-01 19:00:00-05:00,2026-02-06,924.74,Italy
4197,776,flight,178,,2024-08-21 20:00:00-04:00,2024-09-16,230.94,Italy
4198,342,flight,133,,2026-03-31 20:00:00-04:00,2026-05-03,206.98,Japan
4199,496,flight,11,,2024-06-11 20:00:00-04:00,2024-08-16,843.56,United States
4200,195,hotel,,76,2024-07-14 20:00:00-04:00,2024-11-02,670.20,Mexico
4201,282,hotel,,1,2025-01-04 19:00:00-05:00,2025-03-23,1955.55,Japan
4202,506,hotel,,137,2025-08-20 20:00:00-04:00,2025-10-23,2946.93,France
4203,887,flight,17,,2026-07-02 20:00:00-04:00,2026-08-19,644.32,Japan
4204,946,flight,121,,2025-06-05 20:00:00-04:00,2025-09-28,516.87,Japan
4205,424,hotel,,19,2024-07-21 20:00:00-04:00,2024-11-05,2136.48,United Kingdom
4206,645,flight,200,,2025-07-14 20:00:00-04:00,2025-10-01,1105.59,Italy
4207,999,hotel,,62,2024-04-04 20:00:00-04:00,2024-06-12,882.36,United States
4208,885,hotel,,91,2025-08-31 20:00:00-04:00,2025-10-12,1154.30,United States
4209,198,hotel,,19,2025-08-06 20:00:00-04:00,2025-10-30,2403.54,United Kingdom
4210,814,hotel,,89,2025-02-06 19:00:00-05:00,2025-02-14,2965.92,Germany
4211,558,flight,116,,2026-01-09 19:00:00-05:00,2026-02-27,497.09,France
4212,267,hotel,,94,2025-01-08 19:00:00-05:00,2025-03-07,2095.24,United States
4213,617,flight,166,,2025-03-13 20:00:00-04:00,2025-03-27,945.07,United Kingdom
4214,504,hotel,,73,2024-01-30 19:00:00-05:00,2024-02-13,166.79,Japan
4215,602,flight,80,,2025-04-06 20:00:00-04:00,2025-07-14,740.45,Mexico
4216,327,hotel,,71,2024-07-29 20:00:00-04:00,2024-10-14,295.27,Australia
4217,780,flight,183,,2025-12-30 19:00:00-05:00,2026-04-17,284.28,France
4218,560,flight,139,,2025-01-19 19:00:00-05:00,2025-02-06,445.59,Japan
4219,25,flight,101,,2025-07-06 20:00:00-04:00,2025-08-31,749.17,Australia
4220,788,flight,132,,2025-05-03 20:00:00-04:00,2025-06-10,174.94,United Kingdom
4221,381,hotel,,6,2026-09-19 20:00:00-04:00,2026-11-01,2989.04,Germany
4222,547,flight,83,,2025-05-19 20:00:00-04:00,2025-07-16,252.31,Japan
4223,162,hotel,,73,2024-09-06 20:00:00-04:00,2024-11-01,1167.53,Japan
4224,727,flight,61,,2025-04-11 20:00:00-04:00,2025-07-20,1160.43,United States
4225,351,hotel,,15,2024-04-07 20:00:00-04:00,2024-05-10,1826.96,Japan
4226,620,hotel,,6,2024-06-17 20:00:00-04:00,2024-07-28,3362.67,Germany
4227,930,flight,11,,2026-04-16 20:00:00-04:00,2026-06-25,843.56,United States
4228,518,hotel,,44,2024-07-02 20:00:00-04:00,2024-09-24,328.73,France
4229,696,flight,158,,2025-09-12 20:00:00-04:00,2025-12-18,1033.88,Japan
4230,95,hotel,,24,2025-05-05 20:00:00-04:00,2025-05-23,790.68,United States
4231,698,flight,26,,2025-10-19 20:00:00-04:00,2025-12-14,499.26,Canada
4232,99,hotel,,142,2025-11-21 19:00:00-05:00,2026-01-03,2138.76,Japan
4233,575,flight,103,,2026-01-25 19:00:00-05:00,2026-02-22,261.79,Mexico
4234,247,flight,29,,2024-12-03 19:00:00-05:00,2024-12-26,795.20,United Kingdom
4235,609,hotel,,117,2024-07-18 20:00:00-04:00,2024-09-01,628.02,United States
4236,151,flight,154,,2025-08-28 20:00:00-04:00,2025-10-03,327.07,United States
4237,927,hotel,,122,2025-06-09 20:00:00-04:00,2025-06-17,1682.88,United States
4238,975,hotel,,72,2024-12-04 19:00:00-05:00,2025-03-13,2292.20,France
4239,492,flight,174,,2026-07-17 20:00:00-04:00,2026-10-19,533.56,United States
4240,792,flight,21,,2026-04-02 20:00:00-04:00,2026-05-05,206.36,Canada
4241,455,flight,191,,2025-11-05 19:00:00-05:00,2026-01-01,222.29,Australia
4242,76,hotel,,70,2025-12-02 19:00:00-05:00,2026-02-21,3402.77,Germany
4243,898,hotel,,34,2025-03-24 20:00:00-04:00,2025-05-23,898.52,Italy
4244,185,flight,195,,2026-04-07 20:00:00-04:00,2026-07-13,940.00,Mexico
4245,591,hotel,,60,2024-10-29 20:00:00-04:00,2024-12-22,467.19,Japan
4246,142,hotel,,137,2024-11-24 19:00:00-05:00,2025-03-06,2104.95,France
4247,17,flight,143,,2026-05-26 20:00:00-04:00,2026-08-04,298.44,Australia
4248,929,hotel,,100,2025-12-21 19:00:00-05:00,2026-01-25,1142.10,France
4249,411,flight,14,,2025-12-08 19:00:00-05:00,2026-03-30,510.33,Italy
4250,403,flight,102,,2024-04-16 20:00:00-04:00,2024-06-13,1071.35,Germany
4251,245,hotel,,12,2025-06-07 20:00:00-04:00,2025-08-01,490.74,United Arab Emirates
4252,749,flight,110,,2026-04-11 20:00:00-04:00,2026-07-09,930.85,France
4253,273,flight,151,,2026-03-05 19:00:00-05:00,2026-05-21,449.39,Japan
4254,124,flight,12,,2024-11-23 19:00:00-05:00,2025-02-14,1197.34,Canada
4255,607,flight,190,,2024-05-28 20:00:00-04:00,2024-06-12,326.11,Germany
4256,243,flight,35,,2025-07-20 20:00:00-04:00,2025-09-12,1015.04,Japan
4257,24,hotel,,52,2025-07-31 20:00:00-04:00,2025-08-28,1803.28,United States
4258,776,hotel,,94,2025-05-16 20:00:00-04:00,2025-07-22,2095.24,United States
4259,879,flight,48,,2026-02-06 19:00:00-05:00,2026-05-08,446.84,Japan
4260,993,hotel,,137,2024-03-12 20:00:00-04:00,2024-03-26,2946.93,France
4261,45,flight,127,,2026-10-06 20:00:00-04:00,2026-11-27,690.02,United States
4262,957,hotel,,66,2025-06-10 20:00:00-04:00,2025-07-29,2657.45,Canada
4263,646,flight,74,,2026-03-26 20:00:00-04:00,2026-05-13,402.94,United Arab Emirates
4264,766,hotel,,85,2025-08-07 20:00:00-04:00,2025-09-20,1177.40,Germany
4265,527,flight,5,,2025-04-17 20:00:00-04:00,2025-07-05,414.60,Canada
4266,646,flight,100,,2026-12-09 19:00:00-05:00,2027-03-03,895.87,United Arab Emirates
4267,357,hotel,,73,2025-11-25 19:00:00-05:00,2025-12-30,833.95,Japan
4268,781,hotel,,41,2024-11-27 19:00:00-05:00,2025-01-25,1208.25,Canada
4269,612,hotel,,127,2026-02-13 19:00:00-05:00,2026-03-08,3161.20,Australia
4270,507,flight,105,,2025-10-31 20:00:00-04:00,2026-02-05,1031.35,United Kingdom
4271,390,flight,105,,2026-05-25 20:00:00-04:00,2026-09-13,1031.35,United Kingdom
4272,106,hotel,,139,2025-04-23 20:00:00-04:00,2025-06-09,3558.03,United States
4273,32,hotel,,115,2025-12-03 19:00:00-05:00,2026-01-17,253.92,United States
4274,776,hotel,,34,2025-02-21 19:00:00-05:00,2025-03-03,513.44,Italy
4275,362,flight,94,,2025-02-06 19:00:00-05:00,2025-04-19,679.32,United Arab Emirates
4276,28,flight,175,,2026-08-21 20:00:00-04:00,2026-09-23,1171.31,United States
4277,5,flight,174,,2026-06-08 20:00:00-04:00,2026-07-15,533.56,United States
4278,744,flight,25,,2026-04-23 20:00:00-04:00,2026-07-03,300.39,Canada
4279,324,hotel,,135,2024-02-27 19:00:00-05:00,2024-04-19,3376.96,France
4280,586,flight,46,,2026-08-19 20:00:00-04:00,2026-09-12,845.61,Japan
4281,262,hotel,,63,2026-03-25 20:00:00-04:00,2026-04-28,5892.70,Italy
4282,335,hotel,,68,2025-08-31 20:00:00-04:00,2025-11-19,258.69,Japan
4283,727,hotel,,94,2025-05-12 20:00:00-04:00,2025-08-21,2095.24,United States
4284,100,hotel,,150,2025-06-19 20:00:00-04:00,2025-08-25,267.20,United States
4285,327,hotel,,21,2024-08-01 20:00:00-04:00,2024-10-21,2617.47,United States
4286,653,hotel,,77,2025-07-12 20:00:00-04:00,2025-10-23,1686.09,Japan
4287,595,flight,100,,2026-09-25 20:00:00-04:00,2026-11-14,895.87,United Arab Emirates
4288,907,flight,50,,2026-02-04 19:00:00-05:00,2026-03-14,460.12,United States
4289,903,hotel,,127,2026-01-01 19:00:00-05:00,2026-03-27,1580.60,Australia
4290,643,hotel,,2,2025-01-30 19:00:00-05:00,2025-04-18,497.04,Germany
4291,704,hotel,,48,2024-11-28 19:00:00-05:00,2025-03-14,996.92,United States
4292,764,hotel,,23,2025-11-26 19:00:00-05:00,2026-03-16,4118.31,Japan
4293,272,flight,165,,2024-09-19 20:00:00-04:00,2025-01-08,677.28,United States
4294,103,flight,155,,2024-07-11 20:00:00-04:00,2024-07-22,1032.12,Germany
4295,369,hotel,,56,2025-10-25 20:00:00-04:00,2025-12-02,687.36,Canada
4296,871,flight,155,,2026-01-25 19:00:00-05:00,2026-05-03,1032.12,Germany
4297,716,hotel,,35,2025-05-24 20:00:00-04:00,2025-09-09,1311.24,Japan
4298,580,hotel,,11,2026-06-20 20:00:00-04:00,2026-07-31,574.56,United Kingdom
4299,890,flight,196,,2024-08-27 20:00:00-04:00,2024-10-04,1018.90,Australia
4300,168,hotel,,48,2025-09-10 20:00:00-04:00,2025-11-05,1246.15,United States
4301,170,hotel,,41,2025-07-03 20:00:00-04:00,2025-08-10,1611.00,Canada
4302,739,hotel,,12,2026-09-22 20:00:00-04:00,2026-10-18,490.74,United Arab Emirates
4303,245,flight,25,,2025-06-14 20:00:00-04:00,2025-09-03,300.39,Canada
4304,258,flight,158,,2025-12-03 19:00:00-05:00,2026-02-03,1033.88,Japan
4305,194,flight,72,,2026-05-16 20:00:00-04:00,2026-07-29,825.57,France
4306,301,flight,127,,2024-12-13 19:00:00-05:00,2025-01-28,690.02,United States
4307,676,flight,135,,2026-01-22 19:00:00-05:00,2026-04-15,811.73,Canada
4308,153,flight,85,,2026-04-01 20:00:00-04:00,2026-06-09,887.20,United States
4309,840,hotel,,69,2026-02-19 19:00:00-05:00,2026-04-10,2696.58,United Arab Emirates
4310,130,hotel,,83,2025-11-03 19:00:00-05:00,2026-01-06,3868.48,Mexico
4311,583,flight,57,,2024-07-09 20:00:00-04:00,2024-09-25,925.47,United States
4312,128,flight,101,,2024-07-22 20:00:00-04:00,2024-10-29,749.17,Australia
4313,808,hotel,,40,2025-03-06 19:00:00-05:00,2025-04-10,1197.57,Japan
4314,793,hotel,,39,2025-01-01 19:00:00-05:00,2025-04-11,1455.15,United States
4315,505,hotel,,56,2026-10-24 20:00:00-04:00,2026-12-30,687.36,Canada
4316,962,flight,186,,2024-09-30 20:00:00-04:00,2025-01-29,819.50,Australia
4317,519,flight,77,,2025-01-31 19:00:00-05:00,2025-03-31,619.42,Canada
4318,748,hotel,,114,2025-04-26 20:00:00-04:00,2025-08-14,493.08,France
4319,213,hotel,,97,2024-11-16 19:00:00-05:00,2024-12-24,90.09,Italy
4320,344,hotel,,129,2025-04-06 20:00:00-04:00,2025-07-02,2274.60,Italy
4321,139,hotel,,10,2024-07-23 20:00:00-04:00,2024-11-01,3750.88,United Kingdom
4322,811,hotel,,127,2025-10-12 20:00:00-04:00,2025-11-05,1580.60,Australia
4323,19,hotel,,94,2026-02-26 19:00:00-05:00,2026-06-14,4714.29,United States
4324,172,hotel,,36,2024-10-28 20:00:00-04:00,2024-12-28,1050.30,Italy
4325,583,flight,41,,2024-11-03 19:00:00-05:00,2025-02-25,1070.37,United States
4326,15,flight,104,,2025-05-28 20:00:00-04:00,2025-09-03,359.90,France
4327,196,hotel,,104,2025-05-21 20:00:00-04:00,2025-09-14,2416.70,France
4328,969,hotel,,147,2026-01-04 19:00:00-05:00,2026-02-17,4523.44,Australia
4329,274,hotel,,54,2025-01-13 19:00:00-05:00,2025-03-24,996.26,Japan
4330,536,flight,198,,2026-07-15 20:00:00-04:00,2026-10-20,979.03,Canada
4331,585,hotel,,139,2024-10-26 20:00:00-04:00,2025-02-18,2541.45,United States
4332,863,flight,181,,2026-02-20 19:00:00-05:00,2026-05-15,858.99,Canada
4333,519,hotel,,81,2024-07-29 20:00:00-04:00,2024-10-20,901.56,Australia
4334,15,hotel,,54,2025-11-24 19:00:00-05:00,2026-03-01,1494.39,Japan
4335,844,hotel,,56,2026-03-23 20:00:00-04:00,2026-05-07,515.52,Canada
4336,135,flight,98,,2025-03-01 19:00:00-05:00,2025-04-10,370.20,Italy
4337,104,flight,184,,2024-10-04 20:00:00-04:00,2024-11-01,191.15,Mexico
4338,562,flight,27,,2025-06-27 20:00:00-04:00,2025-10-23,624.66,France
4339,338,hotel,,59,2026-06-05 20:00:00-04:00,2026-07-26,2515.95,France
4340,17,flight,47,,2026-11-09 19:00:00-05:00,2026-11-26,589.77,United Kingdom
4341,702,hotel,,42,2026-03-05 19:00:00-05:00,2026-06-15,1005.66,Australia
4342,932,flight,181,,2026-11-30 19:00:00-05:00,2027-02-13,858.99,Canada
4343,938,hotel,,45,2025-02-27 19:00:00-05:00,2025-04-14,854.19,Mexico
4344,350,hotel,,130,2024-11-02 20:00:00-04:00,2025-02-13,3825.44,Italy
4345,66,flight,116,,2024-12-01 19:00:00-05:00,2025-01-04,497.09,France
4346,539,hotel,,140,2024-11-30 19:00:00-05:00,2025-01-19,2309.20,Mexico
4347,70,hotel,,99,2024-11-20 19:00:00-05:00,2024-12-04,290.04,Germany
4348,749,flight,66,,2026-05-07 20:00:00-04:00,2026-08-15,657.23,United Kingdom
4349,590,hotel,,120,2025-12-19 19:00:00-05:00,2026-02-04,2009.90,United Kingdom
4350,614,hotel,,84,2025-08-24 20:00:00-04:00,2025-09-04,4486.05,Australia
4351,439,hotel,,146,2026-06-25 20:00:00-04:00,2026-08-06,2397.08,United Kingdom
4352,198,flight,159,,2025-07-20 20:00:00-04:00,2025-11-14,920.22,Germany
4353,879,hotel,,102,2025-07-05 20:00:00-04:00,2025-08-07,642.24,Canada
4354,52,flight,37,,2025-07-31 20:00:00-04:00,2025-11-28,1195.95,United Arab Emirates
4355,428,flight,34,,2025-03-12 20:00:00-04:00,2025-05-10,552.73,Japan
4356,8,flight,92,,2025-03-09 20:00:00-04:00,2025-04-27,657.08,Australia
4357,923,hotel,,130,2025-06-22 20:00:00-04:00,2025-09-25,3347.26,Italy
4358,974,hotel,,134,2026-03-17 20:00:00-04:00,2026-05-27,2326.73,Italy
4359,331,hotel,,127,2024-10-26 20:00:00-04:00,2025-02-24,1896.72,Australia
4360,103,flight,111,,2024-08-27 20:00:00-04:00,2024-11-03,1107.06,Italy
4361,282,flight,99,,2024-08-14 20:00:00-04:00,2024-08-28,1180.40,United Kingdom
4362,537,hotel,,107,2026-03-13 20:00:00-04:00,2026-05-26,1876.68,United States
4363,877,flight,15,,2025-08-31 20:00:00-04:00,2025-12-04,1101.85,Canada
4364,366,flight,91,,2025-07-27 20:00:00-04:00,2025-09-21,706.88,France
4365,262,hotel,,45,2026-04-10 20:00:00-04:00,2026-05-07,1423.65,Mexico
4366,883,hotel,,132,2024-07-01 20:00:00-04:00,2024-07-17,3520.60,Japan
4367,627,hotel,,37,2024-10-23 20:00:00-04:00,2024-10-31,808.52,Canada
4368,207,hotel,,5,2025-12-26 19:00:00-05:00,2026-02-26,3769.38,United Kingdom
4369,795,flight,121,,2024-11-18 19:00:00-05:00,2025-03-11,516.87,Japan
4370,889,flight,6,,2025-11-22 19:00:00-05:00,2026-01-26,763.71,United States
4371,982,flight,12,,2025-07-01 20:00:00-04:00,2025-08-02,1197.34,Canada
4372,904,hotel,,55,2025-05-03 20:00:00-04:00,2025-05-30,1402.56,United States
4373,659,hotel,,12,2024-03-31 20:00:00-04:00,2024-04-30,981.48,United Arab Emirates
4374,749,flight,189,,2026-02-15 19:00:00-05:00,2026-05-12,1011.48,Australia
4375,548,flight,199,,2025-03-10 20:00:00-04:00,2025-06-03,252.60,Australia
4376,894,hotel,,69,2026-02-14 19:00:00-05:00,2026-03-21,4494.30,United Arab Emirates
4377,13,hotel,,122,2025-01-31 19:00:00-05:00,2025-02-16,2103.60,United States
4378,497,hotel,,70,2024-08-24 20:00:00-04:00,2024-12-17,2916.66,Germany
4379,157,hotel,,93,2025-02-04 19:00:00-05:00,2025-03-10,1596.21,Italy
4380,625,hotel,,77,2025-07-18 20:00:00-04:00,2025-07-27,1445.22,Japan
4381,937,flight,91,,2025-09-23 20:00:00-04:00,2025-10-27,706.88,France
4382,772,hotel,,77,2025-01-20 19:00:00-05:00,2025-03-31,2167.83,Japan
4383,998,flight,128,,2025-07-10 20:00:00-04:00,2025-08-28,461.26,France
4384,656,flight,174,,2026-03-03 19:00:00-05:00,2026-04-12,533.56,United States
4385,20,hotel,,141,2025-07-28 20:00:00-04:00,2025-11-19,579.51,Japan
4386,144,hotel,,65,2025-01-26 19:00:00-05:00,2025-02-24,1390.80,Canada
4387,151,flight,91,,2025-07-18 20:00:00-04:00,2025-08-06,706.88,France
4388,934,flight,72,,2024-09-16 20:00:00-04:00,2024-11-29,825.57,France
4389,626,flight,80,,2026-04-09 20:00:00-04:00,2026-05-11,740.45,Mexico
4390,158,flight,145,,2025-06-30 20:00:00-04:00,2025-07-20,372.32,United States
4391,762,hotel,,121,2026-07-03 20:00:00-04:00,2026-09-07,455.50,Canada
4392,546,hotel,,94,2024-12-12 19:00:00-05:00,2025-02-04,1047.62,United States
4393,673,hotel,,109,2024-04-25 20:00:00-04:00,2024-07-07,1629.35,Mexico
4394,931,flight,129,,2025-11-12 19:00:00-05:00,2025-11-20,325.76,Japan
4395,535,flight,165,,2025-04-06 20:00:00-04:00,2025-05-24,677.28,United States
4396,533,hotel,,71,2026-02-05 19:00:00-05:00,2026-04-19,590.54,Australia
4397,585,hotel,,57,2024-03-27 20:00:00-04:00,2024-05-05,1465.11,United Kingdom
4398,995,hotel,,93,2024-05-20 20:00:00-04:00,2024-08-30,2052.27,Italy
4399,386,hotel,,108,2025-08-25 20:00:00-04:00,2025-10-30,3698.96,Italy
4400,300,flight,114,,2024-03-28 20:00:00-04:00,2024-07-22,275.32,Mexico
4401,198,flight,47,,2026-01-31 19:00:00-05:00,2026-03-31,589.77,United Kingdom
4402,864,flight,175,,2026-10-05 20:00:00-04:00,2027-01-03,1171.31,United States
4403,89,hotel,,136,2026-01-19 19:00:00-05:00,2026-05-10,389.56,France
4404,480,flight,38,,2025-03-17 20:00:00-04:00,2025-07-02,1145.49,United Kingdom
4405,908,hotel,,88,2025-02-26 19:00:00-05:00,2025-06-19,2358.00,Canada
4406,320,hotel,,6,2025-03-09 20:00:00-04:00,2025-05-26,2615.41,Germany
4407,951,flight,118,,2025-05-03 20:00:00-04:00,2025-05-28,979.40,Canada
4408,743,flight,122,,2024-10-28 20:00:00-04:00,2025-01-27,528.84,United Arab Emirates
4409,122,hotel,,149,2025-06-17 20:00:00-04:00,2025-08-28,396.37,United States
4410,156,flight,174,,2025-05-18 20:00:00-04:00,2025-07-25,533.56,United States
4411,848,flight,196,,2024-01-20 19:00:00-05:00,2024-04-27,1018.90,Australia
4412,439,hotel,,139,2025-12-27 19:00:00-05:00,2026-04-25,4066.32,United States
4413,57,hotel,,149,2026-06-17 20:00:00-04:00,2026-08-21,2378.22,United States
4414,721,hotel,,114,2024-06-26 20:00:00-04:00,2024-09-22,3451.56,France
4415,509,hotel,,135,2026-05-10 20:00:00-04:00,2026-06-12,844.24,France
4416,839,flight,54,,2025-08-08 20:00:00-04:00,2025-11-19,1100.02,Japan
4417,474,flight,17,,2025-10-01 20:00:00-04:00,2025-12-22,644.32,Japan
4418,329,hotel,,143,2026-07-07 20:00:00-04:00,2026-07-22,3764.10,Italy
4419,310,hotel,,100,2026-07-03 20:00:00-04:00,2026-09-26,380.70,France
4420,415,flight,141,,2026-08-07 20:00:00-04:00,2026-09-17,986.61,United States
4421,525,hotel,,135,2024-11-15 19:00:00-05:00,2024-12-19,422.12,France
4422,882,flight,123,,2026-01-05 19:00:00-05:00,2026-04-10,648.60,Mexico
4423,409,flight,152,,2024-08-04 20:00:00-04:00,2024-09-11,623.18,Canada
4424,409,flight,162,,2024-08-19 20:00:00-04:00,2024-09-10,423.65,Australia
4425,806,flight,86,,2026-03-22 20:00:00-04:00,2026-07-16,262.31,United States
4426,756,flight,140,,2025-02-24 19:00:00-05:00,2025-06-24,647.69,France
4427,103,flight,139,,2025-02-03 19:00:00-05:00,2025-05-04,445.59,Japan
4428,536,hotel,,26,2026-08-19 20:00:00-04:00,2026-12-05,3089.16,United Kingdom
4429,786,flight,126,,2024-10-23 20:00:00-04:00,2025-01-22,717.25,Germany
4430,8,hotel,,10,2025-02-21 19:00:00-05:00,2025-05-31,937.72,United Kingdom
4431,49,hotel,,57,2026-06-20 20:00:00-04:00,2026-07-14,3906.96,United Kingdom
4432,799,flight,37,,2025-01-19 19:00:00-05:00,2025-04-08,1195.95,United Arab Emirates
4433,397,flight,181,,2026-06-25 20:00:00-04:00,2026-08-07,858.99,Canada
4434,524,hotel,,117,2026-10-03 20:00:00-04:00,2026-11-18,209.34,United States
4435,249,hotel,,126,2025-05-31 20:00:00-04:00,2025-07-31,1882.08,Japan
4436,472,hotel,,58,2026-11-27 19:00:00-05:00,2027-03-15,1148.68,Germany
4437,347,hotel,,4,2026-10-22 20:00:00-04:00,2026-12-26,2340.80,Italy
4438,453,flight,44,,2025-06-02 20:00:00-04:00,2025-09-16,279.77,United States
4439,861,flight,85,,2026-04-08 20:00:00-04:00,2026-05-27,887.20,United States
4440,349,flight,197,,2025-06-16 20:00:00-04:00,2025-10-10,1068.57,United States
4441,326,hotel,,92,2026-03-10 20:00:00-04:00,2026-03-22,650.25,United States
4442,660,flight,159,,2024-12-09 19:00:00-05:00,2025-02-16,920.22,Germany
4443,618,flight,182,,2025-06-29 20:00:00-04:00,2025-08-11,829.62,United Kingdom
4444,842,hotel,,80,2026-07-11 20:00:00-04:00,2026-07-24,1937.64,United Arab Emirates
4445,522,flight,80,,2024-10-25 20:00:00-04:00,2024-11-11,740.45,Mexico
4446,66,hotel,,27,2025-06-01 20:00:00-04:00,2025-06-15,770.34,Mexico
4447,959,flight,83,,2025-08-22 20:00:00-04:00,2025-12-09,252.31,Japan
4448,872,flight,138,,2025-06-29 20:00:00-04:00,2025-08-27,1124.45,United States
4449,455,flight,193,,2025-11-23 19:00:00-05:00,2026-02-19,1017.84,United States
4450,403,flight,164,,2024-04-14 20:00:00-04:00,2024-07-05,637.94,United Kingdom
4451,449,hotel,,138,2025-10-17 20:00:00-04:00,2025-12-21,267.68,Canada
4452,895,flight,78,,2026-03-27 20:00:00-04:00,2026-06-24,573.61,Japan
4453,824,hotel,,132,2026-02-02 19:00:00-05:00,2026-04-05,1760.30,Japan
4454,270,hotel,,76,2026-05-15 20:00:00-04:00,2026-08-04,134.04,Mexico
4455,937,flight,110,,2025-09-02 20:00:00-04:00,2025-12-11,930.85,France
4456,977,hotel,,111,2024-04-23 20:00:00-04:00,2024-05-09,846.88,Australia
4457,961,flight,123,,2026-05-16 20:00:00-04:00,2026-07-03,648.60,Mexico
4458,224,hotel,,54,2026-04-28 20:00:00-04:00,2026-07-29,996.26,Japan
4459,364,hotel,,42,2024-12-31 19:00:00-05:00,2025-03-06,3352.20,Australia
4460,932,flight,60,,2027-01-06 19:00:00-05:00,2027-03-11,1005.71,United States
4461,107,hotel,,54,2026-12-12 19:00:00-05:00,2027-03-29,498.13,Japan
4462,140,flight,95,,2025-02-25 19:00:00-05:00,2025-05-15,437.28,Italy
4463,944,hotel,,59,2025-02-26 19:00:00-05:00,2025-03-26,2012.76,France
4464,180,hotel,,96,2025-01-12 19:00:00-05:00,2025-03-09,888.50,Canada
4465,564,hotel,,66,2026-12-13 19:00:00-05:00,2027-03-25,4783.41,Canada
4466,254,hotel,,120,2026-05-15 20:00:00-04:00,2026-05-26,803.96,United Kingdom
4467,308,hotel,,121,2025-08-25 20:00:00-04:00,2025-12-19,455.50,Canada
4468,399,flight,191,,2025-09-24 20:00:00-04:00,2025-11-15,222.29,Australia
4469,648,hotel,,22,2026-03-13 20:00:00-04:00,2026-04-26,3705.60,Mexico
4470,275,flight,114,,2025-06-06 20:00:00-04:00,2025-06-22,275.32,Mexico
4471,4,hotel,,43,2025-06-06 20:00:00-04:00,2025-07-04,940.18,United States
4472,526,flight,142,,2026-08-08 20:00:00-04:00,2026-10-27,861.15,Germany
4473,74,hotel,,77,2025-09-24 20:00:00-04:00,2025-10-31,1204.35,Japan
4474,684,hotel,,15,2025-06-19 20:00:00-04:00,2025-09-24,4567.40,Japan
4475,262,flight,116,,2027-02-05 19:00:00-05:00,2027-04-16,497.09,France
4476,295,flight,185,,2024-11-28 19:00:00-05:00,2025-02-19,421.17,United Kingdom
4477,881,flight,74,,2024-11-10 19:00:00-05:00,2025-01-08,402.94,United Arab Emirates
4478,681,flight,8,,2024-11-10 19:00:00-05:00,2025-02-24,655.83,Japan
4479,832,flight,163,,2025-01-10 19:00:00-05:00,2025-05-07,562.12,United States
4480,357,flight,166,,2025-12-18 19:00:00-05:00,2026-03-28,945.07,United Kingdom
4481,600,hotel,,48,2026-03-24 20:00:00-04:00,2026-07-14,498.46,United States
4482,572,flight,116,,2026-01-28 19:00:00-05:00,2026-03-25,497.09,France
4483,471,flight,97,,2026-01-24 19:00:00-05:00,2026-05-07,897.47,United Arab Emirates
4484,426,hotel,,1,2025-03-24 20:00:00-04:00,2025-04-10,1173.33,Japan
4485,321,hotel,,45,2025-05-07 20:00:00-04:00,2025-06-19,284.73,Mexico
4486,138,flight,179,,2025-08-06 20:00:00-04:00,2025-11-09,315.23,United Kingdom
4487,226,hotel,,140,2026-07-01 20:00:00-04:00,2026-09-22,461.84,Mexico
4488,75,flight,142,,2026-05-07 20:00:00-04:00,2026-07-08,861.15,Germany
4489,227,hotel,,5,2024-12-07 19:00:00-05:00,2025-01-29,837.64,United Kingdom
4490,486,hotel,,84,2025-03-13 20:00:00-04:00,2025-03-30,1495.35,Australia
4491,651,hotel,,104,2025-01-01 19:00:00-05:00,2025-04-23,966.68,France
4492,281,hotel,,43,2024-11-01 20:00:00-04:00,2025-01-26,1880.36,United States
4493,252,hotel,,78,2026-04-05 20:00:00-04:00,2026-06-10,2840.39,Germany
4494,930,hotel,,79,2026-04-17 20:00:00-04:00,2026-08-15,284.58,Mexico
4495,890,hotel,,141,2024-04-11 20:00:00-04:00,2024-05-03,4056.57,Japan
4496,253,hotel,,56,2025-07-02 20:00:00-04:00,2025-08-27,343.68,Canada
4497,582,hotel,,86,2026-09-09 20:00:00-04:00,2026-11-04,480.30,Germany
4498,597,flight,125,,2025-11-27 19:00:00-05:00,2025-12-28,1156.84,Italy
4499,702,hotel,,68,2026-02-02 19:00:00-05:00,2026-05-29,517.38,Japan
4500,306,flight,141,,2024-09-10 20:00:00-04:00,2024-10-15,986.61,United States
4501,332,flight,86,,2025-06-14 20:00:00-04:00,2025-09-25,262.31,United States
4502,352,flight,70,,2025-05-05 20:00:00-04:00,2025-08-27,604.49,Japan
4503,799,hotel,,141,2025-03-08 19:00:00-05:00,2025-04-17,4056.57,Japan
4504,493,flight,138,,2025-09-12 20:00:00-04:00,2025-11-27,1124.45,United States
4505,235,flight,194,,2025-10-24 20:00:00-04:00,2025-12-31,1096.69,Canada
4506,247,flight,93,,2024-02-04 19:00:00-05:00,2024-03-15,332.33,Australia
4507,283,hotel,,96,2027-02-02 19:00:00-05:00,2027-02-20,3554.00,Canada
4508,300,flight,24,,2024-04-23 20:00:00-04:00,2024-06-15,1191.97,United Kingdom
4509,118,hotel,,118,2026-02-12 19:00:00-05:00,2026-05-31,5076.36,Japan
4510,530,hotel,,82,2026-07-27 20:00:00-04:00,2026-11-17,1632.56,Australia
4511,66,flight,75,,2025-09-14 20:00:00-04:00,2025-09-23,728.02,Italy
4512,15,hotel,,113,2025-06-18 20:00:00-04:00,2025-07-27,3272.88,Japan
4513,667,hotel,,132,2026-06-25 20:00:00-04:00,2026-07-15,1408.24,Japan
4514,54,hotel,,16,2025-11-03 19:00:00-05:00,2025-11-17,900.08,Mexico
4515,741,hotel,,80,2024-10-13 20:00:00-04:00,2024-10-31,1291.76,United Arab Emirates
4516,597,flight,17,,2025-06-19 20:00:00-04:00,2025-07-08,644.32,Japan
4517,257,flight,137,,2025-11-18 19:00:00-05:00,2026-01-26,943.76,Japan
4518,423,flight,4,,2026-04-30 20:00:00-04:00,2026-05-21,595.00,Germany
4519,498,flight,25,,2025-05-24 20:00:00-04:00,2025-07-29,300.39,Canada
4520,47,hotel,,82,2026-02-23 19:00:00-05:00,2026-05-09,2856.98,Australia
4521,309,flight,117,,2025-09-25 20:00:00-04:00,2026-01-08,776.72,United Arab Emirates
4522,860,flight,141,,2026-09-25 20:00:00-04:00,2026-12-24,986.61,United States
4523,668,flight,110,,2024-06-19 20:00:00-04:00,2024-10-15,930.85,France
4524,842,flight,185,,2026-07-02 20:00:00-04:00,2026-10-21,421.17,United Kingdom
4525,74,hotel,,51,2025-12-17 19:00:00-05:00,2026-01-16,444.37,Italy
4526,414,flight,50,,2024-07-14 20:00:00-04:00,2024-08-14,460.12,United States
4527,56,flight,86,,2026-09-29 20:00:00-04:00,2026-12-01,262.31,United States
4528,663,hotel,,84,2025-02-20 19:00:00-05:00,2025-03-02,1495.35,Australia
4529,173,hotel,,75,2025-04-22 20:00:00-04:00,2025-05-12,281.13,Australia
4530,28,hotel,,10,2026-09-08 20:00:00-04:00,2026-11-16,937.72,United Kingdom
4531,323,flight,190,,2026-03-15 20:00:00-04:00,2026-05-02,326.11,Germany
4532,603,flight,103,,2025-03-09 20:00:00-04:00,2025-03-29,261.79,Mexico
4533,435,flight,190,,2025-06-21 20:00:00-04:00,2025-10-15,326.11,Germany
4534,532,flight,35,,2025-03-14 20:00:00-04:00,2025-04-08,1015.04,Japan
4535,285,flight,60,,2024-02-19 19:00:00-05:00,2024-04-07,1005.71,United States
4536,890,flight,46,,2024-06-18 20:00:00-04:00,2024-09-19,845.61,Japan
4537,49,hotel,,8,2026-03-05 19:00:00-05:00,2026-03-30,741.46,United Kingdom
4538,984,flight,195,,2024-12-13 19:00:00-05:00,2025-01-04,940.00,Mexico
4539,213,hotel,,54,2025-07-21 20:00:00-04:00,2025-09-06,1992.52,Japan
4540,590,flight,165,,2025-09-03 20:00:00-04:00,2025-10-10,677.28,United States
4541,179,hotel,,97,2025-07-20 20:00:00-04:00,2025-10-02,180.18,Italy
4542,816,flight,188,,2024-11-29 19:00:00-05:00,2025-01-07,380.33,United Kingdom
4543,613,hotel,,106,2025-06-10 20:00:00-04:00,2025-10-02,717.10,United States
4544,342,flight,48,,2025-09-20 20:00:00-04:00,2025-11-05,446.84,Japan
4545,513,hotel,,77,2025-05-19 20:00:00-04:00,2025-09-02,2408.70,Japan
4546,454,hotel,,68,2024-07-24 20:00:00-04:00,2024-08-23,2586.90,Japan
4547,525,hotel,,69,2024-11-24 19:00:00-05:00,2024-12-26,1348.29,United Arab Emirates
4548,764,flight,64,,2026-01-21 19:00:00-05:00,2026-03-15,656.81,Australia
4549,448,hotel,,122,2026-08-25 20:00:00-04:00,2026-11-26,841.44,United States
4550,284,hotel,,121,2026-01-01 19:00:00-05:00,2026-03-29,364.40,Canada
4551,365,hotel,,46,2024-10-08 20:00:00-04:00,2024-11-27,3101.63,Canada
4552,983,hotel,,86,2025-04-08 20:00:00-04:00,2025-07-29,800.50,Germany
4553,868,flight,196,,2025-01-07 19:00:00-05:00,2025-03-18,1018.90,Australia
4554,919,hotel,,64,2024-09-17 20:00:00-04:00,2024-11-11,3870.54,United States
4555,63,hotel,,27,2026-09-10 20:00:00-04:00,2026-10-26,1283.90,Mexico
4556,485,hotel,,104,2026-04-19 20:00:00-04:00,2026-05-28,4833.40,France
4557,715,hotel,,114,2025-02-17 19:00:00-05:00,2025-04-02,2465.40,France
4558,946,hotel,,82,2025-01-24 19:00:00-05:00,2025-05-04,1632.56,Australia
4559,347,flight,179,,2026-08-17 20:00:00-04:00,2026-11-07,315.23,United Kingdom
4560,706,hotel,,148,2025-07-13 20:00:00-04:00,2025-10-26,4673.88,Australia
4561,910,hotel,,75,2026-05-30 20:00:00-04:00,2026-06-26,374.84,Australia
4562,899,hotel,,39,2026-03-25 20:00:00-04:00,2026-06-16,2425.25,United States
4563,106,hotel,,41,2025-10-12 20:00:00-04:00,2025-10-30,3222.00,Canada
4564,885,hotel,,141,2025-10-30 20:00:00-04:00,2026-02-10,2318.04,Japan
4565,332,hotel,,74,2025-07-01 20:00:00-04:00,2025-10-01,3969.91,Japan
4566,562,hotel,,110,2025-04-06 20:00:00-04:00,2025-07-18,1628.68,United Arab Emirates
4567,685,flight,26,,2026-07-04 20:00:00-04:00,2026-10-20,499.26,Canada
4568,403,flight,121,,2024-08-24 20:00:00-04:00,2024-11-12,516.87,Japan
4569,605,flight,193,,2025-07-28 20:00:00-04:00,2025-10-21,1017.84,United States
4570,911,flight,91,,2025-08-31 20:00:00-04:00,2025-09-20,706.88,France
4571,882,flight,22,,2026-12-07 19:00:00-05:00,2027-02-17,645.83,Japan
4572,104,hotel,,51,2025-05-04 20:00:00-04:00,2025-08-03,3554.96,Italy
4573,91,flight,128,,2025-02-11 19:00:00-05:00,2025-02-21,461.26,France
4574,826,flight,98,,2024-11-06 19:00:00-05:00,2024-11-30,370.20,Italy
4575,61,hotel,,2,2025-03-05 19:00:00-05:00,2025-04-03,165.68,Germany
4576,281,hotel,,5,2025-06-22 20:00:00-04:00,2025-09-08,3769.38,United Kingdom
4577,918,flight,71,,2025-06-19 20:00:00-04:00,2025-09-28,306.09,United States
4578,588,flight,32,,2026-02-07 19:00:00-05:00,2026-03-03,168.81,Italy
4579,293,hotel,,77,2025-05-18 20:00:00-04:00,2025-08-09,1926.96,Japan
4580,407,flight,72,,2025-04-25 20:00:00-04:00,2025-07-24,825.57,France
4581,859,flight,163,,2026-02-09 19:00:00-05:00,2026-06-03,562.12,United States
4582,169,hotel,,89,2026-08-22 20:00:00-04:00,2026-10-06,3460.24,Germany
4583,211,flight,118,,2026-05-20 20:00:00-04:00,2026-06-10,979.40,Canada
4584,143,hotel,,102,2025-07-11 20:00:00-04:00,2025-08-15,3211.20,Canada
4585,269,flight,47,,2026-11-04 19:00:00-05:00,2026-11-26,589.77,United Kingdom
4586,658,hotel,,75,2026-05-08 20:00:00-04:00,2026-07-04,937.10,Australia
4587,472,flight,116,,2027-01-18 19:00:00-05:00,2027-03-19,497.09,France
4588,689,flight,141,,2025-05-03 20:00:00-04:00,2025-08-06,986.61,United States
4589,230,flight,154,,2025-07-31 20:00:00-04:00,2025-09-05,327.07,United States
4590,114,flight,28,,2024-02-23 19:00:00-05:00,2024-04-20,952.71,Australia
4591,174,hotel,,30,2025-10-23 20:00:00-04:00,2025-11-03,3041.01,United Arab Emirates
4592,795,flight,70,,2025-03-26 20:00:00-04:00,2025-06-19,604.49,Japan
4593,749,flight,58,,2025-06-25 20:00:00-04:00,2025-07-27,1044.60,France
4594,238,hotel,,122,2026-02-22 19:00:00-05:00,2026-03-29,1472.52,United States
4595,854,hotel,,53,2025-01-23 19:00:00-05:00,2025-05-13,2946.10,Australia
4596,547,flight,145,,2025-07-25 20:00:00-04:00,2025-08-07,372.32,United States
4597,559,hotel,,16,2025-03-24 20:00:00-04:00,2025-07-03,900.08,Mexico
4598,886,hotel,,56,2024-12-21 19:00:00-05:00,2025-03-15,171.84,Canada
4599,76,hotel,,27,2026-05-05 20:00:00-04:00,2026-05-24,1797.46,Mexico
4600,11,hotel,,22,2025-11-13 19:00:00-05:00,2026-02-12,463.20,Mexico
4601,49,hotel,,10,2026-07-25 20:00:00-04:00,2026-08-22,1406.58,United Kingdom
4602,543,hotel,,104,2025-12-04 19:00:00-05:00,2025-12-27,4350.06,France
4603,34,flight,11,,2026-02-19 19:00:00-05:00,2026-05-15,843.56,United States
4604,253,hotel,,52,2025-07-10 20:00:00-04:00,2025-08-02,1127.05,United States
4605,514,hotel,,67,2025-11-11 19:00:00-05:00,2026-01-28,1564.29,United States
4606,62,flight,20,,2026-04-09 20:00:00-04:00,2026-05-12,423.59,United States
4607,436,flight,145,,2025-04-24 20:00:00-04:00,2025-07-02,372.32,United States
4608,688,flight,152,,2026-05-06 20:00:00-04:00,2026-08-29,623.18,Canada
4609,103,flight,16,,2025-01-22 19:00:00-05:00,2025-03-19,1032.67,United Kingdom
4610,82,hotel,,23,2024-11-11 19:00:00-05:00,2024-12-01,3660.72,Japan
4611,119,flight,181,,2025-09-27 20:00:00-04:00,2026-01-13,858.99,Canada
4612,101,hotel,,78,2024-12-13 19:00:00-05:00,2025-01-07,3246.16,Germany
4613,686,flight,143,,2025-03-11 20:00:00-04:00,2025-05-24,298.44,Australia
4614,823,flight,31,,2025-04-16 20:00:00-04:00,2025-05-05,1147.57,United States
4615,136,hotel,,82,2026-10-02 20:00:00-04:00,2026-11-17,1224.42,Australia
4616,931,hotel,,55,2026-07-23 20:00:00-04:00,2026-08-09,1090.88,United States
4617,488,hotel,,76,2025-09-19 20:00:00-04:00,2025-11-14,938.28,Mexico
4618,193,flight,21,,2025-09-08 20:00:00-04:00,2025-11-25,206.36,Canada
4619,39,hotel,,29,2025-10-15 20:00:00-04:00,2026-01-09,2609.95,Canada
4620,126,hotel,,39,2025-09-04 20:00:00-04:00,2025-10-13,970.10,United States
4621,357,hotel,,61,2025-03-23 20:00:00-04:00,2025-04-09,742.76,United States
4622,943,hotel,,14,2025-05-09 20:00:00-04:00,2025-06-28,1517.67,Japan
4623,612,hotel,,100,2026-11-02 19:00:00-05:00,2026-12-03,253.80,France
4624,417,hotel,,43,2025-05-06 20:00:00-04:00,2025-06-26,2820.54,United States
4625,180,hotel,,1,2025-05-05 20:00:00-04:00,2025-05-22,1173.33,Japan
4626,649,hotel,,17,2026-06-01 20:00:00-04:00,2026-08-10,2466.16,United Kingdom
4627,598,hotel,,92,2026-04-05 20:00:00-04:00,2026-06-19,1517.25,United States
4628,400,hotel,,57,2026-07-19 20:00:00-04:00,2026-10-07,488.37,United Kingdom
4629,32,hotel,,88,2026-01-21 19:00:00-05:00,2026-04-14,1650.60,Canada
4630,463,hotel,,54,2025-06-06 20:00:00-04:00,2025-08-04,2988.78,Japan
4631,373,hotel,,48,2025-11-07 19:00:00-05:00,2026-03-04,1993.84,United States
4632,654,flight,100,,2025-04-28 20:00:00-04:00,2025-05-25,895.87,United Arab Emirates
4633,414,flight,104,,2025-05-17 20:00:00-04:00,2025-07-10,359.90,France
4634,376,flight,3,,2025-11-05 19:00:00-05:00,2025-12-31,384.96,France
4635,488,flight,22,,2025-12-16 19:00:00-05:00,2025-12-29,645.83,Japan
4636,302,hotel,,57,2025-03-10 20:00:00-04:00,2025-07-03,488.37,United Kingdom
4637,839,hotel,,108,2025-09-06 20:00:00-04:00,2025-12-05,1387.11,Italy
4638,267,flight,114,,2025-02-18 19:00:00-05:00,2025-05-02,275.32,Mexico
4639,797,flight,164,,2025-10-28 20:00:00-04:00,2025-11-05,637.94,United Kingdom
4640,833,hotel,,16,2026-05-07 20:00:00-04:00,2026-07-23,2250.20,Mexico
4641,996,flight,138,,2026-05-05 20:00:00-04:00,2026-05-30,1124.45,United States
4642,145,flight,44,,2025-10-26 20:00:00-04:00,2025-12-25,279.77,United States
4643,197,flight,169,,2024-07-09 20:00:00-04:00,2024-08-30,216.00,Italy
4644,166,flight,142,,2026-05-31 20:00:00-04:00,2026-06-26,861.15,Germany
4645,152,flight,40,,2026-02-11 19:00:00-05:00,2026-05-01,679.87,Australia
4646,291,flight,121,,2024-12-16 19:00:00-05:00,2025-01-28,516.87,Japan
4647,335,flight,92,,2025-10-13 20:00:00-04:00,2025-11-14,657.08,Australia
4648,621,hotel,,70,2025-09-15 20:00:00-04:00,2025-09-23,972.22,Germany
4649,40,hotel,,30,2025-06-28 20:00:00-04:00,2025-09-21,1737.72,United Arab Emirates
4650,382,flight,64,,2027-02-11 19:00:00-05:00,2027-03-05,656.81,Australia
4651,356,flight,82,,2025-09-04 20:00:00-04:00,2025-10-06,902.49,Canada
4652,991,hotel,,136,2025-09-01 20:00:00-04:00,2025-09-30,1947.80,France
4653,135,flight,31,,2024-12-12 19:00:00-05:00,2025-01-26,1147.57,United States
4654,655,hotel,,11,2026-08-08 20:00:00-04:00,2026-10-26,1915.20,United Kingdom
4655,778,hotel,,8,2025-08-21 20:00:00-04:00,2025-09-28,1112.19,United Kingdom
4656,949,flight,77,,2024-12-06 19:00:00-05:00,2024-12-17,619.42,Canada
4657,105,hotel,,63,2025-08-19 20:00:00-04:00,2025-10-08,2946.35,Italy
4658,80,hotel,,131,2025-10-01 20:00:00-04:00,2026-01-17,586.20,Germany
4659,953,hotel,,143,2024-12-23 19:00:00-05:00,2025-03-01,2634.87,Italy
4660,820,hotel,,33,2026-03-18 20:00:00-04:00,2026-06-27,3999.87,United States
4661,38,flight,131,,2025-08-17 20:00:00-04:00,2025-11-15,365.86,Japan
4662,691,flight,57,,2025-09-01 20:00:00-04:00,2025-10-28,925.47,United States
4663,775,hotel,,7,2025-09-04 20:00:00-04:00,2025-11-22,1179.52,United States
4664,476,flight,25,,2025-10-23 20:00:00-04:00,2025-11-18,300.39,Canada
4665,228,hotel,,104,2025-03-31 20:00:00-04:00,2025-05-08,4833.40,France
4666,590,flight,85,,2025-11-07 19:00:00-05:00,2026-02-27,887.20,United States
4667,566,hotel,,96,2024-10-04 20:00:00-04:00,2024-12-14,4442.50,Canada
4668,586,hotel,,6,2027-02-01 19:00:00-05:00,2027-05-18,3362.67,Germany
4669,778,hotel,,1,2025-03-01 19:00:00-05:00,2025-05-21,2737.77,Japan
4670,618,hotel,,13,2025-07-25 20:00:00-04:00,2025-10-22,1626.35,Japan
4671,368,flight,140,,2024-12-10 19:00:00-05:00,2025-03-05,647.69,France
4672,440,flight,187,,2025-09-23 20:00:00-04:00,2025-10-09,786.85,Canada
4673,50,hotel,,118,2026-03-25 20:00:00-04:00,2026-05-25,2256.16,Japan
4674,240,hotel,,114,2025-01-03 19:00:00-05:00,2025-02-27,493.08,France
4675,85,hotel,,114,2025-12-29 19:00:00-05:00,2026-01-24,3451.56,France
4676,96,flight,144,,2024-09-12 20:00:00-04:00,2024-12-13,714.01,United States
4677,71,hotel,,15,2026-04-22 20:00:00-04:00,2026-07-09,1370.22,Japan
4678,367,flight,132,,2025-01-02 19:00:00-05:00,2025-01-12,174.94,United Kingdom
4679,288,flight,103,,2025-09-10 20:00:00-04:00,2025-12-19,261.79,Mexico
4680,631,flight,102,,2026-09-11 20:00:00-04:00,2026-12-06,1071.35,Germany
4681,303,hotel,,128,2026-06-16 20:00:00-04:00,2026-08-21,1206.78,United Kingdom
4682,331,flight,173,,2025-01-23 19:00:00-05:00,2025-03-08,757.56,Germany
4683,189,flight,45,,2026-04-14 20:00:00-04:00,2026-05-24,879.95,Italy
4684,218,hotel,,9,2026-05-20 20:00:00-04:00,2026-05-28,1901.90,Germany
4685,82,hotel,,79,2025-03-08 19:00:00-05:00,2025-04-01,189.72,Mexico
4686,738,hotel,,102,2024-08-07 20:00:00-04:00,2024-09-15,3211.20,Canada
4687,111,hotel,,81,2025-09-17 20:00:00-04:00,2025-11-07,1202.08,Australia
4688,289,flight,128,,2024-12-29 19:00:00-05:00,2025-01-28,461.26,France
4689,577,hotel,,72,2024-05-23 20:00:00-04:00,2024-06-20,1375.32,France
4690,378,hotel,,55,2025-11-21 19:00:00-05:00,2025-12-29,623.36,United States
4691,673,flight,87,,2025-02-02 19:00:00-05:00,2025-05-22,1126.73,Japan
4692,692,hotel,,57,2025-04-29 20:00:00-04:00,2025-05-30,976.74,United Kingdom
4693,330,flight,58,,2026-06-05 20:00:00-04:00,2026-08-01,1044.60,France
4694,48,hotel,,36,2024-12-21 19:00:00-05:00,2025-04-14,1750.50,Italy
4695,446,hotel,,24,2025-04-20 20:00:00-04:00,2025-08-18,1581.36,United States
4696,162,flight,41,,2025-03-27 20:00:00-04:00,2025-05-11,1070.37,United States
4697,615,flight,78,,2024-10-21 20:00:00-04:00,2024-11-01,573.61,Japan
4698,90,hotel,,46,2024-10-15 20:00:00-04:00,2024-12-31,886.18,Canada
4699,368,flight,104,,2025-01-15 19:00:00-05:00,2025-02-14,359.90,France
4700,392,flight,2,,2026-01-25 19:00:00-05:00,2026-05-22,647.80,France
4701,406,flight,91,,2025-05-11 20:00:00-04:00,2025-08-31,706.88,France
4702,770,flight,60,,2025-07-14 20:00:00-04:00,2025-08-06,1005.71,United States
4703,601,flight,78,,2026-05-02 20:00:00-04:00,2026-05-15,573.61,Japan
4704,545,hotel,,39,2024-09-07 20:00:00-04:00,2024-10-08,485.05,United States
4705,429,flight,13,,2025-01-05 19:00:00-05:00,2025-03-28,923.57,United States
4706,109,flight,55,,2025-03-22 20:00:00-04:00,2025-04-30,637.49,Germany
4707,383,flight,125,,2026-04-07 20:00:00-04:00,2026-07-01,1156.84,Italy
4708,87,flight,166,,2026-01-30 19:00:00-05:00,2026-02-14,945.07,United Kingdom
4709,23,flight,166,,2026-07-30 20:00:00-04:00,2026-10-20,945.07,United Kingdom
4710,350,hotel,,38,2024-04-30 20:00:00-04:00,2024-06-25,597.57,Germany
4711,862,hotel,,72,2025-09-02 20:00:00-04:00,2025-12-10,3667.52,France
4712,66,hotel,,80,2025-03-27 20:00:00-04:00,2025-06-19,322.94,United Arab Emirates
4713,745,hotel,,37,2025-11-24 19:00:00-05:00,2026-02-19,808.52,Canada
4714,1,hotel,,56,2025-03-01 19:00:00-05:00,2025-06-10,515.52,Canada
4715,761,flight,167,,2025-06-21 20:00:00-04:00,2025-08-17,744.68,United Kingdom
4716,643,hotel,,137,2025-03-07 19:00:00-05:00,2025-06-23,841.98,France
4717,292,hotel,,113,2026-07-21 20:00:00-04:00,2026-09-04,2045.55,Japan
4718,858,flight,190,,2026-03-14 20:00:00-04:00,2026-03-23,326.11,Germany
4719,122,hotel,,27,2025-01-29 19:00:00-05:00,2025-03-03,513.56,Mexico
4720,687,hotel,,108,2024-11-27 19:00:00-05:00,2025-01-28,3236.59,Italy
4721,349,flight,169,,2024-12-26 19:00:00-05:00,2025-01-25,216.00,Italy
4722,483,hotel,,7,2024-12-26 19:00:00-05:00,2025-01-19,2948.80,United States
4723,164,flight,83,,2025-08-03 20:00:00-04:00,2025-11-01,252.31,Japan
4724,489,flight,19,,2024-10-22 20:00:00-04:00,2025-01-22,523.05,Italy
4725,817,flight,63,,2025-10-06 20:00:00-04:00,2025-10-30,1180.65,France
4726,71,flight,161,,2026-01-12 19:00:00-05:00,2026-03-22,575.39,Australia
4727,561,hotel,,123,2025-11-13 19:00:00-05:00,2026-01-09,2594.83,Canada
4728,210,hotel,,39,2026-03-11 20:00:00-04:00,2026-04-05,1940.20,United States
4729,701,hotel,,92,2025-04-30 20:00:00-04:00,2025-07-16,2167.50,United States
4730,160,flight,163,,2025-03-03 19:00:00-05:00,2025-04-28,562.12,United States
4731,530,hotel,,95,2026-08-26 20:00:00-04:00,2026-11-07,961.73,United Kingdom
4732,226,hotel,,74,2025-10-02 20:00:00-04:00,2025-10-20,1701.39,Japan
4733,621,hotel,,11,2025-12-06 19:00:00-05:00,2025-12-16,191.52,United Kingdom
4734,962,flight,87,,2024-10-20 20:00:00-04:00,2025-02-11,1126.73,Japan
4735,792,flight,138,,2026-02-25 19:00:00-05:00,2026-06-09,1124.45,United States
4736,579,flight,179,,2026-02-25 19:00:00-05:00,2026-06-02,315.23,United Kingdom
4737,75,flight,112,,2025-12-07 19:00:00-05:00,2026-01-17,925.37,Australia
4738,353,hotel,,54,2025-07-25 20:00:00-04:00,2025-10-19,1494.39,Japan
4739,995,hotel,,67,2025-02-03 19:00:00-05:00,2025-05-13,1042.86,United States
4740,503,flight,106,,2026-12-21 19:00:00-05:00,2027-03-02,526.62,France
4741,351,flight,135,,2024-07-23 20:00:00-04:00,2024-08-26,811.73,Canada
4742,143,flight,200,,2025-08-23 20:00:00-04:00,2025-09-12,1105.59,Italy
4743,282,flight,91,,2025-02-25 19:00:00-05:00,2025-06-15,706.88,France
4744,168,hotel,,48,2025-08-07 20:00:00-04:00,2025-09-21,1744.61,United States
4745,456,flight,37,,2024-08-12 20:00:00-04:00,2024-08-28,1195.95,United Arab Emirates
4746,500,flight,89,,2025-12-07 19:00:00-05:00,2026-01-24,1122.96,France
4747,226,flight,94,,2026-04-28 20:00:00-04:00,2026-08-20,679.32,United Arab Emirates
4748,689,hotel,,99,2025-03-14 20:00:00-04:00,2025-06-26,1450.20,Germany
4749,481,hotel,,113,2024-07-26 20:00:00-04:00,2024-10-09,3681.99,Japan
4750,301,hotel,,72,2024-11-16 19:00:00-05:00,2024-12-15,4584.40,France
4751,295,hotel,,79,2024-11-24 19:00:00-05:00,2024-12-04,664.02,Mexico
4752,641,flight,106,,2026-07-28 20:00:00-04:00,2026-08-05,526.62,France
4753,593,flight,84,,2026-06-28 20:00:00-04:00,2026-08-28,1021.38,United States
4754,393,hotel,,14,2025-02-10 19:00:00-05:00,2025-03-08,1517.67,Japan
4755,785,flight,107,,2026-10-12 20:00:00-04:00,2027-02-09,1058.08,Australia
4756,729,hotel,,60,2025-06-14 20:00:00-04:00,2025-09-06,2803.14,Japan
4757,720,flight,150,,2026-10-19 20:00:00-04:00,2026-12-22,1149.12,Canada
4758,797,flight,69,,2026-03-06 19:00:00-05:00,2026-06-09,385.18,Australia
4759,888,flight,148,,2025-03-22 20:00:00-04:00,2025-04-15,634.33,Australia
4760,113,hotel,,96,2025-02-20 19:00:00-05:00,2025-06-19,444.25,Canada
4761,191,flight,127,,2024-08-10 20:00:00-04:00,2024-09-24,690.02,United States
4762,473,flight,127,,2025-12-26 19:00:00-05:00,2026-02-16,690.02,United States
4763,741,hotel,,30,2024-08-20 20:00:00-04:00,2024-10-14,3909.87,United Arab Emirates
4764,299,flight,53,,2025-10-13 20:00:00-04:00,2025-10-24,306.60,Canada
4765,236,flight,116,,2025-08-31 20:00:00-04:00,2025-10-15,497.09,France
4766,569,flight,114,,2025-09-02 20:00:00-04:00,2025-10-04,275.32,Mexico
4767,661,flight,146,,2026-09-26 20:00:00-04:00,2026-10-11,381.83,United Kingdom
4768,716,hotel,,102,2025-07-17 20:00:00-04:00,2025-08-02,2568.96,Canada
4769,410,hotel,,51,2024-04-18 20:00:00-04:00,2024-06-15,3110.59,Italy
4770,646,flight,134,,2027-02-10 19:00:00-05:00,2027-03-07,1012.70,Australia
4771,437,flight,18,,2025-09-30 20:00:00-04:00,2025-10-22,1144.27,United Kingdom
4772,142,flight,13,,2024-10-31 20:00:00-04:00,2025-02-21,923.57,United States
4773,913,hotel,,33,2026-05-11 20:00:00-04:00,2026-06-22,3111.01,United States
4774,837,hotel,,53,2026-11-01 19:00:00-05:00,2026-12-05,2356.88,Australia
4775,434,hotel,,98,2025-05-12 20:00:00-04:00,2025-08-01,176.69,Australia
4776,970,flight,155,,2026-09-21 20:00:00-04:00,2026-12-07,1032.12,Germany
4777,416,hotel,,53,2026-12-31 19:00:00-05:00,2027-01-18,4124.54,Australia
4778,9,hotel,,65,2025-03-01 19:00:00-05:00,2025-06-03,2781.60,Canada
4779,940,hotel,,35,2025-12-12 19:00:00-05:00,2026-04-11,327.81,Japan
4780,576,hotel,,146,2026-05-19 20:00:00-04:00,2026-07-01,342.44,United Kingdom
4781,117,flight,160,,2024-07-19 20:00:00-04:00,2024-08-29,1042.07,France
4782,379,flight,96,,2025-07-03 20:00:00-04:00,2025-08-07,782.65,United States
4783,52,flight,85,,2024-11-19 19:00:00-05:00,2024-12-10,887.20,United States
4784,299,hotel,,89,2025-04-18 20:00:00-04:00,2025-06-25,4448.88,Germany
4785,733,flight,13,,2024-10-27 20:00:00-04:00,2025-02-24,923.57,United States
4786,222,flight,164,,2026-02-02 19:00:00-05:00,2026-03-14,637.94,United Kingdom
4787,70,flight,70,,2024-07-20 20:00:00-04:00,2024-08-04,604.49,Japan
4788,248,flight,99,,2026-02-17 19:00:00-05:00,2026-04-17,1180.40,United Kingdom
4789,916,hotel,,55,2024-03-16 20:00:00-04:00,2024-06-19,935.04,United States
4790,196,flight,166,,2024-11-18 19:00:00-05:00,2025-01-30,945.07,United Kingdom
4791,223,hotel,,82,2026-04-27 20:00:00-04:00,2026-07-02,2448.84,Australia
4792,518,flight,160,,2024-09-19 20:00:00-04:00,2024-10-02,1042.07,France
4793,655,flight,133,,2026-01-22 19:00:00-05:00,2026-03-22,206.98,Japan
4794,954,hotel,,115,2024-10-04 20:00:00-04:00,2024-11-17,169.28,United States
4795,499,hotel,,10,2024-12-26 19:00:00-05:00,2025-02-05,937.72,United Kingdom
4796,986,flight,119,,2026-04-19 20:00:00-04:00,2026-08-18,701.66,United Arab Emirates
4797,810,flight,135,,2024-12-18 19:00:00-05:00,2025-03-13,811.73,Canada
4798,711,flight,27,,2026-07-01 20:00:00-04:00,2026-10-06,624.66,France
4799,447,flight,133,,2024-05-02 20:00:00-04:00,2024-06-25,206.98,Japan
4800,951,hotel,,133,2025-08-08 20:00:00-04:00,2025-11-26,1210.23,France
4801,116,flight,121,,2026-08-28 20:00:00-04:00,2026-11-17,516.87,Japan
4802,847,hotel,,149,2024-11-24 19:00:00-05:00,2025-01-16,3567.33,United States
4803,207,flight,17,,2025-06-17 20:00:00-04:00,2025-08-16,644.32,Japan
4804,488,flight,8,,2025-06-24 20:00:00-04:00,2025-10-20,655.83,Japan
4805,341,flight,66,,2025-04-29 20:00:00-04:00,2025-05-31,657.23,United Kingdom
4806,366,flight,109,,2025-10-24 20:00:00-04:00,2025-12-15,556.93,United States
4807,336,hotel,,140,2025-03-04 19:00:00-05:00,2025-03-31,2771.04,Mexico
4808,253,hotel,,149,2025-08-28 20:00:00-04:00,2025-10-06,3963.70,United States
4809,789,flight,100,,2025-07-04 20:00:00-04:00,2025-08-01,895.87,United Arab Emirates
4810,410,flight,199,,2024-05-30 20:00:00-04:00,2024-08-05,252.60,Australia
4811,718,hotel,,12,2026-01-03 19:00:00-05:00,2026-03-23,327.16,United Arab Emirates
4812,698,hotel,,69,2026-01-04 19:00:00-05:00,2026-04-26,3146.01,United Arab Emirates
4813,439,hotel,,54,2026-06-15 20:00:00-04:00,2026-10-12,498.13,Japan
4814,835,flight,132,,2025-03-22 20:00:00-04:00,2025-04-18,174.94,United Kingdom
4815,350,flight,119,,2024-05-30 20:00:00-04:00,2024-09-20,701.66,United Arab Emirates
4816,184,hotel,,144,2025-11-26 19:00:00-05:00,2026-01-28,1871.92,Australia
4817,262,hotel,,95,2026-03-22 20:00:00-04:00,2026-06-19,137.39,United Kingdom
4818,169,hotel,,133,2025-10-31 20:00:00-04:00,2026-02-27,1037.34,France
4819,967,hotel,,62,2025-11-07 19:00:00-05:00,2025-11-28,294.12,United States
4820,824,hotel,,138,2025-11-09 19:00:00-05:00,2025-11-17,2676.80,Canada
4821,947,hotel,,3,2025-02-06 19:00:00-05:00,2025-06-07,2802.24,Australia
4822,784,flight,184,,2026-01-15 19:00:00-05:00,2026-05-13,191.15,Mexico
4823,865,flight,122,,2024-12-18 19:00:00-05:00,2025-04-06,528.84,United Arab Emirates
4824,481,hotel,,129,2024-05-13 20:00:00-04:00,2024-06-05,2274.60,Italy
4825,144,hotel,,124,2025-04-01 20:00:00-04:00,2025-07-06,3264.12,Italy
4826,944,hotel,,16,2024-07-14 20:00:00-04:00,2024-07-22,450.04,Mexico
4827,454,flight,13,,2024-10-04 20:00:00-04:00,2024-10-21,923.57,United States
4828,848,flight,50,,2024-05-23 20:00:00-04:00,2024-06-18,460.12,United States
4829,303,hotel,,14,2026-09-20 20:00:00-04:00,2026-10-25,1300.86,Japan
4830,757,hotel,,115,2026-09-30 20:00:00-04:00,2026-12-31,677.12,United States
4831,97,hotel,,149,2024-04-10 20:00:00-04:00,2024-07-13,3963.70,United States
4832,647,hotel,,94,2025-12-19 19:00:00-05:00,2026-02-13,5238.10,United States
4833,445,hotel,,117,2025-11-15 19:00:00-05:00,2026-01-13,1465.38,United States
4834,304,flight,186,,2026-03-21 20:00:00-04:00,2026-06-15,819.50,Australia
4835,698,hotel,,61,2025-12-27 19:00:00-05:00,2026-04-23,1485.52,United States
4836,295,hotel,,94,2024-10-02 20:00:00-04:00,2024-10-12,1571.43,United States
4837,166,hotel,,98,2026-04-14 20:00:00-04:00,2026-07-17,1060.14,Australia
4838,201,hotel,,47,2025-10-28 20:00:00-04:00,2025-11-30,258.45,United Arab Emirates
4839,858,flight,195,,2026-05-22 20:00:00-04:00,2026-06-08,940.00,Mexico
4840,265,flight,4,,2025-02-22 19:00:00-05:00,2025-05-31,595.00,Germany
4841,470,flight,73,,2024-08-03 20:00:00-04:00,2024-11-07,1062.89,Canada
4842,490,flight,196,,2026-08-06 20:00:00-04:00,2026-08-20,1018.90,Australia
4843,117,hotel,,30,2025-01-13 19:00:00-05:00,2025-05-01,868.86,United Arab Emirates
4844,930,hotel,,25,2025-09-26 20:00:00-04:00,2026-01-07,378.95,Canada
4845,71,hotel,,39,2026-06-23 20:00:00-04:00,2026-10-15,3395.35,United States
4846,10,flight,35,,2024-10-28 20:00:00-04:00,2024-11-09,1015.04,Japan
4847,411,hotel,,54,2026-04-04 20:00:00-04:00,2026-06-24,2490.65,Japan
4848,865,hotel,,117,2024-10-04 20:00:00-04:00,2024-12-27,1884.06,United States
4849,941,flight,74,,2024-05-25 20:00:00-04:00,2024-07-12,402.94,United Arab Emirates
4850,520,flight,23,,2025-10-22 20:00:00-04:00,2025-12-31,463.27,Mexico
4851,615,flight,147,,2024-10-09 20:00:00-04:00,2024-11-22,854.53,United Kingdom
4852,413,hotel,,65,2025-04-01 20:00:00-04:00,2025-04-20,1947.12,Canada
4853,249,hotel,,73,2026-03-29 20:00:00-04:00,2026-05-25,667.16,Japan
4854,832,flight,54,,2024-06-18 20:00:00-04:00,2024-10-16,1100.02,Japan
4855,94,hotel,,105,2025-03-06 19:00:00-05:00,2025-03-31,1221.01,Australia
4856,374,flight,80,,2025-08-04 20:00:00-04:00,2025-08-30,740.45,Mexico
4857,403,hotel,,43,2024-08-08 20:00:00-04:00,2024-12-03,3760.72,United States
4858,686,flight,11,,2025-05-16 20:00:00-04:00,2025-05-24,843.56,United States
4859,831,flight,189,,2025-03-07 19:00:00-05:00,2025-07-05,1011.48,Australia
4860,692,flight,101,,2024-11-07 19:00:00-05:00,2025-01-23,749.17,Australia
4861,681,flight,171,,2024-09-12 20:00:00-04:00,2024-10-28,1075.63,Canada
4862,765,hotel,,23,2024-02-08 19:00:00-05:00,2024-03-27,4575.90,Japan
4863,25,hotel,,37,2025-01-29 19:00:00-05:00,2025-03-04,1617.04,Canada
4864,899,flight,52,,2026-02-06 19:00:00-05:00,2026-05-08,163.39,France
4865,748,flight,186,,2026-03-08 20:00:00-04:00,2026-06-13,819.50,Australia
4866,203,flight,168,,2024-08-25 20:00:00-04:00,2024-10-25,1136.13,Canada
4867,932,flight,183,,2026-08-15 20:00:00-04:00,2026-11-07,284.28,France
4868,781,flight,15,,2024-05-14 20:00:00-04:00,2024-06-02,1101.85,Canada
4869,59,flight,135,,2026-04-29 20:00:00-04:00,2026-05-13,811.73,Canada
4870,841,flight,114,,2026-03-10 20:00:00-04:00,2026-05-27,275.32,Mexico
4871,534,flight,80,,2024-05-20 20:00:00-04:00,2024-09-08,740.45,Mexico
4872,875,flight,165,,2024-06-12 20:00:00-04:00,2024-08-26,677.28,United States
4873,972,flight,72,,2025-07-30 20:00:00-04:00,2025-11-04,825.57,France
4874,67,hotel,,47,2026-10-22 20:00:00-04:00,2027-02-19,861.50,United Arab Emirates
4875,700,flight,59,,2025-02-16 19:00:00-05:00,2025-05-29,1152.84,Canada
4876,51,hotel,,114,2025-01-27 19:00:00-05:00,2025-03-04,3451.56,France
4877,435,flight,107,,2025-07-10 20:00:00-04:00,2025-10-24,1058.08,Australia
4878,404,flight,7,,2025-08-31 20:00:00-04:00,2025-11-29,829.71,Australia
4879,525,flight,173,,2024-06-29 20:00:00-04:00,2024-07-24,757.56,Germany
4880,651,hotel,,90,2025-05-06 20:00:00-04:00,2025-05-22,5387.20,Italy
4881,311,hotel,,118,2025-08-28 20:00:00-04:00,2025-10-07,564.04,Japan
4882,893,hotel,,23,2024-06-11 20:00:00-04:00,2024-06-28,457.59,Japan
4883,358,flight,190,,2025-04-05 20:00:00-04:00,2025-07-21,326.11,Germany
4884,251,flight,128,,2025-05-20 20:00:00-04:00,2025-07-22,461.26,France
4885,953,flight,159,,2025-06-03 20:00:00-04:00,2025-08-07,920.22,Germany
4886,516,hotel,,143,2024-08-02 20:00:00-04:00,2024-08-22,3764.10,Italy
4887,128,hotel,,109,2024-09-30 20:00:00-04:00,2025-01-01,3258.70,Mexico
4888,239,hotel,,92,2026-02-10 19:00:00-05:00,2026-05-22,216.75,United States
4889,776,flight,125,,2025-02-21 19:00:00-05:00,2025-06-12,1156.84,Italy
4890,438,hotel,,26,2026-05-13 20:00:00-04:00,2026-09-08,3089.16,United Kingdom
4891,508,hotel,,33,2025-05-26 20:00:00-04:00,2025-09-22,3999.87,United States
4892,556,flight,111,,2026-07-18 20:00:00-04:00,2026-08-25,1107.06,Italy
4893,558,hotel,,102,2025-12-04 19:00:00-05:00,2025-12-23,963.36,Canada
4894,471,hotel,,41,2025-06-19 20:00:00-04:00,2025-09-10,1208.25,Canada
4895,436,hotel,,132,2024-12-11 19:00:00-05:00,2025-02-13,3168.54,Japan
4896,12,flight,102,,2026-05-21 20:00:00-04:00,2026-08-19,1071.35,Germany
4897,88,hotel,,48,2026-02-23 19:00:00-05:00,2026-03-24,2243.07,United States
4898,939,flight,149,,2025-08-18 20:00:00-04:00,2025-10-02,413.22,Japan
4899,598,flight,138,,2025-12-22 19:00:00-05:00,2026-03-12,1124.45,United States
4900,109,flight,160,,2024-10-09 20:00:00-04:00,2024-11-29,1042.07,France
4901,489,hotel,,112,2024-11-21 19:00:00-05:00,2024-12-18,3249.06,Italy
4902,998,hotel,,7,2025-04-02 20:00:00-04:00,2025-05-17,2653.92,United States
4903,859,flight,190,,2026-01-29 19:00:00-05:00,2026-03-25,326.11,Germany
4904,545,flight,19,,2025-02-13 19:00:00-05:00,2025-02-24,523.05,Italy
4905,941,hotel,,113,2024-04-06 20:00:00-04:00,2024-07-21,818.22,Japan
4906,914,hotel,,142,2026-01-18 19:00:00-05:00,2026-03-28,3564.60,Japan
4907,193,flight,91,,2025-07-19 20:00:00-04:00,2025-10-10,706.88,France
4908,889,hotel,,24,2026-04-18 20:00:00-04:00,2026-08-06,1779.03,United States
4909,546,hotel,,30,2024-06-01 20:00:00-04:00,2024-08-30,2172.15,United Arab Emirates
4910,539,hotel,,93,2024-11-21 19:00:00-05:00,2024-12-06,228.03,Italy
4911,5,flight,153,,2026-03-09 20:00:00-04:00,2026-04-20,310.01,Australia
4912,721,flight,144,,2025-02-12 19:00:00-05:00,2025-04-18,714.01,United States
4913,856,hotel,,119,2025-04-11 20:00:00-04:00,2025-07-09,415.18,France
4914,642,flight,199,,2025-10-29 20:00:00-04:00,2025-11-08,252.60,Australia
4915,145,flight,27,,2025-03-08 19:00:00-05:00,2025-03-31,624.66,France
4916,749,flight,4,,2025-11-05 19:00:00-05:00,2026-02-02,595.00,Germany
4917,66,hotel,,127,2025-08-13 20:00:00-04:00,2025-08-25,1580.60,Australia
4918,176,flight,165,,2026-01-25 19:00:00-05:00,2026-04-27,677.28,United States
4919,616,hotel,,42,2025-07-03 20:00:00-04:00,2025-08-03,1340.88,Australia
4920,872,flight,54,,2025-10-14 20:00:00-04:00,2026-01-07,1100.02,Japan
4921,841,flight,5,,2026-12-26 19:00:00-05:00,2027-03-15,414.60,Canada
4922,394,flight,128,,2024-03-01 19:00:00-05:00,2024-03-10,461.26,France
4923,655,flight,67,,2025-12-11 19:00:00-05:00,2026-01-05,198.27,Canada
4924,805,flight,182,,2025-07-01 20:00:00-04:00,2025-09-30,829.62,United Kingdom
4925,434,flight,147,,2024-10-11 20:00:00-04:00,2025-01-16,854.53,United Kingdom
4926,463,hotel,,74,2024-11-01 20:00:00-04:00,2025-01-08,567.13,Japan
4927,715,hotel,,24,2025-08-08 20:00:00-04:00,2025-12-07,988.35,United States
4928,313,hotel,,95,2025-07-30 20:00:00-04:00,2025-10-22,961.73,United Kingdom
4929,695,hotel,,98,2025-05-13 20:00:00-04:00,2025-05-27,1590.21,Australia
4930,925,hotel,,78,2026-02-08 19:00:00-05:00,2026-04-03,2028.85,Germany
4931,963,hotel,,85,2025-10-21 20:00:00-04:00,2025-11-30,588.70,Germany
4932,288,hotel,,141,2025-12-09 19:00:00-05:00,2026-02-09,5215.59,Japan
4933,679,hotel,,132,2024-09-13 20:00:00-04:00,2025-01-10,1408.24,Japan
4934,683,hotel,,76,2026-04-18 20:00:00-04:00,2026-05-21,1206.36,Mexico
4935,760,flight,168,,2026-08-29 20:00:00-04:00,2026-10-21,1136.13,Canada
4936,561,hotel,,107,2026-09-19 20:00:00-04:00,2026-10-17,1668.16,United States
4937,222,hotel,,77,2026-03-28 20:00:00-04:00,2026-07-20,2167.83,Japan
4938,321,flight,170,,2025-03-23 20:00:00-04:00,2025-04-03,693.78,Italy
4939,831,hotel,,135,2024-11-17 19:00:00-05:00,2025-01-10,3376.96,France
4940,5,hotel,,105,2026-02-27 19:00:00-05:00,2026-03-27,1744.30,Australia
4941,575,flight,167,,2026-07-05 20:00:00-04:00,2026-10-27,744.68,United Kingdom
4942,258,hotel,,111,2026-03-04 19:00:00-05:00,2026-07-01,2117.20,Australia
4943,708,hotel,,92,2026-01-11 19:00:00-05:00,2026-01-23,216.75,United States
4944,782,hotel,,16,2025-05-06 20:00:00-04:00,2025-08-24,2700.24,Mexico
4945,739,flight,137,,2026-08-25 20:00:00-04:00,2026-09-24,943.76,Japan
4946,276,hotel,,3,2025-06-29 20:00:00-04:00,2025-07-28,350.28,Australia
4947,469,flight,195,,2025-05-29 20:00:00-04:00,2025-06-28,940.00,Mexico
4948,618,flight,179,,2025-07-25 20:00:00-04:00,2025-08-07,315.23,United Kingdom
4949,479,hotel,,126,2026-04-15 20:00:00-04:00,2026-07-26,941.04,Japan
4950,865,hotel,,89,2024-08-31 20:00:00-04:00,2024-11-28,494.32,Germany
4951,248,flight,36,,2025-09-24 20:00:00-04:00,2025-11-24,776.19,Mexico
4952,344,hotel,,10,2025-03-07 19:00:00-05:00,2025-04-29,1406.58,United Kingdom
4953,706,flight,6,,2025-10-09 20:00:00-04:00,2025-11-29,763.71,United States
4954,674,flight,80,,2025-11-03 19:00:00-05:00,2025-11-23,740.45,Mexico
4955,215,hotel,,17,2026-01-25 19:00:00-05:00,2026-05-26,924.81,United Kingdom
4956,931,hotel,,60,2026-06-02 20:00:00-04:00,2026-07-13,1868.76,Japan
4957,769,hotel,,85,2025-11-22 19:00:00-05:00,2026-03-19,1177.40,Germany
4958,81,flight,62,,2025-07-28 20:00:00-04:00,2025-08-23,989.89,Canada
4959,673,hotel,,71,2025-01-10 19:00:00-05:00,2025-01-21,885.81,Australia
4960,411,hotel,,118,2025-09-24 20:00:00-04:00,2026-01-23,2820.20,Japan
4961,153,hotel,,47,2026-04-02 20:00:00-04:00,2026-05-28,516.90,United Arab Emirates
4962,114,flight,127,,2024-09-25 20:00:00-04:00,2024-11-18,690.02,United States
4963,229,flight,174,,2026-09-19 20:00:00-04:00,2026-12-27,533.56,United States
4964,359,hotel,,21,2026-04-22 20:00:00-04:00,2026-06-12,1454.15,United States
4965,648,hotel,,21,2025-06-28 20:00:00-04:00,2025-10-16,2908.30,United States
4966,238,hotel,,123,2025-11-23 19:00:00-05:00,2025-12-11,1853.45,Canada
4967,353,hotel,,57,2025-06-21 20:00:00-04:00,2025-10-03,3906.96,United Kingdom
4968,716,flight,122,,2025-09-06 20:00:00-04:00,2025-10-01,528.84,United Arab Emirates
4969,191,flight,52,,2024-11-30 19:00:00-05:00,2025-02-04,163.39,France
4970,254,hotel,,25,2026-03-05 19:00:00-05:00,2026-05-01,1136.85,Canada
4971,867,flight,122,,2025-04-30 20:00:00-04:00,2025-06-17,528.84,United Arab Emirates
4972,384,hotel,,109,2025-06-18 20:00:00-04:00,2025-10-01,1629.35,Mexico
4973,905,flight,109,,2024-09-28 20:00:00-04:00,2025-01-10,556.93,United States
4974,30,hotel,,131,2025-10-20 20:00:00-04:00,2025-11-12,2344.80,Germany
4975,402,flight,160,,2025-11-08 19:00:00-05:00,2026-01-30,1042.07,France
4976,956,flight,60,,2025-05-02 20:00:00-04:00,2025-07-22,1005.71,United States
4977,86,hotel,,61,2024-09-16 20:00:00-04:00,2024-09-26,3713.80,United States
4978,613,hotel,,127,2025-01-27 19:00:00-05:00,2025-03-31,316.12,Australia
4979,319,hotel,,85,2024-03-09 19:00:00-05:00,2024-06-16,2943.50,Germany
4980,842,flight,181,,2026-05-02 20:00:00-04:00,2026-08-04,858.99,Canada
4981,741,hotel,,26,2025-01-22 19:00:00-05:00,2025-02-28,1029.72,United Kingdom
4982,976,flight,59,,2026-07-07 20:00:00-04:00,2026-10-23,1152.84,Canada
4983,848,flight,89,,2024-06-07 20:00:00-04:00,2024-08-18,1122.96,France
4984,871,flight,167,,2026-01-08 19:00:00-05:00,2026-02-22,744.68,United Kingdom
4985,156,flight,156,,2025-04-06 20:00:00-04:00,2025-05-31,635.99,Canada
4986,836,flight,94,,2024-09-17 20:00:00-04:00,2024-11-02,679.32,United Arab Emirates
4987,48,flight,185,,2025-09-20 20:00:00-04:00,2025-10-20,421.17,United Kingdom
4988,244,flight,34,,2024-09-30 20:00:00-04:00,2024-11-09,552.73,Japan
4989,483,hotel,,97,2025-05-30 20:00:00-04:00,2025-08-02,720.72,Italy
4990,190,flight,85,,2025-06-03 20:00:00-04:00,2025-09-10,887.20,United States
4991,300,flight,67,,2024-07-02 20:00:00-04:00,2024-09-28,198.27,Canada
4992,199,flight,182,,2026-07-07 20:00:00-04:00,2026-10-31,829.62,United Kingdom
4993,208,hotel,,96,2025-03-14 20:00:00-04:00,2025-05-16,1777.00,Canada
4994,938,flight,168,,2024-07-07 20:00:00-04:00,2024-10-10,1136.13,Canada
4995,877,flight,124,,2026-03-10 20:00:00-04:00,2026-05-31,852.39,Japan
4996,496,flight,28,,2025-02-06 19:00:00-05:00,2025-05-07,952.71,Australia
4997,329,flight,175,,2026-03-29 20:00:00-04:00,2026-04-24,1171.31,United States
4998,599,flight,155,,2025-05-11 20:00:00-04:00,2025-07-17,1032.12,Germany
4999,130,hotel,,17,2026-03-27 20:00:00-04:00,2026-07-16,2466.16,United Kingdom
5000,219,flight,110,,2026-08-22 20:00:00-04:00,2026-09-13,930.85,France
